date,usd_fix
1968-01-31,1.96
1968-02-29,2.084
1968-03-29,2.278
1968-04-30,2.397
1968-05-31,2.483
1968-06-28,2.502
1968-07-31,2.285
1968-08-30,2.239
1968-09-30,2.171
1968-10-31,1.933
1968-11-29,1.968
1968-12-31,1.947
1969-01-31,2.001
1969-02-28,1.825
1969-03-31,1.825
1969-04-30,1.776
1969-05-30,1.772
1969-06-30,1.564
1969-07-31,1.629
1969-08-29,1.674
1969-09-30,1.876
1969-10-31,1.947
1969-11-28,1.887
1969-12-31,1.791
1970-01-30,1.912
1970-02-27,1.899
1970-03-31,1.878
1970-04-30,1.724
1970-05-29,1.631
1970-06-30,1.607
1970-07-31,1.768
1970-08-28,1.837
1970-09-30,1.701
1970-10-30,1.783
1970-11-30,1.653
1970-12-31,1.633
1971-01-29,1.593
1971-02-26,1.587
1971-03-31,1.686
1971-04-30,1.689
1971-05-28,1.601
1971-06-30,1.575
1971-07-30,1.592
1971-08-31,1.502
1971-09-30,1.376
1971-10-29,1.307
1971-11-30,1.332
1971-12-31,1.371
1972-01-31,1.499
1972-02-29,1.47
1972-03-30,1.562
1972-04-28,1.571
1972-05-31,1.55
1972-06-30,1.562
1972-07-31,1.828
1972-08-31,1.908
1972-09-29,1.739
1972-10-31,1.798
1972-11-30,1.852
1972-12-29,2.031
1973-01-31,2.011
1973-02-28,2.43
1973-03-30,2.197
1973-04-30,2.147
1973-05-31,2.551
1973-06-29,2.666
1973-07-31,2.76
1973-08-31,2.596
1973-09-28,2.697
1973-10-31,2.835
1973-11-30,2.924
1973-12-31,3.256
1974-01-31,3.867
1974-02-28,5.685
1974-03-29,5.348
1974-04-30,5.617
1974-05-31,4.92
1974-06-28,4.613
1974-07-31,4.789
1974-08-30,4.116
1974-09-30,4.245
1974-10-31,4.859
1974-11-29,4.455
1974-12-31,4.473
1975-01-31,4.15
1975-02-28,4.424
1975-03-27,4.278
1975-04-30,4.426
1975-05-30,4.53
1975-06-30,4.571
1975-07-31,5.003
1975-08-29,4.634
1975-09-30,4.441
1975-10-31,4.186
1975-11-28,4.226
1975-12-31,4.179
1976-01-30,4.01
1976-02-27,4.162
1976-03-31,4.106
1976-04-30,4.43
1976-05-28,4.62
1976-06-30,4.833
1976-07-30,4.543
1976-08-31,4.105
1976-09-30,4.39
1976-10-29,4.271
1976-11-30,4.28
1976-12-31,4.355
1977-01-31,4.446
1977-02-28,4.733
1977-03-31,4.829
1977-04-29,4.713
1977-05-31,4.561
1977-06-30,4.507
1977-07-29,4.52
1977-08-31,4.448
1977-09-30,4.645
1977-10-31,4.852
1977-11-30,4.742
1977-12-30,4.756
1978-01-31,4.95
1978-02-28,4.969
1978-03-31,5.345
1978-04-28,4.998
1978-05-31,5.466
1978-06-30,5.277
1978-07-31,5.573
1978-08-31,5.531
1978-09-29,5.668
1978-10-31,6.264
1978-11-30,5.908
1978-12-29,6.021
1979-01-31,6.711
1979-02-28,7.689
1979-03-30,7.453
1979-04-30,7.651
1979-05-31,8.772
1979-06-29,8.536
1979-07-31,9.083
1979-08-31,10.32
1979-09-28,16.25
1979-10-31,16.6
1979-11-30,19.0
1979-12-31,32.2
1980-01-31,35.28
1980-02-29,35.52
1980-03-31,13.494
1980-04-30,13.834
1980-05-30,13.7
1980-06-30,16.75
1980-07-31,15.78
1980-08-29,16.06
1980-09-30,20.501
1980-10-31,18.875
1980-11-28,18.422
1980-12-31,15.5
1981-01-30,13.15
1981-02-27,12.53
1981-03-31,12.33
1981-04-30,11.065
1981-05-29,10.585
1981-06-30,8.3
1981-07-31,8.51
1981-08-28,9.154
1981-09-30,8.95
1981-10-30,9.12
1981-11-30,8.266
1981-12-31,8.154
1982-01-29,8.28
1982-02-26,7.84
1982-03-31,7.06
1982-04-30,7.06
1982-05-28,6.356
1982-06-30,5.73
1982-07-30,6.635
1982-08-31,7.73
1982-09-30,8.193
1982-10-29,9.87
1982-11-30,9.54
1982-12-31,10.87
1983-01-31,13.82
1983-02-28,11.7
1983-03-31,10.5
1983-04-29,11.957
1983-05-31,13.545
1983-06-30,11.598
1983-07-29,12.145
1983-08-31,11.99
1983-09-30,11.24
1983-10-31,8.74
1983-11-30,9.81
1983-12-30,8.91
1984-01-31,8.43
1984-02-29,9.64
1984-03-30,9.65
1984-04-30,8.962
1984-05-31,9.12
1984-06-29,8.392
1984-07-31,7.11
1984-08-31,7.445
1984-09-28,7.435
1984-10-31,7.195
1984-11-30,7.051
1984-12-31,6.288
1985-01-31,6.33
1985-02-28,5.715
1985-03-29,6.66
1985-04-30,6.322
1985-05-31,6.085
1985-06-28,6.11
1985-07-31,6.335
1985-08-30,6.247
1985-09-30,6.054
1985-10-31,6.145
1985-11-29,6.15
1985-12-31,5.8
1986-01-31,6.103
1986-02-28,5.667
1986-03-27,5.618
1986-04-30,5.108
1986-05-30,5.205
1986-06-30,5.045
1986-07-31,5.045
1986-08-29,5.17
1986-09-30,5.52
1986-10-31,5.607
1986-11-28,5.383
1986-12-31,5.282
1987-01-30,5.55
1987-02-27,5.468
1987-03-31,6.305
1987-04-30,8.125
1987-05-29,7.685
1987-06-30,7.142
1987-07-31,8.32
1987-08-28,7.547
1987-09-30,7.643
1987-10-30,6.88
1987-11-30,7.254
1987-12-31,6.702
1988-01-29,6.55
1988-02-29,6.138
1988-03-31,6.752
1988-04-29,6.463
1988-05-31,6.6
1988-06-30,6.65
1988-07-29,6.8
1988-08-31,6.459
1988-09-30,6.169
1988-10-31,6.308
1988-11-30,6.069
1988-12-30,6.05
1989-01-31,5.848
1989-02-28,5.858
1989-03-31,5.766
1989-04-28,5.639
1989-05-31,5.22
1989-06-30,5.174
1989-07-31,5.146
1989-08-31,5.069
1989-09-29,5.28
1989-10-31,5.233
1989-11-30,5.566
1989-12-29,5.217
1990-01-31,5.205
1990-02-28,5.12
1990-03-30,4.966
1990-04-30,4.936
1990-05-31,5.07
1990-06-29,4.84
1990-07-31,4.855
1990-08-31,4.83
1990-09-28,4.795
1990-10-31,4.223
1990-11-30,4.087
1990-12-31,4.193
1991-01-31,3.826
1991-02-28,3.679
1991-03-28,3.836
1991-04-30,3.934
1991-05-31,4.133
1991-06-28,4.454
1991-07-31,4.068
1991-08-30,3.815
1991-09-30,4.135
1991-10-31,4.09
1991-11-29,4.065
1991-12-31,3.86
1992-01-31,4.131
1992-02-28,4.119
1992-03-31,4.12
1992-04-30,3.982
1992-05-29,4.058
1992-06-30,4.026
1992-07-31,3.953
1992-08-28,3.719
1992-09-30,3.766
1992-10-30,3.764
1992-11-30,3.733
1992-12-31,3.67
1993-01-29,3.708
1993-02-26,3.567
1993-03-31,3.89
1993-04-30,4.299
1993-05-28,4.714
1993-06-30,4.575
1993-07-30,5.3
1993-08-31,4.843
1993-09-30,4.03
1993-10-29,4.403
1993-11-30,4.467
1993-12-31,5.115
1994-01-31,5.058
1994-02-28,5.243
1994-03-31,5.735
1994-04-29,5.28
1994-05-31,5.495
1994-06-30,5.251
1994-07-29,5.293
1994-08-31,5.358
1994-09-30,5.62
1994-10-31,5.345
1994-11-30,5.075
1994-12-30,4.85
1995-01-31,4.698
1995-02-28,4.49
1995-03-31,5.16
1995-04-28,5.829
1995-05-31,5.295
1995-06-30,5.328
1995-07-31,5.098
1995-08-31,5.323
1995-09-29,5.528
1995-10-31,5.36
1995-11-30,5.18
1995-12-29,5.142
1996-01-31,5.52
1996-02-29,5.523
1996-03-29,5.518
1996-04-30,5.278
1996-05-31,5.335
1996-06-28,5.026
1996-07-31,5.113
1996-08-30,5.195
1996-09-30,4.881
1996-10-31,4.825
1996-11-29,4.743
1996-12-31,4.798
1997-01-31,4.958
1997-02-28,5.253
1997-03-27,5.13
1997-04-30,4.663
1997-05-30,4.857
1997-06-30,4.715
1997-07-31,4.383
1997-08-29,4.725
1997-09-30,5.168
1997-10-31,4.815
1997-11-28,5.298
1997-12-31,5.995
1998-01-30,6.048
1998-02-27,6.37
1998-03-31,6.345
1998-04-30,6.215
1998-05-29,4.957
1998-06-30,5.358
1998-07-31,5.525
1998-08-28,4.785
1998-09-30,5.385
1998-10-30,5.055
1998-11-30,4.925
1998-12-31,5.005
1999-01-29,5.238
1999-02-26,5.58
1999-03-31,5.025
1999-04-30,5.44
1999-05-28,4.935
1999-06-30,5.218
1999-07-30,5.448
1999-08-31,5.078
1999-09-30,5.575
1999-10-29,5.29
1999-11-30,5.18
1999-12-30,5.33
2000-01-31,5.26
2000-02-29,5.095
2000-03-31,4.935
2000-04-28,4.938
2000-05-31,4.9
2000-06-30,5.018
2000-07-31,4.95
2000-08-31,4.91
2000-09-29,4.888
2000-10-31,4.74
2000-11-30,4.63
2000-12-29,4.575
2001-01-31,4.79
2001-02-28,4.43
2001-03-30,4.33
2001-04-30,4.365
2001-05-31,4.425
2001-06-29,4.335
2001-07-31,4.215
2001-08-31,4.2
2001-09-28,4.585
2001-10-31,4.275
2001-11-30,4.14
2001-12-31,4.52
2002-01-31,4.275
2002-02-28,4.435
2002-03-28,4.675
2002-04-30,4.6
2002-05-31,5.045
2002-06-28,4.87
2002-07-31,4.66
2002-08-30,4.565
2002-09-30,4.533
2002-10-31,4.475
2002-11-29,4.43
2002-12-31,4.665
2003-01-31,4.873
2003-02-28,4.595
2003-03-31,4.46
2003-04-30,4.605
2003-05-30,4.56
2003-06-30,4.505
2003-07-31,5.08
2003-08-29,5.105
2003-09-30,5.115
2003-10-31,5.135
2003-11-28,5.35
2003-12-31,5.965
2004-01-30,6.225
2004-02-27,6.58
2004-03-31,7.825
2004-04-30,5.95
2004-05-28,6.165
2004-06-30,5.91
2004-07-30,6.42
2004-08-31,6.74
2004-09-30,6.665
2004-10-29,7.16
2004-11-30,7.755
2004-12-31,6.815
2005-01-31,6.72
2005-02-28,7.35
2005-03-31,7.188
2005-04-29,6.98
2005-05-31,7.13
2005-06-30,7.1
2005-07-29,7.145
2005-08-31,6.74
2005-09-30,7.53
2005-10-31,7.765
2005-11-30,8.21
2005-12-30,8.83
2006-01-31,9.91
2006-02-28,9.695
2006-03-31,11.755
2006-04-28,12.555
2006-05-31,13.13
2006-06-30,10.7
2006-07-31,11.44
2006-08-31,12.6
2006-09-29,11.55
2006-10-31,12.08
2006-11-30,13.68
2006-12-29,12.9
2007-01-31,13.36
2007-02-28,14.31
2007-03-30,13.35
2007-04-30,13.5
2007-05-31,13.25
2007-06-29,12.54
2007-07-31,12.93
2007-08-31,11.95
2007-09-28,13.65
2007-10-31,14.32
2007-11-30,14.23
2007-12-31,14.76
2008-01-31,16.74
2008-02-29,19.62
2008-03-31,17.99
2008-04-30,16.47
2008-05-30,16.85
2008-06-30,17.65
2008-07-31,17.48
2008-08-29,13.76
2008-09-30,12.96
2008-10-31,9.28
2008-11-28,10.12
2008-12-31,10.79
2009-01-30,12.51
2009-02-27,13.21
2009-03-31,13.11
2009-04-30,12.63
2009-05-29,15.52
2009-06-30,13.94
2009-07-31,13.63
2009-08-28,14.54
2009-09-30,16.45
2009-10-30,16.57
2009-11-30,18.14
2009-12-31,16.99
2010-01-29,16.29
2010-02-26,16.12
2010-03-31,17.5
2010-04-30,18.62
2010-05-28,18.53
2010-06-30,18.74
2010-07-30,17.66
2010-08-31,18.87
2010-09-30,22.07
2010-10-29,23.96
2010-11-30,27.13
2010-12-31,30.63
2011-01-31,27.75
2011-02-28,33.49
2011-03-31,37.87
2011-04-28,48.7
2011-05-31,38.65
2011-06-30,35.02
2011-07-29,39.63
2011-08-31,41.35
2011-09-30,30.45
2011-10-31,34.24
2011-11-30,31.35
2011-12-30,28.18
2012-01-31,33.6
2012-02-29,37.23
2012-03-30,32.43
2012-04-30,31.2
2012-05-31,28.1
2012-06-29,27.08
2012-07-31,28.2
2012-08-31,30.52
2012-09-28,34.65
2012-10-31,32.28
2012-11-30,34.28
2012-12-31,29.95
2013-01-31,32.03
2013-02-28,28.95
2013-03-28,28.64
2013-04-30,24.42
2013-05-31,22.57
2013-06-28,18.86
2013-07-31,19.94
2013-08-30,23.64
2013-09-30,21.68
2013-10-31,22.2
2013-11-29,19.93
2013-12-31,19.5
2014-01-31,19.31
2014-02-28,21.27
2014-03-31,19.97
2014-04-30,19.28
2014-05-30,19.0
2014-06-30,20.87
2014-07-31,20.69
2014-08-29,19.47
2014-09-30,17.11
2014-10-31,16.2
2014-11-28,15.97
2014-12-31,15.97
2015-01-30,16.92
2015-02-27,16.53
2015-03-31,16.6
2015-04-30,16.52
2015-05-29,16.67
2015-06-30,15.7
2015-07-31,14.56
2015-08-28,14.44
2015-09-30,14.65
2015-10-30,15.63
2015-11-30,14.08
2015-12-31,13.82
2016-01-29,14.08
2016-02-29,14.75
2016-03-31,15.38
2016-04-29,17.855
2016-05-31,16.06
2016-06-30,18.36
2016-07-29,20.04
2016-08-31,18.74
2016-09-30,19.35
2016-10-31,17.76
2016-11-30,16.67
2016-12-30,16.24
2017-01-31,17.29
2017-02-28,18.28
2017-03-31,18.06
2017-04-28,17.41
2017-05-31,17.31
2017-06-30,16.47
2017-07-31,16.76
2017-08-31,17.34
2017-09-29,16.86
2017-10-31,16.82
2017-11-30,16.57
2017-12-29,16.865
2018-01-31,17.23
2018-02-28,16.44
2018-03-29,16.28
2018-04-30,16.38
2018-05-31,16.55
2018-06-29,16.03
2018-07-31,15.43
2018-08-31,14.655
2018-09-28,14.305
2018-10-31,14.34
2018-11-30,14.235
2018-12-31,15.465
2019-01-31,16.075
2019-02-28,15.815
2019-03-29,15.1
2019-04-30,14.985
2019-05-31,14.48
2019-06-28,15.22
2019-07-31,16.475
2019-08-30,18.385
2019-09-30,17.255
2019-10-31,18.055
2019-11-29,16.965
2019-12-31,18.045
2020-01-31,17.885
2020-02-28,17.185
2020-03-31,13.93
2020-04-30,15.335
2020-05-29,17.59
2020-06-30,17.845
2020-07-31,24.07
2020-08-28,27.35
2020-09-30,23.725
2020-10-30,23.625
2020-11-30,22.15
2020-12-31,26.485
2021-01-29,27.415
2021-02-26,26.685
2021-03-31,24.0
2021-04-30,25.875
2021-05-28,27.63
2021-06-30,25.765
2021-07-30,25.49
2021-08-31,24.045
2021-09-30,21.525
2021-10-29,24.01
2021-11-30,22.865
2021-12-31,23.085
2022-01-31,22.495
2022-02-28,24.35
2022-03-31,24.815
2022-04-29,23.445
2022-05-31,21.77
2022-06-30,20.415
2022-07-29,20.065
2022-08-31,17.945
2022-09-30,19.02
2022-10-31,19.165
2022-11-30,21.56
2022-12-30,23.945
2023-01-31,22.995
2023-02-28,20.525
2023-03-31,23.885
2023-04-28,24.765
2023-05-31,23.255
2023-06-30,22.47
2023-07-31,24.355
2023-08-31,24.535
2023-09-29,23.075
2023-10-31,23.2
2023-11-30,25.02
2023-12-29,23.79
2024-01-31,23.09
2024-02-29,22.34
2024-03-28,24.54
2024-04-30,26.655
2024-05-31,31.265
2024-06-28,29.37
2024-07-31,28.56
2024-08-30,29.47
2024-09-30,31.075
2024-10-31,33.59
2024-11-29,30.7
2024-12-31,28.905
2025-01-31,31.605
2025-02-28,31.135
2025-03-31,34.055
2025-04-30,32.225
2025-05-30,33.08
2025-06-30,35.975
2025-07-31,36.22
2025-08-29,38.8
2025-09-30,46.175
2025-10-31,48.96
2025-11-28,53.91
2025-12-31,71.99
2026-01-30,103.19
2026-02-27,89.975
2026-03-31,72.685
2026-04-30,73.55
2026-05-29,75.785
2026-06-30,58.795
2026-07-31,57.725
2026-08-28,70.26
2026-09-03,65.645
