date,source,universe_size,spx_close,up_4pct,down_4pct,ratio_5d,ratio_10d,up_25pct_qtr,down_25pct_qtr,up_25pct_month,down_25pct_month,up_50pct_month,down_50pct_month,up_13pct_34d,down_13pct_34d,t2108,pct_above_200sma,pct_above_50sma,pct_above_20sma,advances,declines,new_highs,new_lows,net_advances,rana,ad_line,mcclellan_osc
2024-05-15,backfill,2524,5308.14990234375,266,172,1.5465,1.5465,350,330,229,84,57,21,393.0,506.0,58.08,57.69,56.22,67.08,1469,954,241,45,515,212.55,515,0.0
2024-05-16,backfill,2524,5297.10009765625,200,175,1.3429,1.3429,327,344,240,82,66,15,367.0,548.0,57.77,58.04,55.98,66.05,1122,1292,151,44,-170,-70.42,345,-14.15
2024-05-17,backfill,2525,5303.27001953125,179,175,1.2356,1.2356,331,355,252,83,66,16,395.0,544.0,57.58,58.26,56.44,64.87,1208,1209,181,59,-1,-0.41,344,-22.67
2024-05-20,backfill,2525,5308.1298828125,204,185,1.2008,1.2008,365,337,277,85,70,15,440.0,490.0,58.34,58.34,56.24,63.56,1143,1269,185,65,-126,-52.24,218,-32.44
2024-05-21,backfill,2525,5321.41015625,134,213,1.0685,1.0685,363,327,247,98,68,19,402.0,519.0,57.19,57.58,55.33,61.19,1095,1320,172,71,-225,-93.17,-7,-42.68
2024-05-22,backfill,2526,5307.009765625,151,207,0.9089,1.0062,342,322,198,111,55,21,397.0,501.0,54.39,57.28,52.18,56.73,878,1540,87,72,-662,-273.78,-669,-60.25
2024-05-23,backfill,2527,5267.83984375,87,378,0.652,0.8113,315,341,178,113,54,18,326.0,553.0,47.13,54.14,45.83,41.75,464,1993,46,113,-1529,-622.3,-2198,-92.39
2024-05-24,backfill,2527,5304.72021484375,227,116,0.7307,0.8933,330,361,214,106,53,18,345.0,543.0,50.81,54.65,48.52,47.21,1605,811,111,85,794,328.64,-1404,-71.87
2024-05-28,backfill,2527,5306.0400390625,205,199,0.7224,0.9082,305,383,200,115,53,20,348.0,570.0,48.99,54.41,46.93,43.33,993,1435,95,87,-442,-182.04,-1846,-79.49
2024-05-29,backfill,2528,5266.9501953125,117,286,0.6636,0.8405,298,394,165,129,59,19,358.0,540.0,42.13,51.07,40.43,33.39,537,1899,52,121,-1362,-559.11,-3208,-104.47
2024-05-30,backfill,2528,5235.47998046875,202,174,0.7268,0.8093,310,394,195,122,65,18,384.0,547.0,46.64,52.97,44.7,37.82,1612,814,89,97,798,328.94,-2410,-80.9
2024-05-31,backfill,2528,5277.509765625,188,139,1.0274,0.8176,291,404,198,119,65,17,478.0,472.0,51.42,54.39,49.01,43.67,1590,832,124,71,758,312.96,-1652,-61.14
2024-06-03,backfill,2528,5283.39990234375,182,224,0.8748,0.8001,301,392,193,133,60,23,538.0,436.0,50.59,53.88,48.18,41.89,1071,1347,98,87,-276,-114.14,-1928,-65.3
2024-06-04,backfill,2528,5291.33984375,99,313,0.6937,0.7079,285,389,155,147,52,25,536.0,450.0,45.06,52.02,43.43,33.62,692,1731,58,105,-1039,-428.81,-2967,-84.26
2024-06-05,backfill,2528,5354.02978515625,270,140,0.9505,0.7941,292,376,159,152,58,21,603.0,411.0,48.81,52.85,46.4,38.53,1576,843,99,77,733,303.02,-2234,-63.46
2024-06-06,backfill,2531,5352.9599609375,144,218,0.854,0.7869,272,389,152,159,52,24,584.0,407.0,45.91,52.75,44.37,36.59,983,1437,61,75,-454,-187.6,-2688,-69.89
2024-06-07,backfill,2531,5346.990234375,84,334,0.6338,0.8017,237,418,127,157,43,22,532.0,437.0,40.93,50.93,39.59,30.07,637,1793,36,122,-1156,-475.72,-3844,-89.44
2024-06-10,backfill,2531,5360.7900390625,210,155,0.6957,0.7796,236,401,112,150,39,21,510.0,453.0,41.25,50.18,40.3,30.3,1220,1201,65,110,19,7.85,-3825,-81.53
2024-06-11,backfill,2531,5375.31982421875,158,153,0.866,0.7743,244,392,127,135,41,21,443.0,488.0,38.8,49.11,38.68,29.83,984,1421,54,93,-437,-181.7,-4262,-83.84
2024-06-12,backfill,2533,5421.02978515625,253,126,0.8611,0.9059,237,391,122,125,36,19,484.0,449.0,44.41,51.8,44.14,37.39,1555,868,96,87,687,283.53,-3575,-62.13
2024-06-13,backfill,2533,5433.740234375,129,233,0.8332,0.8437,262,371,101,153,36,21,484.0,467.0,39.16,49.82,39.76,32.25,736,1692,55,115,-956,-393.74,-4531,-77.13
2024-06-14,backfill,2533,5431.60009765625,89,323,0.8475,0.7292,225,402,79,168,33,24,400.0,538.0,33.0,48.05,35.53,26.81,570,1881,27,159,-1311,-534.88,-5842,-96.62
2024-06-17,backfill,2533,5473.22998046875,162,258,0.7237,0.7093,226,394,71,189,28,27,376.0,558.0,34.82,48.76,37.82,29.85,1388,1059,68,141,329,134.45,-5513,-79.33
2024-06-18,backfill,2533,5487.02978515625,119,302,0.6055,0.7217,225,422,69,198,30,29,399.0,540.0,33.56,48.09,36.36,30.95,1052,1385,82,185,-333,-136.64,-5846,-77.71
2024-06-20,backfill,2533,5473.169921875,190,255,0.5026,0.6525,192,452,73,212,26,27,384.0,559.0,33.16,47.1,37.66,32.61,1155,1267,42,131,-112,-46.24,-5958,-71.42
2024-06-21,backfill,2534,5464.6201171875,211,188,0.5814,0.6897,190,463,83,204,29,35,352.0,566.0,34.1,47.67,38.08,34.41,1241,1204,51,127,37,15.13,-5921,-62.61
2024-06-24,backfill,2534,5447.8701171875,233,196,0.7631,0.8013,200,436,85,192,28,31,322.0,573.0,36.98,48.82,42.11,41.28,1474,958,87,98,516,212.17,-5405,-44.92
2024-06-25,backfill,2534,5469.2998046875,141,256,0.7469,0.7358,199,458,93,184,33,28,289.0,634.0,33.39,47.32,37.73,35.36,757,1669,63,145,-912,-375.93,-6317,-58.97
2024-06-26,backfill,2534,5477.89990234375,180,171,0.8959,0.7396,199,435,81,185,30,27,297.0,627.0,33.46,47.32,36.94,35.52,1164,1244,49,106,-80,-33.22,-6397,-53.55
2024-06-27,backfill,2534,5482.8701171875,264,122,1.1029,0.7457,196,458,79,176,30,29,304.0,569.0,36.23,49.01,40.13,41.79,1521,920,63,76,601,246.21,-5796,-34.68
2024-06-28,backfill,2536,5460.47998046875,215,204,1.0885,0.793,198,477,90,175,29,31,279.0,604.0,39.59,50.43,42.23,45.11,1427,1009,89,88,418,171.59,-5378,-22.1
2024-07-01,backfill,2536,5475.08984375,152,282,0.9198,0.8357,196,474,82,179,30,29,292.0,601.0,35.65,48.58,38.21,39.98,797,1637,60,121,-840,-345.11,-6218,-37.07
2024-07-02,backfill,2538,5509.009765625,130,241,0.9225,0.8277,199,462,76,199,29,32,279.0,625.0,37.75,48.82,39.68,42.47,1329,1122,84,125,207,84.46,-6011,-28.21
2024-07-03,backfill,2538,5537.02001953125,219,96,1.037,0.9622,200,451,81,188,28,35,265.0,642.0,39.48,48.9,41.41,45.98,1353,1032,71,75,321,134.59,-5690,-17.98
2024-07-05,backfill,2538,5567.18994140625,182,198,0.8795,0.9862,211,444,90,174,34,31,245.0,660.0,36.45,48.19,38.61,43.18,973,1456,85,103,-483,-198.85,-6173,-25.82
2024-07-08,backfill,2538,5572.85009765625,228,132,0.96,1.0242,205,447,79,168,32,29,240.0,626.0,39.4,48.58,40.39,48.35,1441,973,87,71,468,193.87,-5705,-12.76
2024-07-09,backfill,2539,5576.97998046875,155,181,1.0778,0.991,199,469,77,162,32,28,232.0,660.0,38.44,48.01,39.31,45.81,1016,1423,75,104,-407,-166.87,-6112,-19.57
2024-07-10,backfill,2539,5633.91015625,241,139,1.374,1.1133,198,462,94,128,37,24,235.0,623.0,44.82,50.69,43.84,52.58,1649,776,119,73,873,360.0,-5239,1.06
2024-07-11,backfill,2539,5584.5400390625,750,82,2.1257,1.5122,270,365,107,115,41,20,299.0,495.0,57.19,54.67,55.49,70.66,2013,449,197,35,1564,635.26,-3675,32.45
2024-07-12,backfill,2540,5615.35009765625,290,77,2.7234,1.5699,275,357,122,96,48,14,351.0,446.0,62.91,56.3,59.69,76.06,1780,674,228,25,1106,450.69,-2569,49.9
2024-07-15,backfill,2540,5631.22021484375,306,176,2.6595,1.654,361,319,135,100,45,16,491.0,380.0,64.17,57.72,61.93,76.57,1553,894,299,28,659,269.31,-1910,55.5
2024-07-16,backfill,2540,5667.2001953125,696,64,4.2435,2.3066,477,259,210,78,51,12,618.0,333.0,72.13,61.93,68.98,83.31,2022,433,451,28,1589,647.25,-321,78.9
2024-07-17,backfill,2540,5588.27001953125,115,356,2.857,2.1199,486,257,255,71,54,15,598.0,363.0,70.91,61.38,66.97,79.88,977,1475,244,29,-498,-203.1,-819,56.01
2024-07-18,backfill,2541,5544.58984375,48,455,1.2899,1.6188,443,267,187,80,44,11,597.0,396.0,64.78,58.48,61.43,71.7,452,2012,77,45,-1560,-633.12,-2379,14.65
2024-07-19,backfill,2542,5505.0,99,226,0.9898,1.5508,426,273,206,83,46,12,528.0,431.0,61.8,57.28,58.34,66.96,828,1591,67,58,-763,-315.42,-3142,-4.9
2024-07-22,backfill,2542,5564.41015625,316,119,1.0443,1.6085,462,262,246,76,54,14,554.0,404.0,67.19,59.01,63.1,72.07,1817,629,204,33,1188,485.69,-1954,18.46
2024-07-23,backfill,2542,5555.740234375,246,141,0.6353,1.6932,468,262,293,69,56,12,589.0,390.0,66.96,58.85,64.16,70.93,1414,1029,263,43,385,157.59,-1569,21.94
2024-07-24,backfill,2542,5427.1298828125,84,445,0.5722,1.3779,368,292,223,72,43,16,538.0,400.0,59.91,56.18,56.96,60.35,525,1918,80,66,-1393,-570.2,-2962,-11.59
2024-07-25,backfill,2544,5399.22021484375,302,156,0.9632,1.1296,418,280,284,70,60,16,531.0,400.0,61.44,57.19,59.08,61.64,1505,946,175,48,559,228.07,-2403,-0.28
2024-07-26,backfill,2544,5459.10009765625,310,92,1.32,1.1309,486,270,334,68,66,18,667.0,375.0,66.59,59.2,63.52,67.26,1889,548,287,36,1341,550.27,-1062,25.5
2024-07-29,backfill,2544,5463.5400390625,86,300,0.9065,0.9779,435,277,227,75,50,15,679.0,350.0,64.03,58.37,61.6,63.25,867,1580,137,61,-713,-291.38,-1775,5.33
2024-07-30,backfill,2544,5436.43994140625,132,283,0.7163,0.6755,418,299,222,89,37,12,709.0,379.0,63.09,58.25,61.05,59.59,1265,1164,221,76,101,41.58,-1674,4.71
2024-07-31,backfill,2544,5522.2998046875,272,150,1.1233,0.8006,474,289,249,80,46,15,730.0,369.0,65.45,59.36,63.21,62.22,1464,976,180,59,488,200.0,-1186,12.08
2024-08-01,backfill,2547,5446.68017578125,95,757,0.5657,0.7276,377,327,177,93,36,17,539.0,448.0,56.26,55.36,55.16,47.27,469,1994,91,120,-1525,-619.16,-2711,-22.64
2024-08-02,backfill,2547,5346.56005859375,73,877,0.278,0.5771,258,384,127,144,27,16,469.0,534.0,44.01,50.26,44.68,28.74,368,2123,74,178,-1755,-704.54,-4466,-56.49
2024-08-05,backfill,2548,5186.330078125,50,922,0.2081,0.4002,174,451,82,190,23,22,375.0,605.0,30.02,44.27,32.03,16.01,217,2288,16,272,-2071,-826.75,-6537,-91.25
2024-08-06,backfill,2548,5240.02978515625,351,148,0.2947,0.4249,184,472,88,189,24,24,398.0,572.0,34.73,45.8,36.5,19.86,1689,759,38,154,930,379.9,-5607,-60.18
2024-08-07,backfill,2548,5199.5,131,428,0.2235,0.4381,166,503,76,209,18,25,368.0,601.0,31.08,43.84,33.01,16.44,722,1726,30,207,-1004,-410.13,-6611,-72.82
2024-08-08,backfill,2548,5319.31005859375,510,143,0.4428,0.4902,207,440,89,212,20,29,441.0,531.0,39.91,48.0,41.09,25.39,1952,503,56,99,1449,590.22,-5162,-33.25
2024-08-09,backfill,2548,5344.16015625,179,241,0.6488,0.4422,181,476,58,253,16,34,438.0,562.0,39.91,47.33,41.05,26.61,1089,1348,58,118,-259,-106.28,-5421,-34.07
2024-08-12,backfill,2549,5344.39013671875,186,248,1.1233,0.4715,185,451,58,288,17,37,390.0,577.0,36.45,46.53,38.29,24.32,840,1611,53,154,-771,-314.57,-6192,-45.02
2024-08-13,backfill,2550,5434.43017578125,407,113,1.2046,0.5597,201,440,62,281,18,35,505.0,514.0,42.24,48.82,43.37,30.71,1843,612,85,67,1231,501.43,-4961,-13.35
2024-08-14,backfill,2550,5455.2099609375,138,265,1.4059,0.5118,175,468,45,356,13,39,504.0,534.0,41.88,48.2,43.25,32.51,1044,1386,76,108,-342,-140.74,-5303,-18.32
2024-08-15,backfill,2554,5543.22021484375,480,102,1.4345,0.7184,207,424,67,259,19,35,521.0,487.0,50.23,51.21,50.55,44.17,2001,459,108,45,1542,626.83,-3761,15.9
2024-08-16,backfill,2554,5554.25,192,115,1.6643,0.9629,207,423,81,216,23,30,521.0,471.0,52.08,51.76,52.43,48.04,1419,995,111,44,424,175.64,-3337,22.52
2024-08-19,backfill,2554,5608.25,343,101,2.2414,1.532,234,402,102,183,30,30,647.0,430.0,56.23,52.98,56.03,57.6,1853,611,175,36,1242,504.06,-2095,44.49
2024-08-20,backfill,2554,5597.1201171875,137,213,1.6206,1.3728,207,412,91,197,26,28,592.0,437.0,51.96,52.04,53.13,52.27,709,1744,85,51,-1035,-421.93,-3130,16.76
2024-08-21,backfill,2554,5620.85009765625,290,68,2.4073,1.7787,225,384,91,180,25,30,641.0,421.0,57.32,53.99,57.52,62.18,1827,609,159,28,1218,500.0,-1912,39.05
2024-08-22,backfill,2554,5570.64013671875,112,277,1.3876,1.4137,230,402,102,172,26,23,639.0,447.0,52.43,52.66,54.23,58.14,790,1664,118,52,-874,-356.15,-2786,15.11
2024-08-23,backfill,2554,5634.60986328125,636,70,2.0823,1.8581,351,340,116,145,30,23,756.0,393.0,63.12,56.66,62.57,73.49,2097,370,262,18,1727,700.04,-1059,47.38
2024-08-26,backfill,2554,5616.83984375,174,150,1.7339,1.9735,324,348,110,163,30,24,790.0,382.0,62.61,56.85,62.57,74.71,1217,1241,195,28,-24,-9.76,-1083,39.24
2024-08-27,backfill,2555,5625.7998046875,113,231,1.6646,1.6426,325,362,112,156,30,21,676.0,413.0,60.67,55.73,61.21,72.64,929,1500,163,32,-571,-235.08,-1654,20.82
2024-08-28,backfill,2556,5592.18017578125,74,333,1.0452,1.5367,362,374,106,169,33,28,475.0,523.0,56.3,54.19,58.22,69.91,838,1603,138,79,-765,-313.4,-2419,1.05
2024-08-29,backfill,2556,5591.9599609375,214,132,1.3221,1.3521,353,370,106,173,26,22,444.0,556.0,59.39,55.2,60.02,72.77,1560,863,175,52,697,287.66,-1722,14.19
2024-08-30,backfill,2556,5648.39990234375,146,135,0.735,1.3094,338,363,133,135,34,18,422.0,559.0,60.52,56.34,61.5,73.9,1585,847,263,61,738,303.45,-984,26.15
2024-09-03,backfill,2557,5528.93017578125,78,751,0.3951,0.8364,274,405,140,133,42,21,261.0,751.0,48.18,51.58,51.04,54.4,461,2038,104,117,-1577,-631.05,-2561,-10.48
2024-09-04,backfill,2557,5520.06982421875,155,178,0.4362,0.8568,310,393,190,108,58,12,281.0,722.0,47.13,51.66,50.29,52.33,1054,1381,102,107,-327,-134.29,-2888,-16.91
2024-09-05,backfill,2558,5503.41015625,140,213,0.5202,0.7457,269,410,157,116,47,12,308.0,659.0,44.92,51.02,48.63,46.79,935,1514,67,108,-579,-236.42,-3467,-27.43
2024-09-06,backfill,2558,5408.419921875,84,401,0.3594,0.6993,247,444,158,107,52,12,292.0,694.0,36.32,48.05,41.83,33.42,467,1989,44,169,-1522,-619.71,-4989,-55.46
2024-09-09,backfill,2558,5471.0498046875,251,164,0.4148,0.5316,287,404,133,108,48,16,268.0,734.0,38.9,49.06,42.92,35.46,1430,1032,83,137,398,161.66,-4591,-40.07
2024-09-10,backfill,2558,5495.52001953125,211,176,0.7429,0.5402,295,406,135,97,40,15,265.0,774.0,39.37,48.08,42.89,36.08,1227,1202,84,126,25,10.29,-4566,-34.28
2024-09-11,backfill,2559,5554.1298828125,276,130,0.8875,0.6234,300,385,153,89,43,18,299.0,635.0,40.64,48.61,43.85,35.8,1316,1131,65,79,185,75.6,-4381,-25.9
2024-09-12,backfill,2561,5595.759765625,271,140,1.0811,0.7545,291,381,143,85,41,15,327.0,655.0,45.53,50.53,47.29,42.83,1700,753,131,53,947,386.06,-3434,-3.07
2024-09-13,backfill,2562,5626.02001953125,404,91,2.0157,0.8474,363,346,187,76,45,10,300.0,621.0,55.43,53.01,54.61,56.95,1987,485,215,41,1502,607.61,-1932,27.53
2024-09-16,backfill,2566,5633.08984375,155,210,1.7631,0.8252,423,330,137,86,36,14,338.0,582.0,56.98,53.51,55.26,58.73,1437,1028,217,61,409,165.92,-1523,31.48
2024-09-17,backfill,2566,5634.580078125,220,143,1.8571,1.1739,418,307,131,92,33,13,339.0,534.0,59.16,54.48,57.09,61.61,1402,1048,163,40,354,144.49,-1169,33.62
2024-09-18,backfill,2566,5618.259765625,117,190,1.5078,1.1459,416,307,105,109,27,17,328.0,587.0,59.24,53.9,56.24,59.16,1073,1380,136,60,-307,-125.15,-1476,21.81
2024-09-19,backfill,2566,5713.64013671875,368,102,1.7174,1.3492,469,294,131,95,30,15,446.0,458.0,65.94,56.43,62.55,68.24,1891,592,290,34,1299,523.16,-177,44.01
2024-09-20,backfill,2567,5702.5498046875,165,278,1.1105,1.5012,450,305,103,124,29,18,587.0,376.0,62.91,55.12,59.06,62.41,809,1661,149,55,-852,-344.94,-1029,19.37
2024-09-23,backfill,2567,5718.56982421875,127,326,0.9596,1.2956,416,312,106,120,26,26,794.0,335.0,60.65,54.89,56.91,59.37,1120,1351,161,69,-231,-93.48,-1260,10.78
2024-09-24,backfill,2568,5732.93017578125,276,126,1.0303,1.3704,446,302,92,137,26,22,749.0,322.0,62.07,55.41,57.67,60.2,1357,1102,178,54,255,103.7,-1005,13.23
2024-09-25,backfill,2568,5722.259765625,125,248,0.9824,1.2017,422,313,90,152,23,27,748.0,312.0,57.05,53.47,53.54,53.82,680,1795,92,86,-1115,-450.51,-2120,-12.44
2024-09-26,backfill,2574,5745.3701171875,379,113,0.9826,1.2786,417,288,110,132,34,24,675.0,307.0,62.67,54.97,58.74,59.67,1668,793,150,53,875,355.55,-1245,5.97
2024-09-27,backfill,2575,5738.169921875,258,115,1.2554,1.1831,401,267,150,110,37,22,713.0,247.0,65.05,56.39,61.32,64.12,1493,965,124,29,528,214.81,-717,14.65
2024-09-30,backfill,2575,5762.47998046875,199,183,1.5758,1.2248,453,254,141,112,39,22,783.0,239.0,66.95,56.31,62.33,66.1,1291,1174,160,48,117,47.46,-600,13.63
2024-10-01,backfill,2576,5708.75,123,422,1.0028,1.0162,426,283,124,114,44,22,559.0,293.0,58.31,54.81,56.25,54.93,703,1797,117,86,-1094,-437.6,-1694,-11.57
2024-10-02,backfill,2577,5709.5400390625,211,152,1.1878,1.0804,402,284,191,107,51,23,596.0,273.0,56.31,55.22,55.14,53.05,1154,1313,125,76,-159,-64.45,-1853,-14.39
2024-10-03,backfill,2577,5699.93994140625,137,210,0.8577,0.9204,394,298,183,110,55,22,457.0,337.0,52.46,53.9,52.15,46.41,799,1673,88,87,-874,-353.56,-2727,-31.19
2024-10-04,backfill,2579,5751.06982421875,302,86,0.9231,1.0787,415,290,214,94,65,22,511.0,309.0,57.58,56.07,57.93,54.63,1802,672,152,46,1130,456.75,-1597,-4.88
2024-10-07,backfill,2579,5695.93994140625,147,274,0.8042,1.1182,404,298,255,88,84,22,425.0,392.0,50.45,54.48,52.66,45.17,726,1760,85,66,-1034,-415.93,-2631,-26.0
2024-10-08,backfill,2579,5751.1298828125,126,262,0.938,0.9719,365,306,219,95,69,23,451.0,379.0,48.93,53.82,51.65,42.65,1100,1377,93,86,-277,-111.83,-2908,-28.72
2024-10-09,backfill,2581,5792.0400390625,137,171,0.8465,1.0156,300,334,210,102,73,24,413.0,446.0,49.4,53.7,52.81,43.32,1303,1166,134,79,137,55.49,-2771,-22.54
2024-10-10,backfill,2582,5780.0498046875,135,192,0.8599,0.8587,267,363,176,115,49,24,429.0,400.0,47.17,53.64,52.05,40.47,977,1481,77,84,-504,-205.04,-3275,-30.16
2024-10-11,backfill,2584,5815.02978515625,401,84,0.9624,0.942,279,358,181,93,52,20,402.0,424.0,56.08,55.19,59.56,53.29,1935,546,191,43,1389,559.85,-1886,1.71
2024-10-14,backfill,2584,5859.85009765625,184,149,1.1457,0.9505,248,395,159,95,49,21,412.0,425.0,58.28,55.61,61.69,55.42,1443,1032,212,46,411,166.06,-1475,9.27
2024-10-15,backfill,2584,5815.259765625,155,272,1.1659,1.0448,252,373,145,88,47,23,394.0,404.0,58.48,54.88,61.11,54.72,1236,1248,176,53,-12,-4.83,-1487,7.13
2024-10-16,backfill,2584,5842.47021484375,387,63,1.6605,1.1974,326,323,161,76,60,17,518.0,315.0,65.17,56.73,66.02,65.94,1906,575,289,19,1331,536.48,-156,32.34
2024-10-17,backfill,2584,5841.47021484375,140,203,1.6433,1.2039,339,310,166,85,62,14,490.0,349.0,63.93,56.35,64.59,64.13,1168,1296,241,35,-128,-51.95,-284,24.31
2024-10-18,backfill,2584,5864.669921875,264,94,1.4469,1.1769,318,321,170,69,60,13,478.0,334.0,64.67,56.81,65.83,65.98,1353,1116,196,27,237,95.99,-47,24.72
2024-10-21,backfill,2584,5853.97998046875,141,254,1.2269,1.1869,282,332,177,77,61,12,585.0,280.0,57.39,55.26,59.44,54.37,663,1813,95,35,-1150,-464.46,-1197,-3.08
2024-10-22,backfill,2585,5851.2001953125,173,164,1.4203,1.2861,329,292,192,64,67,10,575.0,291.0,56.71,55.2,57.41,53.0,1061,1402,86,44,-341,-138.45,-1538,-10.53
2024-10-23,backfill,2589,5797.419921875,94,316,0.7876,1.158,291,336,146,70,58,12,544.0,303.0,53.07,53.8,53.07,46.58,760,1711,58,61,-951,-384.86,-2489,-29.16
2024-10-24,backfill,2591,5809.85986328125,175,175,0.8445,1.1917,265,353,163,70,58,12,636.0,270.0,52.68,53.61,53.11,46.74,1240,1229,93,61,11,4.46,-2478,-25.49
2024-10-25,backfill,2591,5808.1201171875,178,164,0.7092,1.02,272,333,146,83,50,13,595.0,266.0,49.75,53.03,50.52,43.34,999,1491,70,59,-492,-197.59,-2970,-32.32
2024-10-28,backfill,2592,5823.52001953125,363,99,1.0708,1.1475,309,300,154,78,61,11,677.0,239.0,56.1,54.94,56.13,53.4,1754,741,109,34,1013,406.01,-1957,-7.82
2024-10-29,backfill,2593,5832.919921875,151,223,0.9836,1.1772,296,327,161,84,54,16,642.0,268.0,53.26,54.15,53.49,49.63,1012,1487,104,61,-475,-190.08,-2432,-16.64
2024-10-30,backfill,2593,5813.669921875,145,258,1.1012,0.9354,343,288,165,83,58,13,570.0,286.0,51.33,53.45,51.21,47.13,1070,1426,110,82,-356,-142.63,-2788,-21.72
2024-10-31,backfill,2593,5705.4501953125,119,429,0.815,0.8286,378,279,131,100,51,15,440.0,404.0,44.04,51.25,45.04,36.1,579,1930,51,124,-1351,-538.46,-4139,-45.75
2024-11-01,backfill,2593,5728.7998046875,211,159,0.8467,0.7809,487,232,132,106,52,12,437.0,399.0,44.74,51.79,45.55,38.06,1279,1231,66,105,48,19.12,-4091,-38.18
2024-11-04,backfill,2594,5712.68994140625,195,210,0.6419,0.8211,448,238,122,125,48,14,419.0,406.0,43.99,51.31,46.61,39.17,1265,1233,73,85,32,12.81,-4059,-31.84
2024-11-05,backfill,2594,5782.759765625,354,131,0.8627,0.9173,549,207,151,108,51,15,504.0,367.0,51.0,53.12,52.62,49.38,1912,590,181,52,1322,528.38,-2737,-0.48
2024-11-06,backfill,2594,5929.0400390625,953,255,1.5473,1.3524,627,200,243,89,71,13,617.0,375.0,60.6,56.63,60.6,60.68,1780,746,457,66,1034,409.34,-1703,20.38
2024-11-07,backfill,2594,5973.10009765625,319,294,1.9371,1.3447,617,185,229,88,76,11,667.0,339.0,60.29,56.55,61.49,60.91,1215,1288,207,63,-73,-29.17,-1776,16.19
2024-11-08,backfill,2594,5995.5400390625,267,255,1.8236,1.3303,655,188,254,100,92,15,705.0,336.0,59.44,56.44,60.72,58.79,1341,1164,259,75,177,70.66,-1599,17.52
2024-11-11,backfill,2594,6001.35009765625,405,211,2.0052,1.2862,648,191,268,103,103,13,778.0,344.0,60.37,57.17,61.1,60.99,1571,938,387,61,633,252.29,-966,27.65
2024-11-12,backfill,2595,5983.990234375,156,391,1.4936,1.2048,623,206,237,116,97,13,773.0,364.0,56.8,54.99,58.19,56.76,715,1800,162,102,-1085,-431.41,-2051,1.99
2024-11-13,backfill,2596,5985.3798828125,162,396,0.8462,1.1501,491,242,226,129,85,17,678.0,462.0,54.16,54.47,55.66,53.43,877,1623,131,118,-746,-298.4,-2797,-13.31
2024-11-14,backfill,2596,5949.169921875,150,376,0.6998,1.1845,442,261,168,175,63,25,590.0,527.0,51.58,53.24,53.27,49.73,806,1705,78,143,-899,-358.02,-3696,-29.31
2024-11-15,backfill,2596,5870.6201171875,110,484,0.5291,1.0226,375,325,164,201,56,27,538.0,590.0,47.65,51.0,48.5,46.11,728,1774,62,183,-1046,-418.07,-4742,-45.84
2024-11-18,backfill,2596,5893.6201171875,278,261,0.4486,1.0327,399,321,152,229,54,32,595.0,565.0,47.73,51.66,49.11,45.96,1298,1220,113,155,78,30.98,-4664,-37.3
2024-11-19,backfill,2596,5916.97998046875,293,174,0.5872,0.9987,386,354,180,225,64,29,631.0,580.0,48.65,51.73,49.42,47.34,1339,1148,139,129,191,76.8,-4473,-27.51
2024-11-20,backfill,2596,5917.10986328125,223,209,0.7008,0.7745,409,331,178,231,68,34,670.0,547.0,49.19,52.23,49.81,47.77,1233,1263,131,108,-30,-12.02,-4503,-23.45
2024-11-21,backfill,2596,5948.7099609375,348,162,0.9705,0.8195,398,365,240,194,72,26,661.0,564.0,52.81,53.85,52.66,53.81,1806,698,209,80,1108,442.49,-3395,2.87
2024-11-22,backfill,2597,5969.33984375,345,115,1.6145,0.8888,417,338,254,181,77,24,772.0,516.0,56.1,55.41,55.26,59.45,1848,665,305,57,1183,470.75,-2212,26.76
2024-11-25,backfill,2597,5987.3701171875,440,151,2.0333,0.9213,456,301,281,173,85,22,833.0,443.0,59.88,56.91,58.95,65.23,1739,779,353,48,960,381.25,-1252,42.59
2024-11-26,backfill,2599,6021.6298828125,165,279,1.6605,0.9643,478,296,237,205,71,27,807.0,458.0,58.98,55.75,58.41,62.18,987,1524,216,69,-537,-213.86,-1789,26.15
2024-11-27,backfill,2601,5998.740234375,258,125,1.8702,1.1173,457,273,229,174,81,24,844.0,429.0,59.82,56.44,58.52,64.9,1349,1157,168,52,192,76.62,-1597,26.49
2024-11-29,backfill,2601,6032.3798828125,252,98,1.901,1.3178,475,277,260,149,92,18,786.0,445.0,62.05,57.21,60.48,67.86,1485,998,179,39,487,196.13,-1110,32.62
2024-12-02,backfill,2601,6047.14990234375,235,226,1.5358,1.5761,563,246,309,127,97,22,774.0,449.0,62.44,57.67,60.63,68.09,1213,1316,152,59,-103,-40.73,-1213,25.86
2024-12-03,backfill,2603,6049.8798828125,175,283,1.0732,1.5005,563,259,297,136,94,22,748.0,439.0,58.74,56.51,58.28,60.2,880,1638,128,66,-758,-301.03,-1971,6.93
2024-12-04,backfill,2603,6086.490234375,232,201,1.2347,1.4456,590,247,304,144,95,21,683.0,489.0,59.7,56.9,58.66,59.2,1302,1210,148,62,92,36.62,-1879,7.6
2024-12-05,backfill,2604,6075.10986328125,139,334,0.9046,1.3116,616,258,243,164,88,25,640.0,524.0,56.37,55.41,55.91,50.92,812,1712,124,82,-900,-356.58,-2779,-11.53
2024-12-06,backfill,2605,6090.27001953125,327,129,0.9446,1.323,613,236,234,152,85,21,651.0,546.0,56.2,55.55,56.2,52.32,1312,1199,113,78,113,45.0,-2666,-7.75
2024-12-09,backfill,2606,6052.85009765625,334,223,1.0316,1.2479,605,232,214,134,85,20,702.0,488.0,56.95,56.14,57.25,52.38,1268,1268,76,39,0,0.0,-2666,-6.73
2024-12-10,backfill,2606,6034.91015625,140,297,0.9899,1.0282,581,249,188,137,77,22,693.0,498.0,54.37,55.37,55.79,49.77,1008,1498,81,54,-490,-195.53,-3156,-15.6
2024-12-11,backfill,2606,6084.18994140625,205,233,0.9416,1.0689,565,260,173,152,64,22,743.0,464.0,54.95,55.45,55.64,51.38,1295,1211,108,86,84,33.52,-3072,-11.65
2024-12-12,backfill,2606,6051.25,109,373,0.8884,0.8961,489,299,174,167,68,25,689.0,517.0,51.53,54.3,52.76,43.4,724,1797,74,123,-1073,-425.62,-4145,-31.17
2024-12-13,backfill,2608,6051.08984375,137,249,0.6727,0.7979,466,311,181,162,72,28,681.0,523.0,48.16,53.83,49.85,38.77,856,1647,64,139,-791,-316.02,-4936,-42.23
2024-12-16,backfill,2609,6074.080078125,234,282,0.5753,0.7803,453,328,200,131,78,30,611.0,597.0,47.14,52.66,49.06,37.6,1117,1405,112,150,-288,-114.2,-5224,-41.38
2024-12-17,backfill,2609,6050.60986328125,163,229,0.6208,0.7922,440,314,210,121,85,23,586.0,591.0,41.7,51.67,45.42,31.97,825,1702,58,122,-877,-347.05,-6101,-52.09
2024-12-18,backfill,2609,5872.16015625,83,1197,0.3116,0.5276,329,385,157,151,75,35,436.0,686.0,25.53,45.96,28.59,17.17,232,2318,22,264,-2086,-818.04,-8187,-84.54
2024-12-19,backfill,2609,5867.080078125,169,268,0.3533,0.5463,332,395,152,161,63,28,474.0,640.0,26.18,45.8,29.21,17.25,1086,1431,30,217,-345,-137.07,-8532,-77.81
2024-12-20,backfill,2610,5930.85009765625,330,134,0.464,0.5463,365,355,161,149,72,32,509.0,610.0,29.62,47.62,31.57,20.77,1747,783,57,103,964,381.03,-7568,-45.76
2024-12-23,backfill,2611,5974.06982421875,216,234,0.4661,0.5109,360,356,157,162,71,27,490.0,619.0,29.45,47.07,31.87,20.8,1166,1356,41,101,-190,-75.34,-7758,-40.95
2024-12-24,backfill,2611,6040.0400390625,272,76,0.5605,0.5856,394,330,165,150,76,25,474.0,618.0,33.51,48.33,35.96,26.66,1880,618,56,50,1262,505.2,-6496,-7.6
2024-12-26,backfill,2611,6037.58984375,359,77,1.706,0.6643,384,339,168,139,76,17,428.0,672.0,36.88,49.79,39.18,31.71,1710,801,85,28,909,362.01,-5587,13.78
2024-12-27,backfill,2612,5970.83984375,159,225,1.7909,0.7142,354,361,175,130,85,17,389.0,705.0,32.77,48.43,35.3,27.22,580,1933,43,66,-1353,-538.4,-6940,-13.02
2024-12-30,backfill,2613,5906.93994140625,207,258,1.3943,0.7356,357,378,168,155,93,19,376.0,708.0,30.08,47.46,32.3,25.91,797,1748,66,100,-951,-373.67,-7891,-27.63
2024-12-31,backfill,2613,5881.6298828125,184,222,1.3765,0.7336,375,342,148,170,72,21,356.0,716.0,31.27,48.11,33.64,27.94,1416,1094,40,46,322,128.29,-7569,-14.89
2025-01-02,backfill,2614,5868.5498046875,429,124,1.4768,0.8554,390,322,160,134,77,18,396.0,616.0,32.9,47.9,35.39,34.81,1280,1257,64,48,23,9.07,-7546,-9.88
2025-01-03,backfill,2615,5942.47021484375,436,110,1.5069,1.5978,430,306,172,99,95,16,444.0,500.0,37.97,50.17,39.69,43.33,1851,685,79,36,1166,459.78,-6380,16.98
2025-01-06,backfill,2615,5975.3798828125,304,206,1.6957,1.7383,418,311,187,107,102,17,499.0,438.0,39.39,49.79,39.96,44.28,1189,1346,77,43,-157,-61.93,-6537,13.78
2025-01-07,backfill,2616,5909.02978515625,147,313,1.5385,1.4705,412,320,183,92,96,18,531.0,405.0,37.65,48.47,38.42,42.97,887,1642,46,61,-755,-298.54,-7292,-0.85
2025-01-08,backfill,2616,5918.25,89,500,1.1213,1.225,391,328,139,134,66,20,472.0,453.0,34.82,47.06,36.31,38.49,911,1616,45,98,-705,-278.99,-7997,-12.38
2025-01-10,backfill,2616,5827.0400390625,155,510,0.6901,0.9701,381,349,130,172,60,23,418.0,594.0,29.7,43.04,30.81,29.97,540,1995,39,162,-1455,-573.96,-9452,-36.93
2025-01-13,backfill,2616,5836.22021484375,177,429,0.4454,0.7894,357,362,113,183,52,27,369.0,573.0,28.21,43.46,29.2,30.01,1290,1236,36,103,54,21.38,-9398,-27.97
2025-01-14,backfill,2616,5842.91015625,257,259,0.4102,0.8137,333,389,100,160,46,27,343.0,561.0,29.28,45.53,30.96,36.62,1623,909,52,89,714,281.99,-8684,-7.13
2025-01-15,backfill,2617,5949.91015625,471,111,0.6352,0.9515,373,371,137,113,58,24,365.0,553.0,36.03,47.92,36.34,49.52,1944,598,95,54,1346,529.5,-7338,23.1
2025-01-16,backfill,2618,5937.33984375,207,172,0.8555,0.9773,374,364,126,104,61,20,336.0,636.0,38.43,48.66,38.16,53.44,1358,1143,97,46,215,85.97,-7123,26.65
2025-01-17,backfill,2618,5996.66015625,223,130,1.2125,0.9,360,382,151,109,62,21,345.0,547.0,41.48,49.92,40.68,59.63,1524,1002,110,48,522,206.65,-6601,35.58
2025-01-21,backfill,2618,6049.240234375,369,177,1.7986,0.8546,402,363,164,99,64,16,377.0,515.0,49.12,51.8,47.17,64.82,1826,707,169,38,1119,441.77,-5482,54.8
2025-01-22,backfill,2620,6086.3701171875,197,242,1.7632,0.8062,389,395,224,78,66,15,360.0,588.0,44.73,50.61,44.39,58.47,872,1653,99,72,-781,-309.31,-6263,33.41
2025-01-23,backfill,2620,6118.7099609375,222,163,1.3778,0.8789,420,380,229,77,77,18,346.0,574.0,46.72,51.11,46.18,60.88,1490,1034,122,62,456,180.67,-5807,39.44
2025-01-24,backfill,2622,6101.240234375,197,176,1.3604,1.0447,415,376,205,79,72,19,361.0,523.0,46.99,50.8,46.07,61.14,1250,1270,96,39,-20,-7.94,-5827,34.98
2025-01-27,backfill,2622,6012.27978515625,130,526,0.8684,1.0273,393,363,163,100,59,26,303.0,570.0,47.67,51.14,45.96,58.01,1176,1378,74,64,-202,-79.09,-6029,27.43
2025-01-28,backfill,2622,6067.7001953125,223,186,0.7494,1.1653,408,368,147,118,47,33,346.0,519.0,46.87,50.65,45.84,57.21,1180,1330,100,88,-150,-59.76,-6179,21.8
2025-01-29,backfill,2622,6039.31005859375,137,200,0.7266,1.1407,410,366,127,148,40,41,313.0,584.0,46.11,50.34,44.28,53.81,1068,1447,76,85,-379,-150.7,-6558,12.34
2025-01-30,backfill,2625,6071.169921875,316,148,0.8115,1.0476,409,381,152,140,42,40,343.0,547.0,51.66,51.39,48.99,59.39,1769,753,143,58,1016,402.85,-5542,31.86
2025-01-31,backfill,2626,6040.52978515625,137,287,0.7001,0.9624,391,390,141,151,33,42,316.0,568.0,47.79,49.96,44.9,54.84,770,1751,62,87,-981,-389.13,-6523,8.79
2025-02-03,backfill,2628,5994.56982421875,113,374,0.7749,0.8233,368,395,140,162,36,38,290.0,629.0,42.01,48.14,38.96,45.36,679,1864,61,151,-1185,-465.99,-7708,-14.82
2025-02-04,backfill,2628,6037.8798828125,391,128,0.9622,0.849,433,344,143,174,38,37,370.0,503.0,48.4,50.23,44.03,53.39,1769,770,107,77,999,393.46,-6709,8.05
2025-02-05,backfill,2630,6061.47998046875,312,143,1.175,0.9344,443,332,133,197,38,44,432.0,448.0,53.0,51.56,48.33,57.91,1667,857,142,69,810,320.92,-5899,23.92
2025-02-06,backfill,2632,6083.56982421875,211,264,0.9732,0.891,438,341,112,204,37,46,431.0,450.0,52.96,50.99,47.95,57.1,1205,1322,132,92,-117,-46.3,-6016,19.02
2025-02-07,backfill,2632,6025.990234375,124,331,0.9282,0.8094,376,375,108,206,38,43,415.0,489.0,49.24,49.73,43.84,49.92,692,1852,67,140,-1160,-455.97,-7176,-5.75
2025-02-10,backfill,2632,6066.43994140625,228,206,1.181,0.9669,335,395,143,158,46,33,592.0,351.0,50.72,50.49,45.74,49.51,1344,1206,113,131,138,54.12,-7038,-1.4
2025-02-11,backfill,2633,6068.5,142,358,0.7811,0.8655,317,409,162,166,45,34,577.0,387.0,50.44,50.4,45.69,47.13,1115,1417,78,141,-302,-119.27,-7340,-6.34
2025-02-12,backfill,2633,6051.97021484375,229,198,0.6883,0.904,318,405,186,133,55,30,508.0,429.0,47.13,48.8,42.73,41.13,975,1578,82,132,-603,-236.19,-7943,-16.38
2025-02-13,backfill,2635,6115.06982421875,320,138,0.8473,0.9094,315,397,203,129,68,25,559.0,394.0,51.42,50.85,48.05,48.54,1888,662,156,65,1226,480.78,-6717,10.97
2025-02-14,backfill,2635,6114.6298828125,257,213,1.0566,0.989,328,381,177,133,62,28,517.0,424.0,52.9,50.78,48.39,48.16,1230,1307,120,73,-77,-30.35,-6794,8.74
2025-02-18,backfill,2636,6129.580078125,247,277,1.0093,1.0909,343,350,169,139,55,31,495.0,468.0,53.22,51.63,50.34,50.95,1409,1133,148,97,276,108.58,-6518,13.74
2025-02-19,backfill,2636,6144.14990234375,173,243,1.1469,0.946,353,326,159,152,53,33,526.0,470.0,51.59,50.64,49.17,48.25,1091,1451,127,98,-360,-141.62,-6878,5.43
2025-02-20,backfill,2638,6117.52001953125,143,303,0.971,0.8194,356,301,126,174,49,33,527.0,484.0,47.99,49.62,46.47,43.14,877,1652,65,100,-775,-306.45,-7653,-9.94
2025-02-21,backfill,2638,6013.1298828125,98,596,0.5625,0.6849,303,337,113,205,44,42,432.0,566.0,40.41,46.06,40.3,33.66,505,2052,35,138,-1547,-605.01,-9200,-37.96
2025-02-24,backfill,2638,5983.25,114,470,0.4103,0.6499,265,350,92,256,37,41,361.0,651.0,36.66,44.24,37.64,30.48,908,1643,44,158,-735,-288.12,-9935,-45.88
2025-02-25,backfill,2640,5955.25,138,438,0.3249,0.5754,243,382,76,288,30,57,303.0,754.0,36.55,44.24,37.23,29.58,1100,1462,58,190,-362,-141.3,-10297,-45.08
2025-02-26,backfill,2640,5956.06005859375,322,162,0.4139,0.6718,242,403,96,231,39,40,328.0,751.0,37.35,44.39,38.07,30.95,1388,1164,47,144,224,87.77,-10073,-32.73
2025-02-27,backfill,2640,5861.56982421875,117,497,0.3648,0.5781,201,461,79,277,31,43,310.0,813.0,33.75,42.65,35.3,27.31,737,1819,39,225,-1082,-423.32,-11155,-47.55
2025-02-28,backfill,2640,5954.5,237,216,0.5205,0.5406,207,494,85,266,28,45,358.0,718.0,36.06,43.98,37.88,31.74,1665,871,77,147,794,313.09,-10361,-23.16
2025-03-03,backfill,2640,5849.72021484375,74,874,0.406,0.408,185,567,60,393,26,47,369.0,805.0,28.71,40.27,30.68,24.02,491,2093,60,349,-1602,-619.97,-11963,-48.85
2025-03-04,backfill,2640,5778.14990234375,196,340,0.4528,0.3895,160,587,63,367,30,46,323.0,811.0,25.08,37.35,27.65,20.57,844,1714,23,270,-870,-340.11,-12833,-56.58
2025-03-05,backfill,2640,5842.6298828125,458,119,0.5288,0.4725,176,580,85,300,35,39,348.0,757.0,29.47,39.58,30.8,26.17,1793,764,51,105,1029,402.42,-11804,-25.78
2025-03-06,backfill,2644,5738.52001953125,172,444,0.5705,0.4634,164,602,71,369,29,42,279.0,875.0,27.12,37.22,28.67,24.7,864,1686,22,131,-822,-322.35,-12626,-35.55
2025-03-07,backfill,2646,5770.2001953125,278,177,0.6029,0.5636,159,584,72,383,25,51,288.0,878.0,29.71,38.51,30.61,28.84,1476,1053,33,95,423,167.26,-12203,-19.25
2025-03-10,backfill,2646,5614.56005859375,70,945,0.5798,0.4896,142,675,49,492,21,59,231.0,1049.0,23.51,32.77,24.41,21.81,418,2159,28,252,-1741,-675.59,-13944,-47.35
2025-03-11,backfill,2646,5572.06982421875,319,256,0.6682,0.5566,147,645,58,430,19,56,205.0,1116.0,22.68,31.97,24.19,21.24,1190,1345,20,196,-155,-61.14,-14099,-40.43
2025-03-12,backfill,2646,5599.2998046875,339,174,0.5902,0.5591,151,644,64,406,23,50,226.0,1069.0,22.64,32.69,24.11,20.94,1401,1151,23,171,250,97.96,-13849,-26.35
2025-03-13,backfill,2647,5521.52001953125,118,507,0.5459,0.558,137,703,58,431,20,54,200.0,1197.0,20.44,30.07,21.95,19.08,661,1887,26,280,-1226,-481.16,-15075,-43.13
2025-03-14,backfill,2647,5638.93994140625,524,91,0.6944,0.6488,159,633,60,363,19,48,223.0,1059.0,24.52,33.36,26.37,27.31,2051,500,42,72,1551,608.0,-13524,-2.81
2025-03-17,backfill,2648,5675.1201171875,400,126,1.4731,0.9041,175,584,68,369,21,46,252.0,949.0,28.74,36.4,29.19,35.23,1927,631,78,55,1296,506.65,-12228,26.61
2025-03-18,backfill,2648,5614.66015625,125,312,1.2446,0.8896,185,559,68,394,18,45,248.0,992.0,27.45,34.48,28.4,33.69,925,1608,60,92,-683,-269.64,-12911,12.82
2025-03-19,backfill,2648,5675.2900390625,324,102,1.3102,0.8516,200,529,71,346,23,36,276.0,919.0,30.51,36.9,31.04,42.41,1824,727,64,61,1097,430.03,-11814,35.94
2025-03-20,backfill,2648,5662.89013671875,176,229,1.8012,0.9157,185,553,58,332,19,39,230.0,1008.0,29.53,35.99,30.25,41.47,930,1622,51,81,-692,-271.16,-12506,20.48
2025-03-21,backfill,2649,5667.56005859375,197,232,1.2208,0.8716,184,533,67,298,21,38,236.0,961.0,27.6,34.96,28.24,38.69,947,1594,28,111,-647,-254.62,-13153,7.98
2025-03-24,backfill,2649,5767.56982421875,401,166,1.1748,1.3317,250,427,80,205,23,32,271.0,796.0,33.03,38.35,32.65,52.7,1844,702,47,56,1142,448.55,-12011,32.41
2025-03-25,backfill,2650,5776.64990234375,118,313,1.167,1.2087,248,442,86,199,24,34,234.0,904.0,30.38,37.62,30.19,48.34,904,1654,58,122,-750,-293.2,-12761,16.05
2025-03-26,backfill,2651,5712.2001953125,102,382,0.7519,1.0102,215,493,87,199,31,30,208.0,1012.0,29.42,36.63,29.39,46.02,955,1591,40,145,-636,-249.8,-13397,4.16
2025-03-27,backfill,2651,5693.31005859375,185,236,0.7547,1.1658,220,496,83,220,27,30,211.0,1016.0,30.97,36.51,29.99,46.96,1224,1329,52,125,-105,-41.13,-13502,4.4
2025-03-28,backfill,2652,5580.93994140625,62,607,0.5094,0.7726,177,593,80,232,23,32,184.0,1097.0,25.26,32.09,25.0,33.79,405,2174,34,286,-1769,-685.92,-15271,-27.66
2025-03-31,backfill,2652,5611.85009765625,109,428,0.293,0.5983,159,653,71,292,27,38,174.0,1155.0,24.51,31.49,23.98,32.39,1065,1502,56,330,-437,-170.24,-15708,-29.15
2025-04-01,backfill,2653,5633.06982421875,180,289,0.3285,0.6213,156,648,82,227,32,38,176.0,1150.0,24.99,31.62,24.05,34.23,1336,1215,46,287,121,47.43,-15587,-19.39
2025-04-02,backfill,2653,5670.97021484375,372,123,0.5395,0.6329,164,603,86,201,30,36,187.0,1045.0,28.53,33.47,27.03,42.22,1849,691,54,93,1158,455.91,-14429,9.48
2025-04-03,backfill,2655,5396.52001953125,72,1541,0.2661,0.4165,142,777,60,344,25,46,145.0,1462.0,18.87,25.69,18.72,19.13,338,2265,44,534,-1927,-740.3,-16356,-25.7
2025-04-04,backfill,2656,5074.080078125,103,1491,0.2159,0.3056,88,946,49,427,24,51,92.0,1697.0,9.41,17.77,9.86,8.21,289,2307,7,677,-2018,-777.35,-18374,-57.5
2025-04-07,backfill,2658,5062.25,208,525,0.2356,0.2546,76,1023,50,491,25,55,78.0,1811.0,7.86,15.58,8.09,6.58,804,1781,6,598,-977,-377.95,-19351,-64.44
2025-04-08,backfill,2659,4982.77001953125,105,864,0.1893,0.231,66,1143,50,499,27,63,67.0,1891.0,6.62,13.8,6.96,5.19,449,2140,5,852,-1691,-653.15,-21042,-83.8
2025-04-09,backfill,2659,5456.89990234375,1934,66,0.5398,0.5397,86,863,61,302,28,50,88.0,1511.0,14.14,21.51,12.97,17.56,2393,217,7,70,2176,833.72,-18866,-25.6
2025-04-10,backfill,2662,5268.0498046875,121,1149,0.6034,0.4611,84,958,58,402,20,51,106.0,1613.0,11.57,17.66,11.34,11.76,422,2168,17,211,-1746,-674.13,-20612,-51.09
2025-04-11,backfill,2662,5363.35986328125,521,120,1.0606,0.5647,111,867,73,317,25,48,125.0,1450.0,15.89,19.68,14.12,18.63,1873,704,27,127,1169,453.63,-19443,-16.25
2025-04-14,backfill,2662,5405.97021484375,415,127,1.331,0.6403,130,793,62,320,30,48,153.0,1357.0,19.53,21.56,16.98,24.31,1905,666,37,81,1239,481.91,-18204,15.03
2025-04-15,backfill,2663,5396.6298828125,206,205,1.9178,0.6532,129,797,59,368,31,46,149.0,1347.0,20.2,22.12,17.72,25.38,1308,1249,41,96,59,23.07,-18145,18.76
2025-04-16,backfill,2663,5275.7001953125,159,360,0.7251,0.5962,120,894,56,375,26,49,163.0,1333.0,19.68,21.18,16.94,24.3,834,1739,39,145,-905,-351.73,-19050,3.12
2025-04-17,backfill,2665,5282.7001953125,293,131,1.6903,0.8069,129,860,56,368,24,47,170.0,1314.0,22.48,22.44,18.65,29.34,1763,779,35,78,984,387.1,-18066,26.67
2025-04-21,backfill,2666,5158.2001953125,147,507,0.9173,1.0136,116,933,47,395,19,51,198.0,1232.0,18.75,19.47,15.75,24.16,580,2014,24,177,-1434,-552.81,-19500,-0.32
2025-04-22,backfill,2667,5287.759765625,638,83,1.1221,1.2566,120,910,52,309,25,43,228.0,969.0,26.4,23.32,21.97,40.76,2242,343,43,47,1899,734.62,-17601,40.97
2025-04-23,backfill,2667,5375.85986328125,438,90,1.4304,1.7167,128,849,54,298,24,34,197.0,988.0,31.76,24.63,26.32,51.14,1836,728,34,30,1108,432.14,-16493,60.95
2025-04-24,backfill,2667,5484.77001953125,608,94,2.347,1.2373,127,778,76,207,23,33,259.0,788.0,40.34,27.22,31.57,67.64,2015,569,47,29,1446,559.6,-15047,84.1
2025-04-25,backfill,2667,5525.2099609375,198,178,2.1313,1.9119,123,768,85,188,24,27,262.0,810.0,40.94,27.18,33.33,70.23,1232,1324,37,31,-92,-35.99,-15139,73.69
2025-04-28,backfill,2667,5528.75,189,158,3.4345,1.7025,132,717,91,176,21,24,360.0,642.0,43.12,27.63,34.83,73.64,1482,1077,36,38,405,158.26,-14734,74.14
2025-04-29,backfill,2667,5560.830078125,181,167,2.3493,1.5494,137,730,110,131,28,22,353.0,618.0,46.57,28.8,37.8,76.45,1540,1002,40,39,538,211.64,-14196,76.82
2025-04-30,backfill,2667,5569.06005859375,199,219,1.685,1.535,136,738,143,127,37,21,314.0,663.0,45.67,28.05,37.83,74.92,1089,1458,44,56,-369,-144.88,-14565,60.9
2025-05-01,backfill,2668,5604.14013671875,243,203,1.0919,1.7126,114,746,163,117,46,21,367.0,580.0,48.09,28.45,40.07,76.46,1395,1181,29,48,214,83.07,-14351,58.38
2025-05-02,backfill,2669,5686.669921875,482,117,1.4977,1.8298,145,655,164,100,37,16,365.0,584.0,58.26,31.85,49.76,82.13,2049,529,74,32,1520,589.6,-12831,81.26
2025-05-05,backfill,2669,5650.3798828125,134,337,1.1879,2.0109,146,648,236,72,54,12,292.0,689.0,55.19,30.87,47.13,77.29,853,1720,54,55,-867,-336.96,-13698,54.09
2025-05-06,backfill,2669,5606.91015625,171,434,0.9382,1.4236,131,747,356,73,70,16,305.0,730.0,51.07,30.09,44.4,69.99,910,1652,47,86,-742,-289.62,-14440,32.96
2025-05-07,backfill,2669,5631.27978515625,224,272,0.92,1.2065,116,751,370,65,74,16,262.0,775.0,52.64,30.31,46.12,66.54,1407,1139,57,96,268,105.26,-14172,34.47
2025-05-08,backfill,2671,5663.93994140625,556,166,1.1817,1.1448,131,681,621,55,128,16,317.0,651.0,59.34,32.76,53.43,71.36,1847,731,61,57,1116,432.89,-13056,51.97
2025-05-09,backfill,2672,5659.91015625,259,233,0.932,1.144,150,653,304,74,85,18,356.0,648.0,59.24,32.78,53.89,69.5,1260,1301,82,70,-41,-16.01,-13097,44.22
2025-05-12,backfill,2673,5844.18994140625,900,164,1.6627,1.4485,136,571,570,57,130,21,351.0,562.0,68.54,37.93,63.97,75.12,1987,613,67,25,1374,528.46,-11723,64.61
2025-05-13,backfill,2675,5886.5498046875,329,245,2.1,1.4632,151,534,526,72,130,22,402.0,514.0,68.26,38.73,64.45,73.46,1479,1124,89,46,355,136.38,-11368,62.11
2025-05-14,backfill,2676,5892.580078125,174,355,1.9071,1.3745,151,552,436,76,111,28,442.0,511.0,65.06,37.44,60.5,68.01,865,1725,82,77,-860,-332.05,-12228,36.24
2025-05-15,backfill,2677,5916.93017578125,252,210,1.5857,1.3743,149,599,437,78,113,31,453.0,512.0,67.16,38.85,62.72,70.56,1527,1057,94,49,470,181.89,-11758,39.63
2025-05-16,backfill,2678,5958.3798828125,307,134,1.7708,1.2965,159,576,537,72,145,29,639.0,403.0,70.72,40.66,66.24,72.93,1672,905,101,37,767,297.63,-10991,48.13
2025-05-19,backfill,2678,5963.60009765625,228,196,1.1316,1.4114,166,575,494,74,137,28,678.0,363.0,70.91,40.33,66.24,72.11,1189,1385,95,41,-196,-76.15,-11187,36.46
2025-05-20,backfill,2678,5940.4599609375,239,150,1.1483,1.632,164,544,583,71,173,27,696.0,355.0,72.07,40.22,67.1,71.66,1196,1377,70,37,-181,-70.35,-11368,26.59
2025-05-21,backfill,2678,5844.60986328125,86,657,0.8255,1.3267,160,601,384,89,113,30,557.0,498.0,64.15,35.47,59.07,55.12,369,2224,35,92,-1855,-715.39,-13223,-14.23
2025-05-22,backfill,2679,5842.009765625,230,159,0.841,1.2002,203,536,337,103,99,31,852.0,330.0,63.61,35.27,58.04,52.78,1170,1384,39,77,-214,-83.79,-13437,-17.48
2025-05-23,backfill,2680,5802.81982421875,158,220,0.6809,1.1659,217,510,258,114,84,28,1116.0,252.0,62.87,34.14,56.34,48.43,1038,1537,52,89,-499,-193.79,-13936,-25.67
2025-05-27,backfill,2680,5921.5400390625,477,154,0.8881,1.0,252,444,304,111,93,30,1334.0,208.0,69.44,37.84,64.59,60.67,1987,600,100,42,1387,536.14,-12549,3.95
2025-05-28,backfill,2680,5888.5498046875,157,248,0.7705,0.9295,229,479,284,114,98,31,1445.0,178.0,66.53,36.19,60.78,51.87,742,1836,47,63,-1094,-424.36,-13643,-18.77
2025-05-29,backfill,2680,5912.169921875,216,178,1.2909,1.0191,255,412,279,120,90,28,966.0,250.0,68.17,37.09,63.02,55.19,1546,1019,63,49,527,205.46,-13116,-6.62
2025-05-30,backfill,2680,5911.68994140625,124,279,1.0491,0.9356,235,437,265,127,88,28,1200.0,217.0,66.49,36.9,61.16,49.59,934,1641,62,67,-707,-274.56,-13823,-20.19
2025-06-02,backfill,2683,5935.93994140625,300,187,1.218,0.9123,315,355,270,119,90,25,1102.0,257.0,66.23,36.53,60.86,48.94,1229,1353,105,60,-124,-48.02,-13947,-20.36
2025-06-03,backfill,2684,5970.3701171875,423,124,1.2008,1.0229,338,313,248,110,85,25,1097.0,255.0,69.0,38.3,65.65,56.74,1820,775,94,28,1045,402.7,-12902,2.12
2025-06-04,backfill,2684,5970.81005859375,239,153,1.4137,1.0216,309,331,299,99,95,22,1068.0,239.0,67.55,37.56,64.68,53.43,1196,1377,80,23,-181,-70.35,-13083,-2.31
2025-06-05,backfill,2686,5939.2998046875,162,268,1.2344,1.2619,334,324,303,94,100,23,1138.0,254.0,64.82,37.04,64.33,50.6,1107,1451,76,44,-344,-134.48,-13427,-9.3
2025-06-06,backfill,2686,6000.35986328125,398,104,1.8206,1.3859,353,316,329,72,119,20,1162.0,246.0,69.73,39.8,69.21,60.65,1976,610,104,21,1366,528.23,-12061,17.91
2025-06-09,backfill,2688,6005.8798828125,299,159,1.8824,1.5076,452,260,313,75,106,17,1284.0,204.0,70.46,41.07,70.65,61.9,1508,1070,86,31,438,169.9,-11623,23.16
2025-06-10,backfill,2688,6038.81005859375,221,179,1.5284,1.3513,432,249,313,77,100,21,1161.0,235.0,71.06,42.97,72.66,67.08,1524,1045,55,33,479,186.45,-11144,28.37
2025-06-11,backfill,2689,6022.240234375,196,238,1.346,1.3793,416,260,255,86,78,23,1039.0,260.0,68.87,41.84,70.88,63.93,1041,1547,70,28,-506,-195.52,-11650,13.58
2025-06-12,backfill,2691,6045.259765625,141,259,1.3365,1.2836,440,248,242,97,74,22,903.0,312.0,67.37,41.47,70.16,61.95,1183,1400,82,46,-217,-84.01,-11867,6.44
2025-06-13,backfill,2693,5976.97021484375,105,567,0.6862,1.1099,360,306,234,116,76,24,795.0,359.0,55.89,37.91,62.16,43.41,470,2148,50,102,-1678,-640.95,-13545,-27.54
2025-06-16,backfill,2694,6033.10986328125,399,140,0.7679,1.1789,343,316,246,108,81,24,831.0,346.0,58.57,39.87,63.88,52.9,1693,923,92,57,770,294.34,-12775,-9.69
2025-06-17,backfill,2694,5982.72021484375,132,356,0.6237,0.9459,349,319,205,129,67,26,763.0,381.0,52.45,37.71,59.35,42.69,682,1934,65,90,-1252,-478.59,-14027,-33.03
2025-06-18,backfill,2696,5980.8701171875,223,132,0.6878,0.9475,323,343,206,117,62,29,798.0,354.0,52.74,38.17,59.68,47.11,1477,1088,64,67,389,151.66,-13638,-21.31
2025-06-20,backfill,2697,5967.83984375,173,293,0.6935,0.9423,328,347,186,139,61,28,742.0,383.0,50.43,38.15,57.55,44.09,1087,1523,58,80,-436,-167.05,-14074,-27.11
2025-06-23,backfill,2702,6025.169921875,223,303,0.9395,0.8043,340,348,225,133,62,25,654.0,423.0,56.25,39.16,61.07,50.74,1571,1040,86,61,531,203.37,-13543,-13.42
2025-06-24,backfill,2703,6092.18017578125,449,120,0.9967,0.8744,329,328,240,119,68,21,776.0,352.0,61.08,41.4,64.78,57.79,1914,694,106,33,1220,467.79,-12323,11.58
2025-06-25,backfill,2704,6092.16015625,153,294,1.0692,0.812,331,332,239,114,58,23,797.0,347.0,54.84,39.24,59.32,49.67,754,1851,57,50,-1097,-421.11,-13420,-11.55
2025-06-26,backfill,2708,6141.02001953125,312,140,1.1391,0.8871,413,298,223,110,62,25,842.0,323.0,60.86,42.25,63.4,57.9,1915,703,113,35,1212,462.95,-12208,12.93
2025-06-27,backfill,2708,6173.06982421875,180,275,1.1634,0.8966,401,306,220,109,64,28,722.0,341.0,59.08,41.88,62.37,56.43,1301,1308,116,54,-7,-2.68,-12215,10.52
2025-06-30,backfill,2709,6204.9501953125,265,202,1.3181,1.1126,490,255,227,101,72,29,718.0,320.0,60.54,42.6,63.09,57.99,1411,1199,109,44,212,81.23,-12003,12.6
2025-07-01,backfill,2710,6198.009765625,372,206,1.1477,1.0694,528,224,241,87,73,31,604.0,350.0,64.21,45.68,65.76,62.4,1661,961,104,43,700,266.97,-11303,23.6
2025-07-02,backfill,2712,6227.419921875,394,95,1.659,1.332,587,216,271,88,86,22,658.0,344.0,67.18,47.71,67.99,67.0,1856,764,146,19,1092,416.79,-10211,40.38
2025-07-03,backfill,2712,6279.35009765625,223,85,1.6616,1.3631,574,216,245,90,77,23,747.0,295.0,69.36,49.19,69.76,70.5,1789,793,181,11,996,385.75,-9215,52.97
2025-07-07,backfill,2712,6229.97998046875,151,371,1.4651,1.3018,745,195,219,112,74,26,663.0,314.0,64.12,47.01,65.3,63.46,669,1954,97,36,-1285,-489.9,-10500,19.69
2025-07-08,backfill,2713,6225.52001953125,351,153,1.6385,1.4683,986,170,246,90,80,26,652.0,311.0,65.87,48.29,67.67,67.05,1647,978,70,25,669,254.86,-9831,28.38
2025-07-09,backfill,2714,6263.259765625,325,142,1.7069,1.3887,1079,147,228,90,76,23,687.0,290.0,68.31,49.45,69.31,69.38,1613,1001,103,20,612,234.12,-9219,34.62
2025-07-10,backfill,2714,6280.4599609375,238,156,1.4201,1.5403,1243,127,212,89,71,24,734.0,290.0,69.53,50.29,69.34,71.19,1591,1019,121,17,572,219.16,-8647,39.04
2025-07-11,backfill,2717,6259.75,138,337,1.038,1.3042,833,162,188,93,68,23,850.0,276.0,64.56,48.62,65.88,64.89,694,1930,73,29,-1236,-471.04,-9883,8.12
2025-07-14,backfill,2717,6268.56005859375,229,188,1.3125,1.3881,1028,145,197,94,76,27,862.0,263.0,66.14,48.51,66.4,65.99,1472,1151,98,36,321,122.38,-9562,11.3
2025-07-15,backfill,2717,6243.759765625,127,386,0.8743,1.2025,882,166,195,93,75,27,760.0,284.0,58.04,45.56,59.4,52.93,536,2102,50,54,-1566,-593.63,-11128,-21.83
2025-07-16,backfill,2719,6263.7001953125,294,113,0.8695,1.2192,861,166,269,82,94,23,691.0,289.0,61.24,46.67,61.86,57.67,1774,836,67,20,938,359.39,-10190,-2.39
2025-07-17,backfill,2719,6297.35986328125,313,104,0.9761,1.174,904,157,250,88,88,18,811.0,254.0,64.77,48.58,64.73,62.74,1787,826,122,22,961,367.78,-9229,14.65
2025-07-18,backfill,2719,6296.7900390625,171,245,1.0946,1.0647,922,157,281,87,96,22,738.0,279.0,61.75,48.33,62.49,57.48,988,1625,91,44,-637,-243.78,-9866,-1.42
2025-07-21,backfill,2720,6305.60009765625,241,205,1.0883,1.1962,878,159,267,91,93,20,798.0,265.0,61.91,47.9,61.69,56.32,1256,1382,78,35,-126,-47.76,-9992,-5.36
2025-07-22,backfill,2721,6309.6201171875,377,137,1.7363,1.2186,1003,143,322,78,112,14,877.0,254.0,66.67,50.35,66.01,63.07,1810,824,104,16,986,374.34,-9006,12.41
2025-07-23,backfill,2723,6358.91015625,428,101,1.9318,1.2961,965,148,380,69,134,20,869.0,250.0,71.54,52.77,70.29,69.63,1916,712,148,15,1204,458.14,-7802,31.72
2025-07-24,backfill,2725,6363.35009765625,131,384,1.2575,1.1132,852,165,303,77,112,18,795.0,273.0,65.47,49.61,65.87,60.04,760,1855,93,31,-1095,-418.74,-8897,4.24
2025-07-25,backfill,2726,6388.64013671875,151,228,1.2588,1.1774,761,173,315,75,113,17,816.0,266.0,64.27,50.04,65.08,59.21,1328,1268,107,24,60,23.11,-8837,2.81
2025-07-28,backfill,2726,6389.77001953125,158,260,1.1216,1.1054,755,170,266,73,101,19,703.0,303.0,61.63,48.9,62.55,54.07,953,1676,75,37,-723,-275.01,-9560,-13.33
2025-07-29,backfill,2726,6370.85986328125,110,501,0.6635,1.0421,708,200,225,86,88,21,566.0,352.0,57.37,47.29,58.58,46.63,875,1763,77,61,-888,-336.62,-10448,-30.15
2025-07-30,backfill,2728,6362.89990234375,142,362,0.3988,0.8793,654,214,193,89,80,17,523.0,394.0,49.45,44.94,52.79,36.88,747,1877,79,68,-1130,-430.64,-11578,-49.08
2025-07-31,backfill,2730,6339.39013671875,139,368,0.4072,0.7338,643,240,182,107,68,17,489.0,435.0,44.25,42.75,48.35,31.17,793,1844,76,109,-1051,-398.56,-12629,-63.41
2025-08-01,backfill,2732,6238.009765625,110,530,0.3261,0.646,557,252,141,136,68,23,446.0,477.0,36.24,40.96,39.75,23.76,619,2033,47,133,-1414,-533.18,-14043,-82.08
2025-08-04,backfill,2733,6329.93994140625,509,91,0.5454,0.7613,544,251,161,123,66,22,604.0,377.0,43.32,42.66,47.2,33.48,2069,573,111,57,1496,566.24,-12547,-42.66
2025-08-05,backfill,2733,6299.18994140625,241,200,0.7357,0.7005,596,223,172,113,70,22,574.0,386.0,44.9,43.58,48.88,35.46,1436,1183,74,57,253,96.6,-12294,-32.23
2025-08-06,backfill,2734,6345.06005859375,199,313,0.7976,0.5839,611,223,162,139,57,22,631.0,409.0,44.33,43.34,46.96,35.44,1184,1440,81,84,-256,-97.56,-12550,-32.85
2025-08-07,backfill,2737,6340.0,239,330,0.8866,0.6277,615,232,146,178,53,25,612.0,436.0,42.16,42.53,44.83,35.37,1129,1496,92,89,-367,-139.81,-12917,-35.33
2025-08-08,backfill,2738,6389.4501953125,259,256,1.216,0.6559,542,251,136,183,46,24,644.0,434.0,43.68,43.35,45.76,36.63,1327,1315,112,103,12,4.54,-12905,-30.06
2025-08-11,backfill,2739,6373.4501953125,202,253,0.8432,0.671,541,259,151,185,42,22,633.0,457.0,41.88,43.01,44.69,35.85,1151,1503,89,95,-352,-132.63,-13257,-32.26
2025-08-12,backfill,2739,6445.759765625,610,136,1.1716,0.9334,508,263,174,171,53,22,652.0,432.0,50.02,46.84,51.84,47.61,2060,588,185,46,1472,555.89,-11785,0.44
2025-08-13,backfill,2740,6466.580078125,515,134,1.6456,1.1578,541,255,226,130,62,19,773.0,368.0,56.17,50.47,57.26,55.55,1970,674,185,26,1296,490.17,-10489,25.12
2025-08-14,backfill,2741,6468.5400390625,158,300,1.6163,1.1962,541,254,201,167,58,24,678.0,418.0,53.3,48.56,54.47,51.66,784,1857,91,55,-1073,-406.29,-11562,1.27
2025-08-15,backfill,2741,6449.7998046875,183,211,1.6132,1.4006,523,249,167,184,47,25,667.0,410.0,50.49,47.9,52.54,48.89,1074,1547,71,55,-473,-180.47,-12035,-7.84
2025-08-18,backfill,2742,6449.14990234375,271,174,1.8188,1.2471,500,258,200,186,53,23,660.0,415.0,52.01,48.65,53.72,52.19,1472,1169,80,37,303,114.73,-11732,-0.83
2025-08-19,backfill,2742,6411.3701171875,73,483,0.9217,1.0459,476,280,173,216,45,24,564.0,457.0,48.69,48.61,51.31,49.27,1057,1588,60,64,-531,-200.76,-12263,-10.61
2025-08-20,backfill,2743,6395.77978515625,151,204,0.6093,1.0726,463,291,143,232,43,27,478.0,514.0,47.87,48.49,50.42,49.84,1196,1428,73,72,-232,-88.41,-12495,-13.29
2025-08-21,backfill,2745,6370.169921875,220,146,0.7373,1.1502,535,251,116,268,28,29,475.0,545.0,47.98,48.31,50.75,52.31,1340,1276,75,62,64,24.46,-12431,-9.88
2025-08-22,backfill,2747,6466.91015625,970,47,1.5987,1.6058,641,232,173,183,47,26,666.0,426.0,61.67,53.59,62.1,69.38,2333,332,220,12,2001,750.84,-10430,29.4
2025-08-25,backfill,2747,6439.31982421875,183,243,1.4221,1.6044,611,226,169,184,39,25,603.0,474.0,57.81,51.8,58.9,66.4,793,1842,126,27,-1049,-398.1,-11479,5.4
2025-08-26,backfill,2748,6465.93994140625,228,125,2.2902,1.4282,587,237,192,167,45,26,584.0,468.0,58.55,52.66,59.5,67.87,1524,1097,185,33,427,162.91,-11052,12.9
2025-08-27,backfill,2748,6481.39990234375,167,154,2.4727,1.2477,606,229,216,150,56,19,577.0,479.0,59.53,53.46,60.81,69.51,1532,1103,169,24,429,162.81,-10623,19.24
2025-08-28,backfill,2749,6501.85986328125,182,139,2.4435,1.3645,606,222,244,124,62,19,628.0,425.0,60.71,53.58,60.89,69.26,1305,1315,163,30,-10,-3.82,-10633,16.24
2025-08-29,backfill,2749,6460.259765625,141,222,1.0204,1.3351,598,222,257,120,72,19,607.0,448.0,59.51,53.73,59.66,66.9,1159,1469,128,32,-310,-117.96,-10943,7.88
2025-09-02,backfill,2750,6415.5400390625,171,257,0.9911,1.2307,571,236,291,99,84,23,658.0,450.0,55.64,52.58,56.22,59.71,876,1768,118,58,-892,-337.37,-11835,-10.28
2025-09-03,backfill,2750,6448.259765625,179,212,0.8537,1.482,551,272,245,126,79,25,613.0,485.0,55.05,52.76,55.96,57.93,1153,1469,110,70,-316,-120.52,-12151,-14.9
2025-09-04,backfill,2751,6502.080078125,208,247,0.818,1.4782,570,280,236,139,70,26,584.0,523.0,56.96,53.36,56.63,60.45,1634,1008,167,60,626,236.94,-11525,-0.91
2025-09-05,backfill,2751,6481.5,273,162,0.8836,1.4945,589,260,254,125,72,23,653.0,507.0,58.63,54.38,58.05,61.21,1457,1172,155,46,285,108.41,-11240,4.62
2025-09-08,backfill,2751,6495.14990234375,263,222,0.9945,1.0061,559,278,282,119,81,27,663.0,506.0,58.81,53.87,57.87,60.89,1350,1294,185,59,56,21.18,-11184,4.98
2025-09-09,backfill,2751,6512.60986328125,296,161,1.2141,1.1089,543,275,287,106,96,24,607.0,529.0,59.07,53.65,57.22,57.18,1118,1525,119,50,-407,-153.99,-11591,-3.51
2025-09-10,backfill,2751,6532.0400390625,263,237,1.2663,1.0646,542,283,284,103,105,22,538.0,592.0,57.51,53.51,56.27,54.23,1125,1526,127,54,-401,-151.26,-11992,-10.61
2025-09-11,backfill,2755,6587.47021484375,434,104,1.7257,1.2277,583,267,264,90,104,22,669.0,497.0,63.67,55.97,61.85,66.1,2044,613,225,17,1431,538.58,-10561,17.87
2025-09-12,backfill,2759,6584.2900390625,190,238,1.5031,1.1726,572,257,236,94,86,23,628.0,516.0,59.95,54.15,59.08,58.03,818,1830,117,41,-1012,-382.18,-11573,-3.91
2025-09-15,backfill,2759,6615.27978515625,252,223,1.4901,1.2259,651,239,269,86,97,21,659.0,492.0,59.33,53.97,58.5,55.85,1282,1373,159,63,-91,-34.27,-11664,-5.12
2025-09-16,backfill,2760,6606.759765625,233,181,1.3957,1.304,611,246,251,82,102,18,720.0,431.0,58.55,54.13,57.43,54.24,1208,1437,113,37,-229,-86.58,-11893,-8.74
2025-09-17,backfill,2760,6600.35009765625,153,203,1.3298,1.2968,653,243,240,87,93,13,757.0,418.0,58.01,53.88,57.1,51.2,1211,1441,103,50,-230,-86.73,-12123,-11.8
2025-09-18,backfill,2760,6631.9599609375,468,113,1.3528,1.532,692,232,332,68,115,13,929.0,330.0,64.46,56.81,62.07,61.92,1964,694,197,32,1270,477.8,-10853,13.87
2025-09-19,backfill,2762,6664.35986328125,231,289,1.3251,1.412,682,226,349,60,122,12,965.0,290.0,60.64,55.43,59.63,53.8,904,1765,148,53,-861,-322.59,-11714,-4.28
2025-09-22,backfill,2763,6693.75,339,184,1.468,1.479,700,211,347,63,133,13,867.0,309.0,61.67,55.66,59.83,55.63,1479,1198,166,46,281,104.97,-11433,1.61
2025-09-23,backfill,2763,6656.919921875,149,285,1.2477,1.3184,628,222,295,78,102,19,847.0,315.0,61.53,55.66,59.32,52.52,1087,1560,139,64,-473,-178.69,-11906,-7.55
2025-09-24,backfill,2763,6637.97021484375,242,207,1.3256,1.3276,638,214,288,76,101,18,842.0,306.0,59.86,55.19,57.65,50.49,1187,1471,83,53,-284,-106.85,-12190,-11.74
2025-09-25,backfill,2764,6604.72021484375,115,378,0.8012,1.0309,570,248,244,85,86,21,787.0,319.0,54.52,53.55,54.27,43.67,687,1975,63,93,-1288,-483.85,-13478,-34.13
2025-09-26,backfill,2766,6643.7001953125,241,169,0.888,1.0856,592,235,248,82,94,22,807.0,290.0,57.56,54.77,57.16,49.06,1759,886,132,46,873,330.06,-12605,-12.4
2025-09-29,backfill,2767,6661.2099609375,241,191,0.8033,1.0964,596,250,260,89,96,23,814.0,270.0,54.97,54.61,55.66,47.09,1234,1427,148,62,-193,-72.53,-12798,-13.89
2025-09-30,backfill,2768,6688.4599609375,155,237,0.8409,1.0346,582,269,277,97,96,26,692.0,315.0,54.62,54.34,55.56,45.45,1278,1364,145,49,-86,-32.55,-12884,-13.09
2025-10-01,backfill,2770,6711.2001953125,305,165,0.9272,1.1208,557,264,297,87,105,24,650.0,356.0,54.01,54.55,55.49,46.64,1336,1310,132,59,26,9.83,-12858,-10.23
2025-10-02,backfill,2772,6715.35009765625,271,133,1.3553,1.0228,542,273,307,85,114,17,678.0,293.0,53.28,54.55,54.98,48.05,1394,1263,121,43,131,49.3,-12727,-5.75
2025-10-03,backfill,2774,6715.7900390625,284,147,1.4387,1.1174,575,237,337,73,131,18,720.0,270.0,55.91,55.84,58.22,51.55,1664,1004,135,29,660,247.38,-12067,8.01
2025-10-06,backfill,2774,6740.27978515625,308,178,1.5384,1.1057,578,239,350,72,148,15,723.0,281.0,55.73,55.48,57.53,51.23,1354,1328,173,59,26,9.69,-12041,7.85
2025-10-07,backfill,2774,6714.58984375,136,339,1.3555,1.0718,510,269,322,70,135,19,732.0,299.0,50.65,54.18,53.93,46.11,779,1909,83,83,-1130,-420.39,-13171,-13.84
2025-10-08,backfill,2774,6753.72021484375,375,110,1.5149,1.1876,543,255,344,76,143,20,802.0,260.0,52.99,55.48,56.67,49.57,1673,1010,159,45,663,247.11,-12508,1.07
2025-10-09,backfill,2776,6735.10986328125,194,256,1.2592,1.3039,549,257,316,77,142,17,745.0,289.0,48.81,54.11,52.38,43.8,861,1814,85,89,-953,-356.26,-13461,-16.36
2025-10-10,backfill,2776,6552.509765625,55,1045,0.5539,0.8297,470,310,225,137,93,22,526.0,516.0,36.53,47.77,39.16,29.18,311,2407,39,164,-2096,-771.16,-15557,-51.92
2025-10-13,backfill,2776,6654.72021484375,519,132,0.6796,0.9489,546,274,264,118,117,23,595.0,422.0,40.81,51.04,44.13,36.06,2028,672,109,65,1356,502.22,-14201,-18.4
2025-10-14,backfill,2776,6644.31005859375,373,126,0.9083,1.0718,575,272,274,100,121,21,607.0,386.0,46.36,53.71,48.88,44.49,1842,851,131,31,991,367.99,-13210,3.64
2025-10-15,backfill,2776,6671.06005859375,337,202,0.8393,1.069,575,284,299,98,119,18,618.0,391.0,46.61,53.82,49.21,45.14,1453,1210,186,41,243,91.25,-12967,8.63
2025-10-16,backfill,2777,6629.06982421875,110,685,0.6365,0.8357,543,298,253,116,103,23,568.0,484.0,40.22,50.16,42.71,37.59,672,2016,88,94,-1344,-500.0,-14311,-16.71
2025-10-17,backfill,2778,6664.009765625,117,388,0.9498,0.7293,523,310,185,135,67,23,529.0,479.0,39.45,50.65,41.58,36.18,1182,1490,60,78,-308,-115.27,-14619,-19.06
2025-10-20,backfill,2779,6735.1298828125,489,118,0.9388,0.7954,545,315,220,113,85,20,624.0,391.0,44.91,53.8,46.92,46.06,2104,591,119,36,1513,561.41,-13106,12.87
2025-10-21,backfill,2781,6735.35009765625,183,319,0.722,0.814,466,324,167,122,62,21,599.0,354.0,45.56,53.87,47.9,47.18,1337,1363,65,35,-26,-9.63,-13132,11.55
2025-10-22,backfill,2783,6699.39990234375,99,498,0.497,0.6569,450,334,140,138,58,23,526.0,407.0,42.15,53.29,44.63,41.18,937,1750,53,73,-813,-302.57,-13945,-4.29
2025-10-23,backfill,2783,6738.43994140625,396,118,0.891,0.7375,489,319,141,127,57,18,554.0,406.0,46.14,53.79,47.14,47.57,1723,955,104,42,768,286.78,-13177,11.66
2025-10-24,backfill,2783,6791.68994140625,308,113,1.265,1.086,522,300,179,97,68,20,587.0,374.0,49.69,54.73,50.63,53.97,1713,966,133,36,747,278.84,-12430,24.85
2025-10-27,backfill,2784,6875.16015625,238,254,0.9401,0.9394,557,257,176,101,78,19,570.0,384.0,49.21,54.67,50.0,53.7,1283,1413,131,47,-130,-48.22,-12560,19.64
2025-10-28,backfill,2784,6890.89013671875,151,279,0.9445,0.8164,560,272,161,103,61,17,559.0,416.0,45.44,53.52,46.66,47.59,940,1748,97,72,-808,-300.6,-13368,2.47
2025-10-29,backfill,2784,6890.58984375,168,463,1.0277,0.6983,556,282,163,111,60,20,493.0,594.0,39.4,50.0,41.02,38.36,744,1971,113,168,-1227,-451.93,-14595,-19.79
2025-10-30,backfill,2784,6822.33984375,164,410,0.6774,0.7814,578,270,149,134,55,19,497.0,609.0,36.39,49.75,38.25,34.84,955,1747,91,162,-792,-293.12,-15387,-30.78
2025-10-31,backfill,2785,6840.2001953125,292,170,0.6428,0.9074,554,298,140,147,49,22,486.0,580.0,38.64,50.31,40.29,37.95,1542,1152,84,92,390,144.77,-14997,-18.13
2025-11-03,backfill,2787,6851.97021484375,158,437,0.5304,0.7047,508,316,117,179,38,27,460.0,632.0,35.95,48.69,37.67,36.99,1070,1618,96,142,-548,-203.87,-15545,-24.65
2025-11-04,backfill,2789,6771.5498046875,98,726,0.3989,0.5975,453,330,88,265,33,37,405.0,699.0,31.3,46.93,32.81,30.87,712,2006,49,205,-1294,-476.09,-16839,-43.72
2025-11-05,backfill,2790,6796.2900390625,401,187,0.5767,0.752,482,314,110,243,36,42,381.0,745.0,35.88,48.39,36.31,37.89,1794,891,105,111,903,336.31,-15936,-19.18
2025-11-06,backfill,2794,6720.31982421875,162,609,0.5218,0.5866,456,355,87,365,31,47,370.0,819.0,31.85,46.03,33.21,32.36,696,1996,78,216,-1300,-482.91,-17236,-39.07
2025-11-07,backfill,2794,6728.7998046875,302,281,0.5004,0.5592,469,352,94,356,33,45,354.0,824.0,35.15,47.42,35.43,35.76,1576,1106,97,153,470,175.24,-16766,-22.97
2025-11-10,backfill,2795,6832.43017578125,408,182,0.6907,0.6154,474,376,149,257,47,39,390.0,748.0,37.71,47.91,38.32,39.93,1714,969,153,125,745,277.67,-16021,-3.97
2025-11-11,backfill,2796,6846.60986328125,283,254,1.0284,0.655,440,396,135,312,47,44,413.0,766.0,40.77,49.61,39.91,43.2,1517,1172,150,120,345,128.3,-15676,4.83
2025-11-12,backfill,2795,6850.919921875,232,210,0.903,0.7213,459,375,131,343,40,55,452.0,706.0,41.43,49.55,41.25,44.79,1345,1335,144,95,10,3.73,-15666,6.1
2025-11-13,backfill,2796,6737.490234375,82,733,0.7873,0.6382,403,412,102,436,32,69,345.0,804.0,36.05,47.35,35.73,37.45,607,2094,49,199,-1487,-550.54,-17153,-20.56
2025-11-14,backfill,2796,6734.10986328125,190,274,0.7229,0.5949,394,435,117,385,35,61,348.0,861.0,35.59,47.1,34.69,36.52,1117,1550,64,179,-433,-162.35,-17586,-23.84
2025-11-17,backfill,2799,6672.41015625,142,618,0.4447,0.5646,395,454,121,399,31,65,313.0,921.0,29.26,43.02,29.72,27.22,577,2139,50,296,-1562,-575.11,-19148,-47.16
2025-11-18,backfill,2801,6617.31982421875,222,199,0.4267,0.6834,408,451,112,453,29,66,313.0,937.0,30.74,44.09,30.63,28.45,1434,1241,64,201,193,72.15,-18955,-34.5
2025-11-19,backfill,2803,6642.16015625,134,349,0.3543,0.5816,378,476,106,483,31,67,297.0,989.0,29.36,42.6,29.5,27.9,1038,1668,57,256,-630,-232.82,-19585,-38.76
2025-11-20,backfill,2804,6538.759765625,84,605,0.3775,0.5611,294,588,106,506,28,67,247.0,1103.0,26.07,40.41,26.18,23.36,678,2019,23,316,-1341,-497.22,-20926,-55.42
2025-11-21,backfill,2806,6602.990234375,635,142,0.6362,0.6764,327,514,114,483,31,72,287.0,1014.0,34.82,44.73,33.18,36.81,2102,604,81,122,1498,553.58,-19428,-16.85
2025-11-24,backfill,2808,6705.1201171875,544,126,1.1393,0.7259,362,509,117,460,39,63,332.0,955.0,37.25,45.01,35.72,40.74,1701,993,110,79,708,262.81,-18720,1.67
2025-11-25,backfill,2808,6765.8798828125,467,119,1.39,0.8095,374,477,134,433,36,63,371.0,898.0,44.02,48.22,42.41,51.75,2068,620,164,44,1448,538.69,-17272,31.29
2025-11-26,backfill,2809,6812.60986328125,370,101,1.9213,0.8788,386,447,138,357,34,49,430.0,867.0,46.24,49.27,44.75,56.75,1769,922,157,41,847,314.75,-16425,45.27
2025-11-28,backfill,2809,6849.08984375,299,76,4.1046,1.1832,417,421,160,294,39,44,586.0,702.0,49.52,50.02,47.1,62.9,1760,921,138,24,839,312.94,-15586,56.9
2025-12-01,backfill,2809,6812.6298828125,123,534,1.886,1.0526,394,430,144,322,40,41,469.0,784.0,46.67,48.74,44.57,57.14,851,1880,88,49,-1029,-376.79,-16615,32.07
2025-12-02,backfill,2809,6829.3701171875,167,276,1.2893,1.205,390,438,130,350,33,43,422.0,844.0,45.53,48.74,43.57,55.0,1151,1536,82,74,-385,-143.28,-17000,22.36
2025-12-03,backfill,2811,6849.72021484375,553,115,1.3721,1.3819,405,400,162,265,40,37,461.0,819.0,50.87,50.84,48.13,63.46,2002,709,161,45,1293,476.95,-15707,44.96
2025-12-04,backfill,2813,6857.1201171875,390,120,1.3666,1.6405,414,387,217,176,51,32,548.0,730.0,52.58,51.16,49.59,66.05,1526,1165,153,40,361,134.15,-15346,46.91
2025-12-05,backfill,2813,6870.39990234375,166,297,1.0425,1.9486,394,411,185,205,47,35,537.0,692.0,50.69,51.01,48.31,61.78,1113,1585,118,54,-472,-174.94,-15818,32.89
2025-12-08,backfill,2813,6846.509765625,243,247,1.4398,1.6519,382,423,197,166,60,31,454.0,769.0,48.56,50.02,46.5,59.4,1119,1570,111,56,-451,-167.72,-16269,21.11
2025-12-09,backfill,2814,6840.509765625,316,162,1.7726,1.5115,390,406,192,150,64,26,496.0,738.0,50.18,50.75,47.3,61.69,1587,1120,125,55,467,172.52,-15802,27.93
2025-12-10,backfill,2815,6886.68017578125,340,200,1.4181,1.3943,378,435,202,159,57,30,593.0,670.0,53.82,52.43,51.79,66.71,1798,924,237,50,874,321.09,-14928,41.06
2025-12-11,backfill,2816,6901.0,282,202,1.2157,1.2916,417,437,206,161,64,30,599.0,690.0,57.0,53.73,54.69,68.82,1654,1052,256,48,602,222.47,-14326,47.15
2025-12-12,backfill,2816,6827.41015625,112,487,0.9961,1.0197,374,461,167,186,46,40,520.0,773.0,54.4,53.12,52.66,63.92,913,1778,135,66,-865,-321.44,-15191,24.92
2025-12-15,backfill,2817,6816.509765625,104,570,0.7119,0.9989,346,514,192,183,55,38,511.0,830.0,52.25,52.01,50.3,57.97,1015,1715,142,128,-700,-256.41,-15891,9.04
2025-12-16,backfill,2818,6800.259765625,198,245,0.608,1.0223,351,507,192,166,55,39,508.0,801.0,50.04,51.14,48.9,54.93,1117,1586,87,112,-469,-173.51,-16360,-0.43
2025-12-17,backfill,2819,6721.43017578125,121,433,0.4218,0.7668,296,561,201,173,53,40,568.0,807.0,48.32,50.34,46.97,49.91,1049,1658,93,125,-609,-224.97,-16969,-11.11
2025-12-18,backfill,2820,6774.759765625,267,182,0.4184,0.7104,308,560,202,174,53,44,595.0,757.0,49.61,50.6,48.19,50.67,1544,1153,124,112,391,144.98,-16578,-1.68
2025-12-19,backfill,2821,6834.5,344,182,0.6414,0.7997,315,569,253,141,51,40,569.0,754.0,50.97,50.16,49.1,51.33,1489,1240,124,96,249,91.24,-16329,3.7
2025-12-22,backfill,2822,6878.490234375,316,194,1.0081,0.84,347,537,333,137,78,31,592.0,694.0,52.98,51.1,50.96,52.45,1624,1083,167,72,541,199.85,-15788,13.72
2025-12-23,backfill,2822,6909.7900390625,120,320,0.8909,0.731,351,555,245,145,74,34,599.0,633.0,52.13,50.28,49.54,47.87,974,1733,101,112,-759,-280.38,-16547,-1.8
2025-12-24,backfill,2822,6932.0498046875,162,90,1.249,0.6974,378,524,208,157,55,39,560.0,643.0,53.72,50.96,51.28,50.32,1636,1003,97,82,633,239.86,-15914,10.95
2025-12-26,backfill,2822,6929.93994140625,113,232,1.0363,0.6327,348,540,164,185,54,40,609.0,570.0,53.83,51.13,51.84,48.97,1189,1462,112,109,-273,-102.98,-16187,4.66
2025-12-29,backfill,2822,6905.740234375,106,415,0.6531,0.6465,326,586,121,219,40,53,547.0,616.0,51.91,50.46,49.89,44.72,834,1849,42,153,-1015,-378.31,-17202,-14.51
2025-12-30,backfill,2822,6896.240234375,137,221,0.4992,0.7494,317,570,110,257,35,57,480.0,642.0,51.1,49.82,49.18,41.39,972,1741,37,126,-769,-283.45,-17971,-26.08
2025-12-31,backfill,2822,6845.5,144,208,0.5678,0.7388,299,597,131,227,39,64,434.0,643.0,48.33,48.76,46.63,34.59,779,1897,21,138,-1118,-417.79,-19089,-42.57
2026-01-02,backfill,2822,6858.47021484375,506,203,0.7866,0.9858,301,581,134,189,46,42,418.0,600.0,49.22,49.08,47.73,39.55,1644,1089,79,45,555,203.07,-18534,-25.4
2026-01-05,backfill,2822,6902.0498046875,541,173,1.1754,1.1122,322,569,125,180,44,39,602.0,467.0,55.81,51.2,52.37,49.75,1876,849,165,36,1027,376.88,-17507,-1.91
2026-01-06,backfill,2824,6944.81982421875,407,179,1.7632,1.1418,339,568,116,198,48,40,679.0,444.0,57.33,51.91,54.6,55.28,1701,995,218,39,706,261.87,-16801,12.43
2026-01-07,backfill,2825,6920.93017578125,276,261,1.8301,1.0912,361,556,141,180,48,37,757.0,379.0,55.22,50.73,53.73,51.4,1083,1629,115,61,-546,-201.33,-17347,1.47
2026-01-08,backfill,2826,6921.4599609375,379,225,2.0259,1.2556,341,556,151,173,45,37,836.0,371.0,60.69,53.11,57.68,60.79,1755,961,180,31,794,292.34,-16553,16.78
2026-01-09,backfill,2828,6966.27978515625,244,209,1.7641,1.2266,374,564,152,190,45,42,877.0,356.0,60.25,53.29,58.27,59.05,1366,1348,187,48,18,6.63,-16535,15.5
2026-01-12,backfill,2829,6977.27001953125,344,211,1.5207,1.338,467,490,154,193,43,39,1036.0,315.0,61.05,53.45,59.67,60.9,1473,1245,215,43,228,83.89,-16307,18.19
2026-01-13,backfill,2830,6963.740234375,212,293,1.2135,1.4613,419,520,152,187,36,40,858.0,337.0,59.82,53.07,58.16,59.12,1213,1517,180,69,-304,-111.36,-16611,10.64
2026-01-14,backfill,2830,6926.60009765625,271,192,1.2832,1.5432,406,538,179,153,50,33,819.0,371.0,62.9,54.35,61.13,62.83,1664,1048,189,65,616,227.14,-15995,21.05
2026-01-15,backfill,2830,6944.47021484375,251,258,1.1367,1.5567,389,546,223,120,65,32,741.0,401.0,64.24,55.72,62.12,66.11,1630,1109,252,55,521,190.22,-15474,28.0
2026-01-16,backfill,2830,6940.009765625,212,246,1.075,1.3961,441,512,234,124,73,33,674.0,434.0,63.07,54.95,61.73,63.5,1160,1553,176,68,-393,-144.86,-15867,17.05
2026-01-20,backfill,2831,6796.85986328125,180,533,0.7398,1.0648,423,524,246,127,77,29,555.0,536.0,56.16,52.91,56.2,54.57,724,2022,105,120,-1298,-472.69,-17165,-8.79
2026-01-21,backfill,2832,6875.6201171875,550,163,1.0517,1.1266,434,537,259,118,82,34,727.0,447.0,60.66,55.51,60.95,61.97,1967,764,275,64,1203,440.5,-15962,14.82
2026-01-22,backfill,2832,6913.35009765625,429,130,1.2195,1.2488,463,511,270,103,74,32,804.0,396.0,63.06,56.25,63.24,66.31,1755,983,260,31,772,281.96,-15190,27.01
2026-01-23,backfill,2835,6915.60986328125,188,294,1.1413,1.1392,472,486,241,109,68,31,622.0,453.0,59.08,55.2,60.21,60.67,890,1834,145,47,-944,-346.55,-16134,5.87
2026-01-26,backfill,2838,6950.22998046875,133,376,0.9893,1.0274,433,522,224,105,55,26,568.0,499.0,57.86,54.47,59.62,58.28,1189,1524,141,70,-335,-123.48,-16469,-1.08
2026-01-27,backfill,2840,6978.60009765625,319,190,1.4042,1.0262,422,541,248,118,66,24,628.0,500.0,57.36,53.94,59.44,56.65,1452,1271,216,91,181,66.47,-16288,2.48
2026-01-28,backfill,2842,6978.02978515625,152,364,0.9018,0.9778,399,572,242,136,75,23,602.0,539.0,53.06,52.25,56.4,48.63,896,1818,156,113,-922,-339.72,-17210,-14.8
2026-01-29,backfill,2845,6969.009765625,175,434,0.5832,0.8665,424,571,266,146,79,29,610.0,595.0,53.6,52.27,56.1,49.63,1356,1388,176,148,-32,-11.66,-17242,-13.1
2026-01-30,backfill,2845,6939.02978515625,143,526,0.4878,0.762,389,569,209,155,69,32,473.0,664.0,50.26,51.42,52.86,43.62,968,1777,99,151,-809,-294.72,-18051,-25.73
2026-02-02,backfill,2846,6976.43994140625,290,268,0.6055,0.7807,432,549,229,156,65,28,465.0,686.0,51.44,52.04,54.01,46.1,1596,1132,218,145,464,170.09,-17587,-13.16
2026-02-03,backfill,2846,6917.81005859375,289,464,0.5102,0.8314,453,590,217,205,60,35,580.0,684.0,51.69,51.3,52.71,46.7,1335,1407,270,232,-72,-26.26,-17659,-12.16
2026-02-04,backfill,2846,6882.72021484375,251,515,0.5202,0.6653,461,598,154,270,39,40,599.0,660.0,51.12,51.83,52.35,45.92,1327,1401,254,193,-74,-27.13,-17733,-11.3
2026-02-05,backfill,2850,6798.39990234375,87,916,0.3942,0.4663,457,620,111,389,31,60,531.0,786.0,45.12,49.58,47.4,38.84,693,2072,178,325,-1379,-498.73,-19112,-34.08
2026-02-06,backfill,2853,6932.2998046875,971,92,0.8373,0.6779,483,571,178,295,38,48,707.0,626.0,51.77,51.45,53.07,46.86,2241,513,325,72,1728,627.45,-17384,2.93
2026-02-09,backfill,2856,6964.81982421875,374,208,0.8984,0.7672,546,522,164,299,39,48,740.0,626.0,52.7,52.49,53.26,48.53,1500,1244,235,104,256,93.29,-17128,7.84
2026-02-10,backfill,2856,6941.81005859375,214,245,0.96,0.7307,522,528,149,298,39,55,729.0,647.0,53.47,52.63,53.22,49.96,1375,1352,193,88,23,8.43,-17105,7.76
2026-02-11,backfill,2857,6941.47021484375,198,456,0.9619,0.7255,513,578,157,346,35,58,681.0,720.0,51.24,51.52,51.49,46.76,1075,1660,231,173,-585,-213.89,-17690,-3.47
2026-02-12,backfill,2859,6832.759765625,100,725,1.0759,0.6607,444,605,123,390,30,66,610.0,787.0,46.24,49.39,47.22,39.63,682,2078,104,230,-1396,-505.8,-19086,-27.64
2026-02-13,backfill,2859,6836.169921875,385,147,0.7136,0.7827,470,577,127,393,33,57,653.0,777.0,48.3,49.95,48.44,42.74,1833,896,188,104,937,343.35,-18149,-5.71
2026-02-17,backfill,2860,6843.22021484375,218,326,0.5872,0.754,514,537,115,391,34,66,650.0,771.0,47.27,49.79,48.67,43.43,1296,1448,144,145,-152,-55.39,-18301,-6.88
2026-02-18,backfill,2860,6881.31005859375,310,150,0.6713,0.8222,525,512,120,376,35,70,704.0,676.0,49.69,50.24,50.1,46.43,1576,1140,133,94,436,160.53,-17865,2.96
2026-02-19,backfill,2861,6861.89013671875,289,212,0.8346,0.9048,618,460,153,335,38,62,748.0,652.0,49.53,50.51,50.05,46.73,1366,1336,129,105,30,11.1,-17835,3.89
2026-02-20,backfill,2861,6909.509765625,178,286,1.231,1.137,614,477,120,360,34,60,826.0,655.0,49.84,50.37,50.3,48.48,1443,1261,181,118,182,67.31,-17653,7.47
2026-02-23,backfill,2861,6837.75,139,661,0.6936,0.704,558,491,102,449,33,74,691.0,747.0,43.59,48.06,45.19,39.92,781,1965,118,243,-1184,-431.17,-18837,-14.43
2026-02-24,backfill,2862,6890.06982421875,413,134,0.921,0.7313,643,430,138,400,44,72,672.0,751.0,46.44,48.85,47.2,44.16,1850,859,191,106,991,365.82,-17846,6.77
2026-02-25,backfill,2863,6946.1298828125,399,163,0.9739,0.8064,573,426,150,330,41,54,646.0,739.0,49.18,49.63,49.25,48.55,1714,1020,157,66,694,253.84,-17152,19.26
2026-02-26,backfill,2865,6908.85986328125,369,230,1.0163,0.9229,553,437,127,305,36,58,705.0,733.0,50.44,50.3,51.48,51.27,1597,1121,156,55,476,175.13,-16676,25.91
2026-02-27,backfill,2868,6878.8798828125,176,525,0.8733,1.0148,503,487,150,325,41,58,609.0,799.0,44.8,48.71,46.44,45.78,965,1777,167,107,-812,-296.13,-17488,7.9
2026-03-02,backfill,2868,6881.6201171875,320,258,1.2802,0.9545,479,502,152,287,44,56,603.0,789.0,45.47,48.85,47.59,46.76,1497,1248,184,114,249,90.71,-17239,11.8
2026-03-03,backfill,2868,6816.6298828125,133,596,0.7884,0.8479,398,561,153,275,48,49,489.0,890.0,39.82,46.65,42.57,38.39,753,2000,61,126,-1247,-452.96,-18486,-12.1
2026-03-04,backfill,2868,6869.5,469,117,0.8499,0.9067,431,493,161,232,43,38,525.0,796.0,42.99,47.98,45.01,44.35,1831,915,96,70,916,333.58,-17570,6.85
2026-03-05,backfill,2868,6830.7099609375,179,484,0.6449,0.8034,410,497,141,225,42,37,403.0,865.0,36.3,46.41,39.44,38.18,769,1974,63,91,-1205,-439.3,-18775,-15.63
2026-03-06,backfill,2868,6740.02001953125,160,477,0.6527,0.7564,334,556,153,223,47,40,365.0,942.0,32.29,43.83,34.94,32.57,774,1953,65,136,-1179,-432.34,-19954,-34.42
2026-03-09,backfill,2868,6795.990234375,341,208,0.6812,0.927,338,582,246,163,65,29,400.0,909.0,33.44,43.9,35.88,34.76,1418,1334,53,111,84,30.52,-19870,-27.17
2026-03-10,backfill,2871,6781.47998046875,262,253,0.9168,0.8481,332,583,174,197,56,31,423.0,839.0,33.65,43.33,36.12,34.83,1255,1482,47,128,-227,-82.94,-20097,-26.51
2026-03-11,backfill,2872,6775.7998046875,238,230,0.7143,0.7836,361,570,160,210,51,35,370.0,936.0,32.45,42.24,34.92,33.81,1099,1625,78,122,-526,-193.1,-20623,-31.32
2026-03-12,backfill,2872,6672.6201171875,140,648,0.6283,0.637,310,636,142,259,43,35,310.0,1093.0,27.89,40.56,29.84,28.2,650,2081,53,210,-1431,-523.98,-22054,-51.82
2026-03-13,backfill,2872,6632.18994140625,133,359,0.6561,0.6543,266,674,142,240,42,35,316.0,1083.0,26.43,39.52,28.31,25.7,1037,1689,54,175,-652,-239.18,-22706,-54.85
2026-03-16,live,2483,6699.3798828125,175,34,0.622,0.6547,300,253,69,63,14,1,,,29.4,53.2,32.18,24.77,1746,714,115,80,1032,419.51,-21674,-24.23
2026-03-17,live,2490,6716.08984375,145,38,0.6348,0.7872,324,223,83,58,16,2,,,32.09,53.73,33.9,29.08,1614,847,150,55,767,311.66,-20907,-3.32
2026-03-18,live,2473,6624.7001953125,44,249,0.4797,0.6097,338,245,71,70,15,2,,,26.28,50.87,28.22,22.4,433,2022,96,110,-1589,-647.25,-22496,-33.37
2026-03-19,live,2478,6606.490234375,100,108,0.7576,0.6674,359,238,68,71,15,2,,,27.24,50.69,28.69,24.82,1261,1184,104,84,77,31.49,-22419,-24.96
2026-03-20,live,2461,6506.47998046875,15,366,0.6025,0.639,307,281,59,127,14,1,,,19.42,47.87,22.06,16.09,406,2038,54,138,-1632,-667.76,-24051,-52.61
2026-03-23,live,2483,6581.0,445,43,0.9316,0.729,324,255,85,78,15,0,,,25.82,51.71,27.67,26.5,2024,442,74,57,1582,641.52,-22469,-10.52
2026-03-24,live,2483,6556.3701171875,165,166,0.8251,0.714,323,302,70,92,20,1,,,27.39,52.24,29.44,29.96,1353,1100,135,107,253,103.14,-22216,-1.4
2026-03-25,live,2490,6591.89990234375,205,37,1.2917,0.7651,351,275,71,69,18,1,,,30.76,53.01,32.25,36.79,1711,748,135,72,963,391.62,-21253,20.82
2026-03-26,live,2480,6477.16015625,52,319,0.9474,0.8604,326,290,72,110,19,1,,,26.98,51.21,28.51,32.98,862,1594,122,86,-732,-298.05,-21985,5.24
2026-03-27,live,2466,6368.85009765625,55,334,1.0256,0.827,312,345,69,118,15,2,,,22.55,48.01,24.21,23.44,487,1952,126,161,-1465,-600.66,-23450,-23.24
2026-03-30,live,2466,6343.72021484375,35,245,0.465,0.6619,271,327,49,133,5,2,,,21.65,47.65,24.05,25.39,1168,1276,65,100,-108,-44.19,-23558,-19.65
2026-03-31,live,2481,6528.52001953125,800,21,1.1998,1.0148,337,268,62,46,13,0,,,30.39,52.52,30.75,46.03,2122,340,76,13,1782,723.8,-21776,21.92
2026-04-01,live,2489,6575.31982421875,168,85,1.1056,1.1833,378,255,44,43,12,1,,,34.71,53.64,34.59,54.96,1562,895,100,35,667,271.47,-21109,34.73
2026-04-02,live,2501,6582.68994140625,138,42,1.6451,1.2533,363,254,58,40,17,0,,,37.78,54.02,36.75,60.34,1457,1004,156,18,453,184.07,-20656,41.14
2026-04-06,live,2498,6611.830078125,101,56,2.7661,1.6053,340,267,71,23,16,1,,,41.91,54.6,40.31,65.29,1546,910,129,7,636,258.96,-20020,50.16
2026-04-07,live,2507,6616.85009765625,61,72,4.5942,1.2927,251,224,43,19,13,0,,,33.39,42.96,31.39,50.1,1144,1332,103,18,-188,-75.93,-20208,40.88
2026-04-08,live,2513,6782.81005859375,732,80,3.5821,1.818,383,276,70,23,12,1,,,57.82,59.61,54.64,79.39,2046,446,207,16,1600,642.05,-18608,68.64
2026-04-09,live,2517,6824.66015625,124,160,2.8195,1.6025,383,292,78,27,17,0,,,59.87,60.47,56.26,77.23,1470,1016,293,42,454,182.62,-18154,69.06
2026-04-10,live,2517,6816.89013671875,76,132,2.188,1.8663,359,314,122,21,16,0,,,57.25,59.56,54.43,74.02,935,1552,230,71,-617,-248.09,-18771,47.53
2026-04-13,live,2529,6886.240234375,347,23,2.8694,2.8188,361,286,144,13,25,0,,,63.35,61.25,59.75,79.24,1891,608,267,10,1283,513.41,-17488,66.97
2026-04-14,live,2536,6967.3798828125,217,71,3.2103,3.7251,358,253,148,15,27,0,,,67.27,61.95,62.93,80.8,1561,948,272,6,613,244.32,-16875,69.8
2026-04-15,live,2540,7022.9501953125,249,73,2.207,2.7872,321,226,140,9,26,0,,,67.99,61.65,63.39,81.81,1278,1225,201,12,53,21.17,-16822,60.71
2026-04-16,live,2543,7041.27978515625,161,57,2.9494,2.8799,327,211,182,8,44,0,,,70.11,61.9,64.61,82.42,1357,1154,230,5,203,80.84,-16619,55.62
2026-04-17,live,2560,7126.06005859375,413,99,4.2941,3.0146,379,185,234,9,45,0,,,76.09,65.43,72.19,85.39,2035,503,337,2,1532,603.62,-15087,77.12
2026-04-20,live,2561,7109.14013671875,132,54,3.3107,3.0597,403,155,352,7,70,0,,,76.53,65.56,72.63,83.76,1424,1107,334,6,317,125.25,-14770,71.21
2026-04-21,live,2547,7064.009765625,86,237,2.0019,2.573,342,192,233,6,53,0,,,72.01,63.64,67.61,77.62,743,1783,172,14,-1040,-411.72,-15810,38.95
2026-04-22,live,2555,7137.89990234375,187,76,1.8719,2.0285,343,202,258,8,53,0,,,71.51,63.68,66.93,75.54,1296,1228,194,16,68,26.94,-15742,33.1
2026-04-23,live,2549,7108.39990234375,90,353,1.1087,1.6664,382,227,185,5,36,0,,,68.97,62.77,64.46,70.42,1124,1402,222,25,-278,-110.06,-16020,21.09
2026-04-24,live,2550,7165.080078125,153,91,0.799,1.7945,385,215,255,6,62,1,,,69.02,62.12,64.12,68.75,1265,1252,232,25,13,5.16,-16007,16.47
2026-04-27,live,2552,7173.91015625,85,90,0.7096,1.4763,369,208,310,6,69,1,,,69.44,61.91,63.99,66.65,1318,1203,223,32,115,45.62,-15892,14.47
2026-04-28,live,2554,7138.7998046875,68,215,0.7067,1.2074,360,218,322,7,80,0,,,68.09,61.32,62.84,63.08,1099,1422,196,38,-323,-128.12,-16215,3.99
2026-04-29,live,2545,7135.9501953125,132,236,0.536,0.9993,349,211,210,7,47,0,,,62.4,59.1,58.31,50.77,718,1810,144,63,-1092,-431.96,-17307,-20.17
2026-04-30,live,2556,7209.009765625,432,64,1.25,1.1736,430,153,248,3,61,0,,,69.48,61.31,65.38,62.01,1980,544,300,17,1436,568.94,-15871,9.31
2026-05-01,live,2567,7230.1201171875,176,85,1.2942,1.0266,421,154,250,4,64,0,,,68.48,60.65,64.98,60.11,1209,1324,264,37,-115,-45.4,-15986,3.75
2026-05-04,live,2561,7200.75,119,191,1.1719,0.9328,414,137,246,7,63,0,,,64.94,58.57,61.77,50.76,887,1644,209,66,-757,-299.09,-16743,-13.7
2026-05-05,live,2572,7259.22021484375,275,87,1.7104,1.1539,465,156,276,11,82,0,,,66.95,59.88,64.23,55.44,1720,826,306,53,894,351.14,-15849,3.96
2026-05-06,live,2570,7365.1201171875,468,189,2.3864,1.248,499,114,241,16,80,0,,,70.82,63.07,67.82,62.61,1671,872,299,42,799,314.2,-15050,17.19
2026-05-07,live,2563,7337.10986328125,185,329,1.3882,1.3272,391,140,238,24,69,0,,,67.89,61.92,64.85,54.86,887,1653,140,30,-766,-301.57,-15816,-2.38
2026-05-08,live,2564,7398.93017578125,230,147,1.3542,1.3288,405,145,269,25,81,1,,,65.91,61.47,64.55,54.02,1338,1193,240,63,145,57.29,-15671,-1.15
2026-05-11,live,2566,7412.83984375,208,261,1.3485,1.2711,411,176,227,33,83,1,,,61.57,59.55,61.22,48.67,993,1551,197,115,-558,-219.34,-16229,-13.92
2026-05-12,live,2569,7400.9599609375,97,192,1.0626,1.3038,401,184,183,34,64,1,,,59.95,58.51,59.91,46.59,1006,1527,168,104,-521,-205.68,-16750,-24.09
2026-05-13,live,2565,7444.25,161,210,0.7735,1.3396,445,159,197,56,60,1,,,55.09,57.86,55.91,44.41,967,1570,186,122,-603,-237.68,-17353,-34.27
2026-05-14,live,2563,7501.240234375,175,128,0.9286,1.1512,430,166,200,49,54,1,,,56.07,58.29,57.78,44.91,1489,1037,228,81,452,178.94,-16901,-21.97
2026-05-15,live,2546,7408.5,74,425,0.588,0.9226,406,181,145,79,43,1,,,48.15,55.58,51.49,36.14,605,1912,126,129,-1307,-519.27,-18208,-46.25
2026-05-18,live,2549,7403.0498046875,183,226,0.5843,0.9371,372,175,122,79,33,2,,,51.67,57.32,55.08,40.49,1576,942,178,67,634,251.79,-17574,-28.22
2026-05-19,live,2538,7353.60986328125,49,212,0.5346,0.7891,346,202,119,71,31,2,,,47.36,55.12,51.38,35.03,763,1732,135,78,-969,-388.38,-18543,-44.68
2026-05-20,live,2552,7432.97021484375,451,29,0.9137,0.8397,379,167,120,48,29,1,,,55.17,57.99,58.46,46.83,1976,550,195,17,1426,564.53,-17117,-10.88
2026-05-21,live,2559,7445.72021484375,180,67,0.9771,0.9531,401,142,151,33,42,0,,,56.35,58.34,59.44,51.04,1435,1094,197,14,341,134.84,-16776,-3.42
2026-05-22,live,2561,7473.47021484375,172,58,1.7483,0.9679,412,154,172,30,46,0,,,57.52,59.08,60.8,54.43,1449,1071,217,14,378,150.0,-16398,3.74
2026-05-26,live,2562,7519.1201171875,332,78,2.6667,1.1532,424,130,193,29,62,0,,,59.09,60.5,62.53,60.07,1648,893,281,21,755,297.13,-15643,17.2
2026-05-27,live,2562,7520.35986328125,162,129,3.5928,1.2414,401,150,216,23,79,0,,,57.61,60.89,61.67,57.42,1169,1355,211,35,-186,-73.69,-15829,10.08
2026-05-28,live,2573,7563.6298828125,238,67,2.7168,1.4207,438,138,252,23,92,1,,,58.06,61.87,62.11,58.14,1375,1173,198,29,202,79.28,-15627,11.59
2026-05-29,live,2575,7580.06005859375,185,116,2.4308,1.4399,427,140,205,27,75,0,,,55.92,61.05,60.58,55.38,1054,1489,163,40,-435,-171.06,-16062,0.31
2026-06-01,live,2577,7599.9599609375,325,183,2.1675,1.9545,462,114,204,32,69,1,,,53.74,59.84,57.9,51.26,1130,1427,178,46,-297,-116.15,-16359,-6.59
2026-06-02,live,2572,7609.77978515625,218,245,1.5243,1.9527,458,123,221,37,80,0,,,54.7,59.37,58.24,55.13,1346,1198,217,54,148,58.18,-16211,-3.75
2026-06-03,live,2561,7553.68017578125,81,391,1.0449,1.7197,452,121,164,43,60,0,,,47.05,57.2,52.67,45.41,789,1746,137,69,-957,-377.51,-17168,-23.08
2026-06-04,live,2574,7584.31005859375,261,67,1.0679,1.5375,520,103,149,49,50,0,,,54.9,59.44,57.93,57.73,1784,758,205,45,1026,403.62,-16142,-0.43
2026-06-05,live,2551,7383.740234375,41,636,0.6084,1.0228,426,131,92,43,29,0,,,48.41,57.7,52.33,49.04,861,1669,153,44,-808,-319.37,-16950,-17.22
2026-06-08,backfill,2936,7405.72998046875,295,230,0.5711,0.9981,434,442,160,236,56,36,439.0,801.0,44.01,44.62,46.83,44.21,1418,1363,111,119,55,19.78,-16895,-14.53
2026-06-09,live,2555,7386.64990234375,250,173,0.6199,0.9191,468,136,94,75,18,0,,,52.99,59.49,55.38,55.97,1674,857,216,30,817,322.8,-16078,2.99
2026-06-10,live,2569,7266.990234375,87,350,0.6415,0.8059,533,134,79,87,15,0,,,48.7,57.96,51.54,50.06,974,1573,171,73,-599,-235.18,-16677,-9.94
2026-06-11,live,2579,7394.2998046875,705,36,0.967,1.0087,622,89,154,58,19,0,,,55.99,59.67,56.8,59.95,1910,648,314,27,1262,493.35,-15415,15.48
2026-06-12,live,2578,7431.4599609375,165,77,1.7344,1.0168,605,88,131,48,15,0,,,60.05,60.63,60.98,65.71,1769,777,319,10,992,389.63,-14423,31.95
2026-06-15,live,2580,7554.2900390625,302,120,1.996,1.0344,588,91,191,25,24,1,,,61.05,61.51,60.93,65.66,1316,1235,190,18,81,31.75,-14342,27.98
2026-06-16,live,2579,7511.35009765625,68,204,1.6861,0.9873,614,91,161,37,17,0,,,61.5,61.69,60.49,63.63,1204,1342,183,28,-138,-54.2,-14480,20.15
2026-06-17,live,2575,7420.10009765625,112,265,1.9259,1.0593,589,93,191,33,25,1,,,53.51,59.96,53.48,50.41,650,1902,102,90,-1252,-490.6,-15732,-8.47
2026-06-18,live,2588,7500.580078125,333,103,1.2744,1.0747,699,86,172,34,35,1,,,55.53,60.82,56.34,54.71,1629,934,183,84,695,271.17,-15037,5.2
2026-06-22,live,2559,7472.7900390625,161,205,1.0881,1.4056,619,103,145,29,29,1,,,55.88,60.53,55.06,53.69,1250,1289,230,104,-39,-15.36,-15076,2.53
2026-06-23,live,2585,7365.4599609375,114,308,0.7263,1.2477,602,94,122,43,13,2,,,56.83,60.74,56.56,54.16,1370,1198,231,67,172,66.98,-14904,4.35
2026-06-24,live,2592,7358.22021484375,267,221,0.8956,1.225,587,111,110,71,12,4,,,58.72,61.5,58.64,57.72,1507,1066,262,62,441,171.4,-14463,11.1
2026-06-25,live,2588,7357.490234375,216,156,1.0987,1.4413,663,108,125,79,14,6,,,59.31,61.86,59.54,58.42,1555,998,321,97,557,218.17,-13906,19.16
2026-06-26,live,3000,7354.02001953125,648,241,1.2431,1.2558,739,326,157,287,39,53,,,53.53,48.6,52.87,53.37,1977,907,431,102,1070,371.01,-12836,33.6
2026-06-29,live,3000,7440.43017578125,400,235,1.4169,1.2736,763,313,176,267,50,48,,,54.4,48.3,53.77,55.7,1482,1401,393,97,81,28.1,-12755,28.63
2026-06-30,live,3000,7499.35986328125,321,240,1.6944,1.2121,666,351,187,276,45,43,,,54.17,48.7,53.23,56.8,1411,1459,348,99,-48,-16.72,-12803,21.99
2026-07-01,live,3000,7483.22998046875,428,305,1.7103,1.3164,667,343,214,249,46,42,,,55.83,49.5,54.27,59.23,1678,1231,385,79,447,153.66,-12356,24.73
2026-07-02,live,3000,7483.240234375,293,439,1.4315,1.2968,613,332,253,220,48,41,,,53.17,47.77,52.4,56.73,1479,1404,291,68,75,26.01,-12281,20.57
2026-07-06,live,3000,7537.43017578125,319,212,1.2306,1.2361,624,349,216,230,41,41,,,56.5,50.13,55.5,60.27,1515,1370,295,67,145,50.26,-12136,18.11
2026-07-07,live,3000,7503.85009765625,159,579,0.8563,1.078,612,355,261,161,57,36,,,54.03,49.0,53.23,55.37,1088,1812,256,77,-724,-249.66,-12860,0.93
2026-07-08,live,3000,7482.7099609375,194,366,0.7328,1.0838,512,384,233,186,53,33,,,51.2,47.6,51.07,48.17,915,1981,165,87,-1066,-368.09,-13926,-19.69
2026-07-09,live,3000,7543.64013671875,360,152,0.758,1.1412,532,383,228,150,50,31,,,53.03,48.63,52.0,51.73,1821,1054,209,77,767,266.78,-13159,-5.47
2026-07-10,live,3000,7575.39013671875,169,257,0.7669,1.0876,508,346,214,155,47,36,,,50.63,45.37,49.8,49.37,1443,1420,191,76,23,8.03,-13136,-6.23
2026-07-13,live,3000,7515.33984375,160,530,0.5531,0.8456,476,423,152,228,31,46,,,51.3,48.33,51.33,49.97,1147,1729,222,106,-582,-202.36,-13718,-17.36
2026-07-14,live,3000,7543.58984375,248,228,0.7378,0.8014,380,360,137,157,36,34,,,43.93,41.3,43.67,42.5,1445,1410,191,78,35,12.26,-13683,-16.07
2026-07-15,backfill,2978,7572.39990234375,245,229,0.8467,0.781,442,424,159,200,40,49,563.0,671.0,52.65,49.09,52.25,51.04,1587,1239,127,74,348,123.14,-13335,-9.34
2026-07-16,backfill,2979,7533.77001953125,237,527,0.598,0.6775,427,461,137,279,38,54,626.0,716.0,53.41,49.61,52.94,52.37,1388,1441,247,116,-53,-18.73,-13388,-10.63
2026-07-17,backfill,2980,7457.68994140625,155,266,0.5871,0.6712,398,495,160,268,37,56,558.0,776.0,50.34,48.79,51.11,47.72,1018,1791,120,121,-773,-275.19,-14161,-24.5
2026-07-20,backfill,2975,7443.27978515625,155,322,0.6616,0.6024,330,536,150,288,38,60,512.0,795.0,46.62,47.56,48.64,43.09,926,1882,60,136,-956,-340.46,-15117,-39.5
2026-07-21,backfill,2977,7509.2001953125,484,153,0.8524,0.7944,347,515,133,257,35,49,545.0,772.0,48.98,48.54,50.32,47.06,1723,1075,102,82,648,231.59,-14469,-23.53
2026-07-22,backfill,2975,7498.9599609375,174,315,0.7612,0.8013,348,499,115,249,29,49,500.0,748.0,48.1,47.97,49.98,42.18,1131,1670,78,88,-539,-192.43,-15008,-30.95
2026-07-23,backfill,2980,7408.2998046875,139,387,0.7672,0.6739,326,541,86,246,31,51,547.0,723.0,44.23,46.41,46.71,36.98,905,1877,72,144,-972,-349.39,-15980,-45.0
2026-07-24,backfill,2981,7411.97998046875,175,451,0.6923,0.6373,346,528,79,269,25,55,497.0,809.0,45.32,46.06,46.93,38.61,1400,1389,109,165,11,3.94,-15969,-39.11
2026-07-27,live,3000,7413.18017578125,428,228,0.9126,0.7856,358,494,77,249,28,50,,,48.47,47.97,49.33,44.13,1765,1124,276,97,641,221.88,-15328,-22.99
2026-07-28,live,3000,7428.77978515625,311,389,0.6932,0.7661,374,487,85,305,25,47,,,47.73,46.73,48.7,44.97,1608,1265,327,99,343,119.39,-14985,-14.21
2026-07-29,live,3000,7316.14990234375,149,637,0.5746,0.655,401,510,108,405,21,58,557.0,738.0,45.1,46.2,45.5,39.57,889,1977,29,24,-1088,-379.62,-16073,-31.59
