date,recipe,ticker,rs_line_pctl_21,rs_line_pctl_63,rs_line_pctl_126,perf_1w_pctile,perf_3m_pctile,change_pct,sector
2026-08-19,rs63_97,AGYS,95,98.4,99.2,0.697,0.964,0.0424,Technology
2026-08-19,rs63_97,APPF,100,100.0,97.6,0.869,0.911,0.0553,Technology
2026-08-19,rs63_97,APPN,100,100.0,100.0,0.703,0.968,0.0302,Technology
2026-08-19,rs63_97,ARES,95,98.4,96.8,0.233,0.742,0.0199,Financial
2026-08-19,rs63_97,ARX,95,98.4,99.2,0.607,0.837,-0.0005,Financial
2026-08-19,rs63_97,ASAN,95,98.4,99.2,0.31,0.92,0.0448,Technology
2026-08-19,rs63_97,AXON,100,98.4,96.8,0.855,0.953,0.0417,Industrials
2026-08-19,rs63_97,BETA,95,98.4,99.2,0.647,0.97,-0.0135,Industrials
2026-08-19,rs63_97,BRZE,100,100.0,100.0,0.766,0.908,0.0525,Technology
2026-08-19,rs63_97,BULL,100,100.0,100.0,0.925,0.813,0.0895,Technology
2026-08-19,rs63_97,BWIN,95,98.4,99.2,0.675,0.928,0.0315,Financial
2026-08-19,rs63_97,CART,100,100.0,100.0,0.688,0.843,0.0356,Consumer Cyclical
2026-08-19,rs63_97,CCC,100,100.0,100.0,0.84,0.95,0.042,Technology
2026-08-19,rs63_97,CGAU,100,100.0,98.4,0.896,0.875,0.062,Basic Materials
2026-08-19,rs63_97,CHYM,100,100.0,100.0,0.773,0.974,0.0364,Technology
2026-08-19,rs63_97,CLMT,95,98.4,99.2,0.664,0.942,-0.0319,Basic Materials
2026-08-19,rs63_97,COTY,100,100.0,100.0,0.941,0.932,0.1058,Consumer Defensive
2026-08-19,rs63_97,CWK,100,100.0,89.7,0.902,0.775,0.0855,Real Estate
2026-08-19,rs63_97,DASH,100,100.0,100.0,0.728,0.913,0.0179,Consumer Cyclical
2026-08-19,rs63_97,DOCU,95,98.4,99.2,0.305,0.857,0.035,Technology
2026-08-19,rs63_97,ECO,100,100.0,100.0,0.638,0.859,0.0356,Industrials
2026-08-19,rs63_97,ELF,100,100.0,94.4,0.919,0.977,0.0772,Consumer Defensive
2026-08-19,rs63_97,ERIE,100,100.0,63.5,0.84,0.834,0.0406,Financial
2026-08-19,rs63_97,ESTC,100,100.0,100.0,0.71,0.963,0.0274,Technology
2026-08-19,rs63_97,EXPE,95,98.4,99.2,0.498,0.931,0.0151,Consumer Cyclical
2026-08-19,rs63_97,FDS,100,100.0,100.0,0.816,0.909,0.0445,Financial
2026-08-19,rs63_97,FRSH,100,100.0,100.0,0.787,0.918,0.0267,Technology
2026-08-19,rs63_97,GO,95,98.4,93.7,0.846,0.936,0.0217,Consumer Defensive
2026-08-19,rs63_97,GTLB,95,98.4,99.2,0.407,0.947,0.0265,Technology
2026-08-19,rs63_97,GWRE,100,100.0,90.5,0.485,0.869,0.0192,Technology
2026-08-19,rs63_97,IMAX,100,100.0,100.0,0.665,0.942,0.0625,Communication Services
2026-08-19,rs63_97,INSW,100,100.0,100.0,0.852,0.815,0.0095,Energy
2026-08-19,rs63_97,INTA,95,98.4,99.2,0.363,0.975,0.0088,Technology
2026-08-19,rs63_97,LB,95,98.4,82.5,0.932,0.756,0.0171,Energy
2026-08-19,rs63_97,LPG,100,100.0,100.0,0.927,0.791,0.0181,Energy
2026-08-19,rs63_97,LYFT,95,98.4,99.2,0.724,0.859,0.0295,Technology
2026-08-19,rs63_97,MAN,95,98.4,99.2,0.644,0.985,-0.001,Industrials
2026-08-19,rs63_97,MANH,95,98.4,99.2,0.761,0.942,0.0384,Technology
2026-08-19,rs63_97,MORN,100,100.0,96.8,0.795,0.832,0.0236,Financial
2026-08-19,rs63_97,NAT,100,100.0,100.0,0.885,0.874,0.013,Energy
2026-08-19,rs63_97,NCNO,100,100.0,99.2,0.596,0.894,0.0243,Technology
2026-08-19,rs63_97,NIQ,100,100.0,100.0,0.924,0.986,0.0572,Technology
2026-08-19,rs63_97,PAYC,100,100.0,100.0,0.496,0.952,0.0299,Technology
2026-08-19,rs63_97,PRCH,95,98.4,99.2,0.646,0.964,0.0216,Financial
2026-08-19,rs63_97,QNST,95,98.4,99.2,0.712,0.966,0.0145,Communication Services
2026-08-19,rs63_97,RHI,95,98.4,99.2,0.504,0.967,-0.005,Industrials
2026-08-19,rs63_97,RNG,95,98.4,99.2,0.333,0.951,0.0115,Technology
2026-08-19,rs63_97,SENEA,95,98.4,99.2,0.478,0.899,-0.0003,Consumer Defensive
2026-08-19,rs63_97,SM,100,100.0,95.2,0.951,0.572,0.0183,Energy
2026-08-19,rs63_97,SPSC,100,100.0,100.0,0.723,0.931,0.0437,Technology
2026-08-19,rs63_97,SSRM,100,100.0,86.5,0.949,0.718,0.1164,Basic Materials
2026-08-19,rs63_97,TALO,100,100.0,88.1,0.947,0.571,0.0495,Energy
2026-08-19,rs63_97,TBBB,100,100.0,100.0,0.65,0.887,0.0304,Consumer Defensive
2026-08-19,rs63_97,TEAM,100,100.0,100.0,0.856,0.98,0.0689,Technology
2026-08-19,rs63_97,TOST,95,98.4,99.2,0.539,0.932,0.006,Technology
2026-08-19,rs63_97,TPG,95,98.4,98.4,0.336,0.85,0.0223,Financial
2026-08-19,rs63_97,TTAN,100,100.0,99.2,0.704,0.934,0.0429,Technology
2026-08-19,rs63_97,U,100,100.0,100.0,0.779,0.969,0.0079,Technology
2026-08-19,rs63_97,VIA,100,100.0,100.0,0.584,0.967,0.0544,Technology
2026-08-19,rs63_97,W,95,98.4,99.2,0.894,0.974,0.0601,Consumer Cyclical
2026-08-19,rs63_97,WDAY,95,98.4,99.2,0.255,0.942,0.0408,Technology
2026-08-19,rs63_97,WEN,100,98.4,98.4,0.793,0.748,0.0581,Consumer Cyclical
2026-08-19,rs63_97,WK,100,100.0,100.0,0.769,0.948,0.08,Technology
2026-08-19,rs63_97_green,AGYS,95,98.4,99.2,0.697,0.964,0.0424,Technology
2026-08-19,rs63_97_green,APPF,100,100.0,97.6,0.869,0.911,0.0553,Technology
2026-08-19,rs63_97_green,APPN,100,100.0,100.0,0.703,0.968,0.0302,Technology
2026-08-19,rs63_97_green,ARX,95,98.4,99.2,0.607,0.837,-0.0005,Financial
2026-08-19,rs63_97_green,AXON,100,98.4,96.8,0.855,0.953,0.0417,Industrials
2026-08-19,rs63_97_green,BRZE,100,100.0,100.0,0.766,0.908,0.0525,Technology
2026-08-19,rs63_97_green,BULL,100,100.0,100.0,0.925,0.813,0.0895,Technology
2026-08-19,rs63_97_green,BWIN,95,98.4,99.2,0.675,0.928,0.0315,Financial
2026-08-19,rs63_97_green,CART,100,100.0,100.0,0.688,0.843,0.0356,Consumer Cyclical
2026-08-19,rs63_97_green,CCC,100,100.0,100.0,0.84,0.95,0.042,Technology
2026-08-19,rs63_97_green,CGAU,100,100.0,98.4,0.896,0.875,0.062,Basic Materials
2026-08-19,rs63_97_green,CHYM,100,100.0,100.0,0.773,0.974,0.0364,Technology
2026-08-19,rs63_97_green,COTY,100,100.0,100.0,0.941,0.932,0.1058,Consumer Defensive
2026-08-19,rs63_97_green,CWK,100,100.0,89.7,0.902,0.775,0.0855,Real Estate
2026-08-19,rs63_97_green,DASH,100,100.0,100.0,0.728,0.913,0.0179,Consumer Cyclical
2026-08-19,rs63_97_green,ECO,100,100.0,100.0,0.638,0.859,0.0356,Industrials
2026-08-19,rs63_97_green,ELF,100,100.0,94.4,0.919,0.977,0.0772,Consumer Defensive
2026-08-19,rs63_97_green,ERIE,100,100.0,63.5,0.84,0.834,0.0406,Financial
2026-08-19,rs63_97_green,ESTC,100,100.0,100.0,0.71,0.963,0.0274,Technology
2026-08-19,rs63_97_green,FDS,100,100.0,100.0,0.816,0.909,0.0445,Financial
2026-08-19,rs63_97_green,FRSH,100,100.0,100.0,0.787,0.918,0.0267,Technology
2026-08-19,rs63_97_green,GO,95,98.4,93.7,0.846,0.936,0.0217,Consumer Defensive
2026-08-19,rs63_97_green,IMAX,100,100.0,100.0,0.665,0.942,0.0625,Communication Services
2026-08-19,rs63_97_green,INSW,100,100.0,100.0,0.852,0.815,0.0095,Energy
2026-08-19,rs63_97_green,LB,95,98.4,82.5,0.932,0.756,0.0171,Energy
2026-08-19,rs63_97_green,LPG,100,100.0,100.0,0.927,0.791,0.0181,Energy
2026-08-19,rs63_97_green,LYFT,95,98.4,99.2,0.724,0.859,0.0295,Technology
2026-08-19,rs63_97_green,MAN,95,98.4,99.2,0.644,0.985,-0.001,Industrials
2026-08-19,rs63_97_green,MANH,95,98.4,99.2,0.761,0.942,0.0384,Technology
2026-08-19,rs63_97_green,MORN,100,100.0,96.8,0.795,0.832,0.0236,Financial
2026-08-19,rs63_97_green,NAT,100,100.0,100.0,0.885,0.874,0.013,Energy
2026-08-19,rs63_97_green,NCNO,100,100.0,99.2,0.596,0.894,0.0243,Technology
2026-08-19,rs63_97_green,NIQ,100,100.0,100.0,0.924,0.986,0.0572,Technology
2026-08-19,rs63_97_green,PRCH,95,98.4,99.2,0.646,0.964,0.0216,Financial
2026-08-19,rs63_97_green,QNST,95,98.4,99.2,0.712,0.966,0.0145,Communication Services
2026-08-19,rs63_97_green,SM,100,100.0,95.2,0.951,0.572,0.0183,Energy
2026-08-19,rs63_97_green,SPSC,100,100.0,100.0,0.723,0.931,0.0437,Technology
2026-08-19,rs63_97_green,SSRM,100,100.0,86.5,0.949,0.718,0.1164,Basic Materials
2026-08-19,rs63_97_green,TALO,100,100.0,88.1,0.947,0.571,0.0495,Energy
2026-08-19,rs63_97_green,TBBB,100,100.0,100.0,0.65,0.887,0.0304,Consumer Defensive
2026-08-19,rs63_97_green,TEAM,100,100.0,100.0,0.856,0.98,0.0689,Technology
2026-08-19,rs63_97_green,TTAN,100,100.0,99.2,0.704,0.934,0.0429,Technology
2026-08-19,rs63_97_green,U,100,100.0,100.0,0.779,0.969,0.0079,Technology
2026-08-19,rs63_97_green,VIA,100,100.0,100.0,0.584,0.967,0.0544,Technology
2026-08-19,rs63_97_green,W,95,98.4,99.2,0.894,0.974,0.0601,Consumer Cyclical
2026-08-19,rs63_97_green,WEN,100,98.4,98.4,0.793,0.748,0.0581,Consumer Cyclical
2026-08-19,rs63_97_green,WK,100,100.0,100.0,0.769,0.948,0.08,Technology
2026-08-20,rs63_97,AMPL,95,98.4,99.2,0.571,0.98,0.0078,Technology
2026-08-20,rs63_97,ANDG,100,100.0,100.0,0.82,0.89,0.1177,Consumer Cyclical
2026-08-20,rs63_97,APPF,100,100.0,100.0,0.922,0.903,0.0169,Technology
2026-08-20,rs63_97,APPN,100,100.0,100.0,0.887,0.964,-0.0067,Technology
2026-08-20,rs63_97,ARX,100,100.0,100.0,0.632,0.82,0.001,Financial
2026-08-20,rs63_97,ASAN,95,98.4,99.2,0.853,0.917,-0.0073,Technology
2026-08-20,rs63_97,BRZE,100,100.0,100.0,0.905,0.888,0.002,Technology
2026-08-20,rs63_97,BULL,100,100.0,100.0,0.948,0.885,0.0243,Technology
2026-08-20,rs63_97,BWIN,100,100.0,100.0,0.62,0.947,0.0096,Financial
2026-08-20,rs63_97,CART,100,100.0,100.0,0.868,0.834,0.0079,Consumer Cyclical
2026-08-20,rs63_97,CCC,100,100.0,100.0,0.917,0.952,0.0013,Technology
2026-08-20,rs63_97,CGAU,100,100.0,100.0,0.942,0.921,0.0394,Basic Materials
2026-08-20,rs63_97,CHYM,95,98.4,99.2,0.617,0.97,-0.0339,Technology
2026-08-20,rs63_97,CWK,95,98.4,72.2,0.783,0.749,-0.0436,Real Estate
2026-08-20,rs63_97,CXW,95,98.4,99.2,0.784,0.949,0.0475,Industrials
2026-08-20,rs63_97,DASH,100,100.0,100.0,0.797,0.902,0.0097,Consumer Cyclical
2026-08-20,rs63_97,DOCU,95,98.4,99.2,0.69,0.849,0.0027,Technology
2026-08-20,rs63_97,DUOL,100,100.0,100.0,0.952,0.899,0.0068,Technology
2026-08-20,rs63_97,ECO,100,100.0,100.0,0.909,0.884,-0.0022,Industrials
2026-08-20,rs63_97,ELF,95,98.4,94.4,0.927,0.972,-0.0119,Consumer Defensive
2026-08-20,rs63_97,ERO,95,98.4,95.2,0.913,0.895,0.0569,Basic Materials
2026-08-20,rs63_97,ESTC,95,98.4,99.2,0.561,0.948,-0.0165,Technology
2026-08-20,rs63_97,EXPE,95,98.4,99.2,0.438,0.935,-0.0064,Consumer Cyclical
2026-08-20,rs63_97,FDS,100,100.0,100.0,0.9,0.887,0.0066,Financial
2026-08-20,rs63_97,FRSH,100,100.0,100.0,0.811,0.916,-0.0046,Technology
2026-08-20,rs63_97,GWRE,100,100.0,93.7,0.84,0.866,0.0034,Technology
2026-08-20,rs63_97,HOG,95,98.4,99.2,0.589,0.721,-0.0011,Consumer Cyclical
2026-08-20,rs63_97,HRB,95,98.4,99.2,0.503,0.903,0.0151,Consumer Cyclical
2026-08-20,rs63_97,IMAX,95,98.4,99.2,0.613,0.948,-0.0181,Communication Services
2026-08-20,rs63_97,INTA,95,98.4,99.2,0.665,0.976,0.002,Technology
2026-08-20,rs63_97,KMX,95,98.4,99.2,0.776,0.956,0.0356,Consumer Cyclical
2026-08-20,rs63_97,LB,100,100.0,98.4,0.952,0.801,0.0588,Energy
2026-08-20,rs63_97,LPG,100,100.0,100.0,0.877,0.796,0.0004,Energy
2026-08-20,rs63_97,LYFT,100,100.0,100.0,0.598,0.861,-0.0017,Technology
2026-08-20,rs63_97,MAN,100,100.0,100.0,0.86,0.986,0.0222,Industrials
2026-08-20,rs63_97,MANH,95,98.4,99.2,0.919,0.941,0.0253,Technology
2026-08-20,rs63_97,MORN,100,100.0,100.0,0.879,0.822,0.018,Financial
2026-08-20,rs63_97,NIQ,95,98.4,99.2,0.856,0.98,-0.0087,Technology
2026-08-20,rs63_97,NOW,100,98.4,89.7,0.874,0.869,0.02,Technology
2026-08-20,rs63_97,PATH,95,98.4,99.2,0.588,0.933,0.0089,Technology
2026-08-20,rs63_97,PAYC,100,100.0,100.0,0.853,0.955,0.0205,Technology
2026-08-20,rs63_97,PCTY,100,100.0,100.0,0.81,0.889,0.0204,Technology
2026-08-20,rs63_97,PRCH,100,100.0,100.0,0.496,0.963,0.0023,Financial
2026-08-20,rs63_97,QTWO,95,98.4,99.2,0.521,0.894,-0.0041,Technology
2026-08-20,rs63_97,RHI,100,100.0,100.0,0.759,0.963,0.0078,Industrials
2026-08-20,rs63_97,RNG,95,98.4,99.2,0.767,0.941,-0.0055,Technology
2026-08-20,rs63_97,SM,100,100.0,97.6,0.956,0.64,0.0415,Energy
2026-08-20,rs63_97,SPSC,95,98.4,99.2,0.652,0.932,-0.0165,Technology
2026-08-20,rs63_97,SSRM,100,100.0,94.4,0.969,0.833,0.041,Basic Materials
2026-08-20,rs63_97,TALO,100,100.0,92.1,0.961,0.647,0.0338,Energy
2026-08-20,rs63_97,TBBB,100,100.0,100.0,0.859,0.887,0.005,Consumer Defensive
2026-08-20,rs63_97,TEAM,100,100.0,100.0,0.93,0.984,0.0039,Technology
2026-08-20,rs63_97,TGB,95,98.4,92.1,0.857,0.876,0.026,Basic Materials
2026-08-20,rs63_97,TOST,100,100.0,100.0,0.764,0.939,0.0046,Technology
2026-08-20,rs63_97,TTAN,95,98.4,98.4,0.795,0.928,-0.0258,Technology
2026-08-20,rs63_97,U,95,98.4,99.2,0.708,0.971,-0.0121,Technology
2026-08-20,rs63_97,UBER,100,98.4,55.6,0.836,0.603,0.0065,Technology
2026-08-20,rs63_97,VIA,100,100.0,100.0,0.756,0.975,0.0072,Technology
2026-08-20,rs63_97,WDAY,95,98.4,99.2,0.578,0.952,-0.0055,Technology
2026-08-20,rs63_97,WK,100,100.0,100.0,0.918,0.936,-0.0042,Technology
2026-08-20,rs63_97_green,ANDG,100,100.0,100.0,0.82,0.89,0.1177,Consumer Cyclical
2026-08-20,rs63_97_green,APPF,100,100.0,100.0,0.922,0.903,0.0169,Technology
2026-08-20,rs63_97_green,BRZE,100,100.0,100.0,0.905,0.888,0.002,Technology
2026-08-20,rs63_97_green,BULL,100,100.0,100.0,0.948,0.885,0.0243,Technology
2026-08-20,rs63_97_green,CART,100,100.0,100.0,0.868,0.834,0.0079,Consumer Cyclical
2026-08-20,rs63_97_green,CCC,100,100.0,100.0,0.917,0.952,0.0013,Technology
2026-08-20,rs63_97_green,CGAU,100,100.0,100.0,0.942,0.921,0.0394,Basic Materials
2026-08-20,rs63_97_green,CXW,95,98.4,99.2,0.784,0.949,0.0475,Industrials
2026-08-20,rs63_97_green,DASH,100,100.0,100.0,0.797,0.902,0.0097,Consumer Cyclical
2026-08-20,rs63_97_green,DOCU,95,98.4,99.2,0.69,0.849,0.0027,Technology
2026-08-20,rs63_97_green,DUOL,100,100.0,100.0,0.952,0.899,0.0068,Technology
2026-08-20,rs63_97_green,ECO,100,100.0,100.0,0.909,0.884,-0.0022,Industrials
2026-08-20,rs63_97_green,ERO,95,98.4,95.2,0.913,0.895,0.0569,Basic Materials
2026-08-20,rs63_97_green,FDS,100,100.0,100.0,0.9,0.887,0.0066,Financial
2026-08-20,rs63_97_green,FRSH,100,100.0,100.0,0.811,0.916,-0.0046,Technology
2026-08-20,rs63_97_green,GWRE,100,100.0,93.7,0.84,0.866,0.0034,Technology
2026-08-20,rs63_97_green,INTA,95,98.4,99.2,0.665,0.976,0.002,Technology
2026-08-20,rs63_97_green,KMX,95,98.4,99.2,0.776,0.956,0.0356,Consumer Cyclical
2026-08-20,rs63_97_green,LB,100,100.0,98.4,0.952,0.801,0.0588,Energy
2026-08-20,rs63_97_green,LPG,100,100.0,100.0,0.877,0.796,0.0004,Energy
2026-08-20,rs63_97_green,MAN,100,100.0,100.0,0.86,0.986,0.0222,Industrials
2026-08-20,rs63_97_green,MANH,95,98.4,99.2,0.919,0.941,0.0253,Technology
2026-08-20,rs63_97_green,MORN,100,100.0,100.0,0.879,0.822,0.018,Financial
2026-08-20,rs63_97_green,NOW,100,98.4,89.7,0.874,0.869,0.02,Technology
2026-08-20,rs63_97_green,PAYC,100,100.0,100.0,0.853,0.955,0.0205,Technology
2026-08-20,rs63_97_green,PCTY,100,100.0,100.0,0.81,0.889,0.0204,Technology
2026-08-20,rs63_97_green,RHI,100,100.0,100.0,0.759,0.963,0.0078,Industrials
2026-08-20,rs63_97_green,SM,100,100.0,97.6,0.956,0.64,0.0415,Energy
2026-08-20,rs63_97_green,SSRM,100,100.0,94.4,0.969,0.833,0.041,Basic Materials
2026-08-20,rs63_97_green,TALO,100,100.0,92.1,0.961,0.647,0.0338,Energy
2026-08-20,rs63_97_green,TBBB,100,100.0,100.0,0.859,0.887,0.005,Consumer Defensive
2026-08-20,rs63_97_green,TEAM,100,100.0,100.0,0.93,0.984,0.0039,Technology
2026-08-20,rs63_97_green,TGB,95,98.4,92.1,0.857,0.876,0.026,Basic Materials
2026-08-20,rs63_97_green,TOST,100,100.0,100.0,0.764,0.939,0.0046,Technology
2026-08-20,rs63_97_green,UBER,100,98.4,55.6,0.836,0.603,0.0065,Technology
2026-08-20,rs63_97_green,VIA,100,100.0,100.0,0.756,0.975,0.0072,Technology
2026-08-20,rs63_97_green,WK,100,100.0,100.0,0.918,0.936,-0.0042,Technology
