pulled_at,ticker,added_date,status,note,seat,readings_json
2026-08-26,ANDG,2026-08-19T15:00:00.000Z,starred,,entry,"{""close"": 50.32, ""change_pct"": 0.1177, ""rel_volume"": 5.85379829294857, ""rs_1m"": 85, ""rs_3m"": 87, ""h_score"": 84, ""rs_line_pctl_21"": 100, ""rs_line_pctl_63"": 100, ""atr_from_sma50"": 2.904, ""high_52w_dist"": -0.0087, ""vcs"": 45.5, ""trend_base"": true, ""sector"": ""Consumer Cyclical"", ""sp_signal"": ""2nd_break""}"
2026-08-26,APPS,2026-08-19T15:00:00.000Z,vetoed,,burning,"{""close"": 10.71, ""change_pct"": -0.0463, ""rel_volume"": 0.4455068016473715, ""rs_1m"": 94, ""rs_3m"": 99, ""h_score"": 90, ""rs_line_pctl_21"": 47.61904761904761, ""rs_line_pctl_63"": 68.25396825396825, ""atr_from_sma50"": 0.2196, ""high_52w_dist"": -0.3018, ""vcs"": 22.5, ""trend_base"": true, ""sector"": ""Technology"", ""sp_signal"": null}"
2026-08-26,BFLY,2026-08-19T15:00:00.000Z,starred,,v_reversal,"{""close"": 9.17, ""change_pct"": 0, ""rel_volume"": 0.6425109487064452, ""rs_1m"": 96, ""rs_3m"": 98, ""h_score"": 90, ""rs_line_pctl_21"": 85.71428571428571, ""rs_line_pctl_63"": 93.65079365079364, ""atr_from_sma50"": 2.2172, ""high_52w_dist"": -0.0876, ""vcs"": 49.9, ""trend_base"": true, ""sector"": ""Healthcare"", ""sp_signal"": null}"
2026-08-26,GLD,2026-08-19T15:00:00.000Z,starred,,asset,"{""close"": 415.26, ""change_pct"": 0.0034, ""rel_volume"": 1.67, ""rs_1m"": null, ""rs_3m"": null, ""h_score"": null, ""rs_line_pctl_21"": 100, ""rs_line_pctl_63"": 88.9, ""atr_from_sma50"": 4.45, ""high_52w_dist"": -0.1626, ""vcs"": null, ""trend_base"": null, ""sector"": null, ""sp_signal"": null}"
2026-08-26,ICUI,2026-08-19T15:00:00.000Z,vetoed,,coiling,"{""close"": 182.53, ""change_pct"": -0.0253, ""rel_volume"": 0.7312593030651785, ""rs_1m"": 83, ""rs_3m"": 92, ""h_score"": 77, ""rs_line_pctl_21"": 90.47619047619048, ""rs_line_pctl_63"": 96.82539682539682, ""atr_from_sma50"": 4.2971, ""high_52w_dist"": -0.0535, ""vcs"": 37.9, ""trend_base"": true, ""sector"": ""Healthcare"", ""sp_signal"": null}"
2026-08-26,MRNA,2026-08-19T15:00:00.000Z,vetoed,,manual,"{""close"": 133.32, ""change_pct"": -0.23550000000000001, ""rel_volume"": 4.921927691431128, ""rs_1m"": 99, ""rs_3m"": 99, ""h_score"": 81, ""rs_line_pctl_21"": 95.23809523809523, ""rs_line_pctl_63"": 98.4126984126984, ""atr_from_sma50"": 4.8532, ""high_52w_dist"": -0.2453, ""vcs"": 10.3, ""trend_base"": true, ""sector"": ""Healthcare""}"
2026-08-26,NAVN,2026-08-19T15:00:00.000Z,vetoed,,new_leader,"{""close"": 28.56, ""change_pct"": -0.0212, ""rel_volume"": 0.6317761120695708, ""rs_1m"": 88, ""rs_3m"": 93, ""h_score"": 90, ""rs_line_pctl_21"": 71.42857142857143, ""rs_line_pctl_63"": 90.47619047619048, ""atr_from_sma50"": 2.5055, ""high_52w_dist"": -0.0477, ""vcs"": 70.5, ""trend_base"": true, ""sector"": ""Technology"", ""sp_signal"": null}"
2026-08-26,NFG,2026-08-24T15:00:00.000Z,noted,"atr太小只有1.82%，adr也只有1.9%。
 需要至少adr3.5以上。",coiling,"{""close"": 82.14, ""change_pct"": -0.0039000000000000003, ""rel_volume"": 0.5755400782866316, ""rs_1m"": 48, ""rs_3m"": 47, ""h_score"": 35, ""rs_line_pctl_21"": 52.38095238095239, ""rs_line_pctl_63"": 69.84126984126983, ""atr_from_sma50"": 1.3501, ""high_52w_dist"": -0.1446, ""vcs"": 46.5, ""trend_base"": false, ""sector"": ""Energy"", ""sp_signal"": null}"
