date,panel,zone,ticker,close,chg_pct,rel_volume,atr_from_sma50,ema21_atr_dist,rs_line_pctl_21,rs_1m,rs_3m,h_score,perf_3m_pctile,vcs,sp_signal,group,group_state
2026-08-18,true_market_leaders,leaders,ABT,112.68,2.1,0.62,5.42,2.27,95,81,82,70.0,0.858,49,,Medical Devices,Leading
2026-08-18,true_market_leaders,leaders,AMPL,12.59,-0.2,0.91,5.59,2.51,86,96,98,87.0,0.981,6,,Cloud Software,Leading
2026-08-18,true_market_leaders,leaders,ASAN,9.16,3.7,0.6,2.35,0.92,81,93,88,75.0,0.902,31,,Cloud Software,Leading
2026-08-18,true_market_leaders,leaders,AVTR,13.33,-1.3,0.46,4.13,0.83,48,93,97,71.0,0.968,53,,Medical Instruments & Supplies,Leading
2026-08-18,true_market_leaders,leaders,BAX,25.94,0.1,0.83,2.7,0.17,38,87,90,68.0,0.917,46,,Medical Devices,Leading
2026-08-18,true_market_leaders,leaders,BFLY,9.0,-0.2,0.6,2.12,0.9,86,96,98,91.0,0.987,41,,Medical Devices,Leading
2026-08-18,true_market_leaders,leaders,BLZE,19.2,-1.0,0.7,3.07,1.23,81,98,99,86.0,0.992,29,,Cloud Software,Leading
2026-08-18,true_market_leaders,leaders,CCC,7.14,6.7,2.74,4.02,1.81,100,82,94,84.0,0.951,32,,Cloud Software,Leading
2026-08-18,true_market_leaders,leaders,CNK,36.7,-2.2,0.36,2.72,0.65,38,86,89,70.0,0.91,54,,Entertainment,Leading
2026-08-18,true_market_leaders,leaders,CRSR,11.93,-2.5,0.69,2.1,0.29,67,91,97,81.0,0.971,15,,Computer Hardware,Leading
2026-08-18,true_market_leaders,leaders,DELL,468.65,-2.3,0.8,1.37,0.6,81,86,98,88.0,0.981,32,,Computer Hardware,Leading
2026-08-18,true_market_leaders,leaders,DXCM,89.6,0.9,0.59,4.53,2.03,90,90,86,75.0,0.886,18,,Medical Devices,Leading
2026-08-18,true_market_leaders,leaders,EGO,38.71,-4.0,0.63,3.33,1.54,76,94,83,52.0,0.859,3,,Gold Miners,Leading
2026-08-18,true_market_leaders,leaders,FIVN,32.45,1.9,0.33,3.69,1.37,76,95,91,84.0,0.923,25,,Cloud Software,Leading
2026-08-18,true_market_leaders,leaders,FRSH,12.73,3.2,0.87,3.69,1.84,100,84,90,82.0,0.914,39,,Cloud Software,Leading
2026-08-18,true_market_leaders,leaders,GTLB,41.5,2.4,0.92,3.97,1.75,86,94,95,83.0,0.956,15,,Cloud Software,Leading
2026-08-18,true_market_leaders,leaders,HPQ,29.96,1.9,0.52,3.36,1.32,95,91,91,76.0,0.925,34,,Computer Hardware,Leading
2026-08-18,true_market_leaders,leaders,NTNX,65.83,0.3,0.74,4.9,2.09,90,89,89,81.0,0.906,32,,Cloud Software,Leading
2026-08-18,true_market_leaders,leaders,PLTR,171.54,-0.6,0.6,4.5,2.04,81,95,81,81.0,0.848,2,,Cloud Software,Leading
2026-08-18,true_market_leaders,leaders,RNG,65.19,1.8,0.51,6.0,2.43,95,99,95,86.0,0.954,33,,Cloud Software,Leading
2026-08-18,true_market_leaders,leaders,RTX,225.49,1.7,0.71,5.36,2.07,86,87,84,61.0,0.869,55,1st_break,Defense,Leading
2026-08-18,true_market_leaders,leaders,SNOW,325.33,-1.4,0.81,3.88,1.2,71,90,98,89.0,0.979,44,,Cloud Software,Leading
2026-08-18,true_market_leaders,leaders,TEAM,163.0,2.9,0.86,7.05,3.75,95,99,98,89.0,0.977,0,,Cloud Software,Leading
2026-08-18,true_market_leaders,leaders,TNDM,23.73,6.6,1.15,4.69,2.56,100,96,96,75.0,0.968,15,tp1_hit,Medical Devices,Leading
2026-08-18,true_market_leaders,leaders,TOST,34.95,1.8,0.76,4.02,1.34,95,84,93,80.0,0.938,47,,Cloud Software,Leading
2026-08-18,true_market_leaders,leaders,UMAC,30.58,1.4,1.38,2.62,1.66,95,98,99,93.0,0.988,16,,Drones,Leading
2026-08-18,true_market_leaders,leaders,WDAY,190.63,-0.3,0.68,3.76,1.58,90,97,92,84.0,0.929,20,,Cloud Software,Leading
2026-08-18,true_market_leaders,leaders,ZETA,28.23,-2.1,0.42,4.0,1.72,76,96,93,87.0,0.945,8,,Cloud Software,Leading
2026-08-18,liquid_leaders,leaders,ABCL,11.12,-0.7,0.85,5.24,3.38,90,99,99,77.0,0.993,0,,Biotechnology,Weakening
2026-08-18,liquid_leaders,leaders,ABNB,183.25,2.2,0.85,5.45,2.79,90,94,89,80.0,0.909,0,,Travel & Leisure,Weakening
2026-08-18,liquid_leaders,leaders,ABSI,8.85,-4.2,0.98,0.03,0.07,67,65,98,74.0,0.978,55,,Genomics,Weakening
2026-08-18,liquid_leaders,leaders,ABT,112.68,2.1,0.62,5.42,2.27,95,81,82,70.0,0.858,49,,Medical Devices,Leading
2026-08-18,liquid_leaders,leaders,ACVA,7.63,0.1,1.02,1.03,-0.04,24,53,81,62.0,0.848,41,,Auto & Truck Dealerships,Weakening
2026-08-18,liquid_leaders,leaders,ADPT,24.56,-0.9,0.71,2.56,0.72,76,79,98,89.0,0.98,51,,Genomics,Weakening
2026-08-18,liquid_leaders,leaders,AEHR,123.25,-15.4,1.25,1.99,1.11,86,93,93,74.0,0.941,0,,Semiconductors Broad,Lagging
2026-08-18,liquid_leaders,leaders,AMC,2.38,-2.5,0.46,0.53,-0.44,24,70,96,72.0,0.968,59,,Entertainment,Leading
2026-08-18,liquid_leaders,leaders,AMCR,45.86,0.7,0.61,1.82,0.11,33,62,81,70.0,0.851,48,,Packaging & Containers,Weakening
2026-08-18,liquid_leaders,leaders,AMGN,425.28,1.4,0.9,5.0,2.43,100,86,83,63.0,0.861,27,,Drug Manufacturers - General,Weakening
2026-08-18,liquid_leaders,leaders,AMLX,35.11,63.8,7.45,7.4,5.81,100,99,99,84.0,0.993,18,tp2_hit,Drug Manufacturers - Specialty & Generic,Weakening
2026-08-18,liquid_leaders,leaders,AMPL,12.59,-0.2,0.91,5.59,2.51,86,96,98,87.0,0.981,6,,Cloud Software,Leading
2026-08-18,liquid_leaders,leaders,ANET,193.18,-4.3,1.13,1.76,0.42,71,76,87,81.0,0.897,21,,Optics & Networking Equipment,Improving
2026-08-18,liquid_leaders,leaders,APPS,12.12,-1.0,0.59,1.56,0.65,57,96,99,90.0,0.994,10,,Software,Weakening
2026-08-18,liquid_leaders,leaders,ASAN,9.16,3.7,0.6,2.35,0.92,81,93,88,75.0,0.902,31,,Cloud Software,Leading
2026-08-18,liquid_leaders,leaders,ATAI,7.29,0.7,1.18,10.9,2.29,57,49,97,90.0,0.975,95,,Biotechnology,Weakening
2026-08-18,liquid_leaders,leaders,AVAH,12.67,-0.2,1.8,6.14,4.09,100,96,95,70.0,0.958,10,,Medical Care Facilities,Weakening
2026-08-18,liquid_leaders,leaders,AVPT,13.32,0.5,0.48,2.39,0.66,52,42,85,73.0,0.875,51,1st_break,Cloud Software,Leading
2026-08-18,liquid_leaders,leaders,AVTR,13.33,-1.3,0.46,4.13,0.83,48,93,97,71.0,0.968,53,,Medical Instruments & Supplies,Leading
2026-08-18,liquid_leaders,leaders,BAC,64.23,0.5,0.78,4.0,1.36,76,60,82,69.0,0.853,55,,Banks - Diversified,Weakening
2026-08-18,liquid_leaders,leaders,BAX,25.94,0.1,0.83,2.7,0.17,38,87,90,68.0,0.917,46,,Medical Devices,Leading
2026-08-18,liquid_leaders,leaders,BBIO,82.98,3.9,1.28,1.9,0.46,43,52,81,79.0,0.85,56,,Biotechnology,Weakening
2026-08-18,liquid_leaders,leaders,BBY,87.27,2.1,0.9,2.22,1.05,57,50,92,63.0,0.935,50,1st_break,Consumer Retail,Weakening
2026-08-18,liquid_leaders,leaders,BFLY,9.0,-0.2,0.6,2.12,0.9,86,96,98,91.0,0.987,41,,Medical Devices,Leading
2026-08-18,liquid_leaders,leaders,BHC,6.93,5.3,0.86,4.63,2.63,90,98,84,73.0,0.869,28,tp1_hit,Drug Manufacturers - Specialty & Generic,Weakening
2026-08-18,liquid_leaders,leaders,BILL,49.17,1.4,1.01,3.64,1.08,86,72,82,71.0,0.856,44,,Cloud Software,Leading
2026-08-18,liquid_leaders,leaders,BKNG,208.25,1.7,0.73,3.28,1.05,67,86,87,74.0,0.892,34,,Travel & Leisure,Weakening
2026-08-18,liquid_leaders,leaders,BLZE,19.2,-1.0,0.7,3.07,1.23,81,98,99,86.0,0.992,29,,Cloud Software,Leading
2026-08-18,liquid_leaders,leaders,BMRN,66.99,0.5,0.76,3.57,1.5,81,81,86,80.0,0.889,6,,Biotechnology,Weakening
2026-08-18,liquid_leaders,leaders,BOX,32.44,0.5,0.67,2.98,0.75,76,61,80,77.0,0.843,47,,Cloud Software,Leading
2026-08-18,liquid_leaders,leaders,BRZE,29.12,4.2,1.52,3.11,1.55,95,77,87,85.0,0.891,24,tp1_hit,Cloud Software,Leading
2026-08-18,liquid_leaders,leaders,CAI,20.97,-3.0,0.75,2.85,1.54,71,97,89,71.0,0.906,1,,Genomics,Weakening
2026-08-18,liquid_leaders,leaders,CAKE,106.36,-2.5,0.86,4.82,0.99,67,92,97,66.0,0.974,38,,Travel & Leisure,Weakening
2026-08-18,liquid_leaders,leaders,CBZ,54.73,0.1,0.27,11.57,3.27,76,96,97,66.0,0.97,72,1st_break,Specialty Business Services,Lagging
2026-08-18,liquid_leaders,leaders,CCC,7.14,6.7,2.74,4.02,1.81,100,82,94,84.0,0.951,32,,Cloud Software,Leading
2026-08-18,liquid_leaders,leaders,CERT,8.01,0.1,0.44,3.12,0.64,48,87,96,75.0,0.967,65,,Health Information Services,Weakening
2026-08-18,liquid_leaders,leaders,CHYM,31.91,1.5,0.92,6.19,2.79,100,98,98,80.0,0.977,9,,Fintech,Weakening
2026-08-18,liquid_leaders,leaders,CLBK,11.82,1.2,0.47,5.77,2.76,100,64,85,67.0,0.874,28,2nd_break,Regional Banks,Weakening
2026-08-18,liquid_leaders,leaders,CMPS,13.9,1.3,1.16,1.56,1.18,95,82,88,71.0,0.902,17,,Medical Care Facilities,Weakening
2026-08-18,liquid_leaders,leaders,CNK,36.7,-2.2,0.36,2.72,0.65,38,86,89,70.0,0.91,54,,Entertainment,Leading
2026-08-18,liquid_leaders,leaders,COMP,12.3,-0.7,0.67,1.64,0.19,57,60,94,73.0,0.947,47,,Real Estate,Lagging
2026-08-18,liquid_leaders,leaders,COTY,2.74,2.6,0.63,2.61,0.36,24,45,87,54.0,0.897,62,,Household & Personal Products,Weakening
2026-08-18,liquid_leaders,leaders,CRDO,245.97,-13.0,1.49,0.19,0.18,71,74,91,64.0,0.927,19,,Optics & Networking Equipment,Improving
2026-08-18,liquid_leaders,leaders,CRNX,84.72,-0.0,1.35,25.76,4.2,48,44,99,91.0,0.99,100,,Biotechnology,Weakening
2026-08-18,liquid_leaders,leaders,CRSR,11.93,-2.5,0.69,2.1,0.29,67,91,97,81.0,0.971,15,,Computer Hardware,Leading
2026-08-18,liquid_leaders,leaders,CRWD,212.92,-0.5,0.92,2.44,0.66,76,77,88,83.0,0.902,27,,Cybersecurity,Weakening
2026-08-18,liquid_leaders,leaders,DASH,216.35,1.7,1.29,3.5,1.47,100,84,89,72.0,0.91,39,,Consumer Retail,Weakening
2026-08-18,liquid_leaders,leaders,DELL,468.65,-2.3,0.8,1.37,0.6,81,86,98,88.0,0.981,32,,Computer Hardware,Leading
2026-08-18,liquid_leaders,leaders,DFTX,46.18,2.0,0.91,2.0,0.88,95,50,99,82.0,0.988,54,1st_break,Biotechnology,Weakening
2026-08-18,liquid_leaders,leaders,DINO,95.7,0.8,0.52,4.71,2.32,100,61,86,81.0,0.888,34,,Oil & Gas,Improving
2026-08-18,liquid_leaders,leaders,DLTR,130.48,0.7,1.03,2.18,0.76,76,56,91,54.0,0.923,87,1st_break,Consumer Retail,Weakening
2026-08-18,liquid_leaders,leaders,DOCS,24.94,1.7,0.37,1.54,0.7,81,88,83,73.0,0.866,2,,Health Information Services,Weakening
2026-08-18,liquid_leaders,leaders,DV,13.27,-0.2,0.77,5.03,2.54,100,83,91,83.0,0.921,12,,Advertising Agencies,Weakening
2026-08-18,liquid_leaders,leaders,DXCM,89.6,0.9,0.59,4.53,2.03,90,90,86,75.0,0.886,18,,Medical Devices,Leading
2026-08-18,liquid_leaders,leaders,DYN,26.0,-0.6,0.71,2.69,0.63,67,76,94,82.0,0.949,66,,Genomics,Weakening
2026-08-18,liquid_leaders,leaders,EC,17.68,0.1,0.54,2.9,1.57,100,67,80,56.0,0.845,45,,Oil & Gas,Improving
2026-08-18,liquid_leaders,leaders,EGO,38.71,-4.0,0.63,3.33,1.54,76,94,83,52.0,0.859,3,,Gold Miners,Leading
2026-08-18,liquid_leaders,leaders,ELF,92.51,-1.2,0.4,3.72,1.17,81,85,96,74.0,0.967,42,,Household & Personal Products,Weakening
2026-08-18,liquid_leaders,leaders,ERAS,18.1,-1.0,0.59,0.77,-0.15,19,25,97,77.0,0.969,81,,Biotechnology,Weakening
2026-08-18,liquid_leaders,leaders,ESTC,85.01,1.9,1.1,5.61,3.25,95,97,94,80.0,0.951,1,,Cybersecurity,Weakening
2026-08-18,liquid_leaders,leaders,ETSY,79.96,2.0,0.8,0.42,-0.39,29,22,87,63.0,0.894,42,,Consumer Retail,Weakening
2026-08-18,liquid_leaders,leaders,FA,20.95,3.2,0.54,1.14,-0.13,57,36,90,65.0,0.914,29,,Specialty Business Services,Lagging
2026-08-18,liquid_leaders,leaders,FBRX,76.88,-0.0,0.34,15.81,3.91,71,99,99,87.0,0.996,78,,Biotechnology,Weakening
2026-08-18,liquid_leaders,leaders,FIVN,32.45,1.9,0.33,3.69,1.37,76,95,91,84.0,0.923,25,,Cloud Software,Leading
2026-08-18,liquid_leaders,leaders,FROG,91.6,-3.2,0.54,1.04,0.72,81,45,87,82.0,0.891,14,,Cybersecurity,Weakening
2026-08-18,liquid_leaders,leaders,FRSH,12.73,3.2,0.87,3.69,1.84,100,84,90,82.0,0.914,39,,Cloud Software,Leading
2026-08-18,liquid_leaders,leaders,FSLY,26.59,-8.4,0.95,2.67,0.74,71,95,95,85.0,0.956,9,,Cybersecurity,Weakening
2026-08-18,liquid_leaders,leaders,GE,375.09,1.5,1.17,1.84,1.11,81,74,85,58.0,0.876,51,,Defense,Leading
2026-08-18,liquid_leaders,leaders,GENI,7.49,-3.5,0.29,1.41,0.12,38,80,92,61.0,0.935,34,,Internet Content & Information,Improving
2026-08-18,liquid_leaders,leaders,GH,160.12,-1.0,0.56,1.32,0.3,67,70,96,90.0,0.961,43,,Genomics,Weakening
2026-08-18,liquid_leaders,leaders,GMAB,32.96,0.4,1.12,5.86,3.21,100,86,83,76.0,0.861,18,,Biotechnology,Weakening
2026-08-18,liquid_leaders,leaders,GO,11.06,-3.7,0.95,2.68,1.9,95,89,91,45.0,0.927,10,,Consumer Staples,Lagging
2026-08-18,liquid_leaders,leaders,GPN,90.37,-0.0,0.31,3.82,1.2,81,80,86,78.0,0.885,44,,Fintech,Weakening
2026-08-18,liquid_leaders,leaders,GTLB,41.5,2.4,0.92,3.97,1.75,86,94,95,83.0,0.956,15,,Cloud Software,Leading
2026-08-18,liquid_leaders,leaders,HALO,104.89,1.8,0.81,7.18,3.79,100,96,93,90.0,0.942,4,,Biotechnology,Weakening
2026-08-18,liquid_leaders,leaders,HPE,55.69,-3.3,1.16,2.28,0.92,81,89,96,70.0,0.966,22,,Optics & Networking Equipment,Improving
2026-08-18,liquid_leaders,leaders,HPQ,29.96,1.9,0.52,3.36,1.32,95,91,91,76.0,0.925,34,,Computer Hardware,Leading
2026-08-18,liquid_leaders,leaders,HRB,50.94,1.6,0.63,3.98,1.67,86,94,85,77.0,0.881,14,,Personal Services,Weakening
2026-08-18,liquid_leaders,leaders,IOT,39.58,1.5,0.78,1.84,0.66,81,51,83,80.0,0.865,39,2nd_break,Robotics & Automation,Improving
2026-08-18,liquid_leaders,leaders,IOVA,7.03,-1.0,0.6,4.57,2.51,95,95,98,95.0,0.983,1,,Biotechnology,Weakening
2026-08-18,liquid_leaders,leaders,IP,40.05,-0.5,0.38,1.38,-0.1,29,77,89,58.0,0.91,56,,Packaging & Containers,Weakening
2026-08-18,liquid_leaders,leaders,JHX,29.29,-3.8,0.64,2.96,0.67,67,88,94,63.0,0.95,24,,Homebuilders,Weakening
2026-08-18,liquid_leaders,leaders,KMX,57.4,-1.9,0.51,1.28,-0.17,14,38,94,66.0,0.952,86,,Auto & Truck Dealerships,Weakening
2026-08-18,liquid_leaders,leaders,KSS,18.7,-3.0,0.88,0.75,-0.15,24,54,95,59.0,0.954,57,stop_hit,Department Stores,
2026-08-18,liquid_leaders,leaders,LFST,12.36,-1.5,0.89,3.79,1.9,95,72,94,78.0,0.952,27,,Medical Care Facilities,Weakening
2026-08-18,liquid_leaders,leaders,LNC,45.08,0.9,0.6,3.47,0.76,62,69,85,58.0,0.883,47,,Insurance,Weakening
2026-08-18,liquid_leaders,leaders,LTH,45.4,0.1,0.59,3.1,1.14,76,68,89,58.0,0.905,54,,Leisure,Lagging
2026-08-18,liquid_leaders,leaders,LYFT,16.93,-1.7,0.59,2.33,0.73,76,77,83,71.0,0.861,30,,Software,Weakening
2026-08-18,liquid_leaders,leaders,MGNI,24.53,1.4,0.9,4.88,2.42,95,95,97,85.0,0.974,14,tp1_hit,Advertising Agencies,Weakening
2026-08-18,liquid_leaders,leaders,MNKD,4.07,4.4,0.91,0.48,0.6,71,41,88,68.0,0.9,45,,Biotechnology,Weakening
2026-08-18,liquid_leaders,leaders,MPC,366.21,2.2,0.69,6.6,3.62,100,83,89,85.0,0.909,15,,Oil & Gas,Improving
2026-08-18,liquid_leaders,leaders,MRNA,62.96,-2.3,0.75,0.44,0.61,90,62,88,72.0,0.901,41,,Genomics,Weakening
2026-08-18,liquid_leaders,leaders,NAVN,29.2,1.7,0.76,3.06,1.21,95,62,94,87.0,0.952,55,,Cloud Software,Leading
2026-08-18,liquid_leaders,leaders,NEO,15.9,-1.6,0.39,2.61,0.52,52,74,98,84.0,0.977,65,stop_hit,Genomics,Weakening
2026-08-18,liquid_leaders,leaders,NEOG,11.57,-2.5,0.59,3.23,1.04,71,86,89,63.0,0.905,41,,Agribusiness,Lagging
2026-08-18,liquid_leaders,leaders,NESR,35.29,-1.4,0.77,4.14,2.37,81,95,87,66.0,0.894,1,,Oil & Gas,Improving
2026-08-18,liquid_leaders,leaders,NET,301.36,-1.8,0.47,2.23,0.49,71,76,91,83.0,0.927,32,,Cybersecurity,Weakening
2026-08-18,liquid_leaders,leaders,NTAP,204.71,0.2,0.94,4.52,2.13,100,92,96,83.0,0.964,27,,Memory & Storage,Weakening
2026-08-18,liquid_leaders,leaders,NTNX,65.83,0.3,0.74,4.9,2.09,90,89,89,81.0,0.906,32,,Cloud Software,Leading
2026-08-18,liquid_leaders,leaders,NTSK,15.37,0.8,0.73,3.74,1.4,86,84,86,80.0,0.889,22,,Cybersecurity,Weakening
2026-08-18,liquid_leaders,leaders,NUVB,6.96,7.4,1.11,2.6,1.55,100,71,95,87.0,0.957,50,counter_break,Biotechnology,Weakening
2026-08-18,liquid_leaders,leaders,NWL,5.93,-1.8,0.4,1.45,0.33,52,81,96,68.0,0.964,48,,Household & Personal Products,Weakening
2026-08-18,liquid_leaders,leaders,OCUL,11.01,3.4,1.69,3.18,2.82,100,92,88,75.0,0.901,5,tp1_hit,Biotechnology,Weakening
2026-08-18,liquid_leaders,leaders,OKTA,143.92,0.5,1.04,1.13,-0.01,43,27,95,77.0,0.959,56,,Cybersecurity,Weakening
2026-08-18,liquid_leaders,leaders,OMER,17.19,-1.0,0.52,6.64,3.87,95,99,91,74.0,0.922,1,,Biotechnology,Weakening
2026-08-18,liquid_leaders,leaders,OSCR,31.28,-0.9,0.5,0.88,0.71,67,46,82,69.0,0.855,31,,Healthcare Plans,Weakening
2026-08-18,liquid_leaders,leaders,OUST,42.99,-10.7,1.12,0.04,-0.05,52,63,91,69.0,0.925,34,stop_hit,Physical AI & Humanoid Robotics,Improving
2026-08-18,liquid_leaders,leaders,P,117.06,0.1,0.88,6.92,4.05,100,99,93,89.0,0.944,0,,Memory & Storage,Weakening
2026-08-18,liquid_leaders,leaders,PANW,374.14,-0.4,0.78,2.99,0.92,76,73,94,86.0,0.947,30,,Cybersecurity,Weakening
2026-08-18,liquid_leaders,leaders,PATH,15.58,-2.6,1.38,3.93,1.6,81,95,92,80.0,0.93,11,stop_hit,Robotics & Automation,Improving
2026-08-18,liquid_leaders,leaders,PAYO,7.11,-0.3,0.86,2.46,0.27,48,38,92,73.0,0.932,100,,Fintech,Weakening
2026-08-18,liquid_leaders,leaders,PAYX,119.93,1.2,0.74,3.06,0.65,57,70,83,75.0,0.86,54,,Software,Weakening
2026-08-18,liquid_leaders,leaders,PBF,75.2,0.2,0.51,5.01,2.2,95,82,97,86.0,0.97,38,,Oil & Gas,Improving
2026-08-18,liquid_leaders,leaders,PGEN,6.75,3.0,0.75,2.89,1.11,71,92,95,92.0,0.956,35,,Biotechnology,Weakening
2026-08-18,liquid_leaders,leaders,PGY,20.32,-2.9,0.65,2.09,0.35,52,86,95,84.0,0.954,35,,Fintech,Weakening
2026-08-18,liquid_leaders,leaders,PK,15.37,2.5,0.81,1.96,1.19,67,55,90,68.0,0.916,56,1st_break,Real Estate,Lagging
2026-08-18,liquid_leaders,leaders,PLTR,171.54,-0.6,0.6,4.5,2.04,81,95,81,81.0,0.848,2,,Cloud Software,Leading
2026-08-18,liquid_leaders,leaders,PSNL,13.91,0.1,0.36,1.57,0.49,81,58,98,89.0,0.984,59,,Genomics,Weakening
2026-08-18,liquid_leaders,leaders,PSX,243.49,1.2,0.84,6.74,3.85,100,86,87,85.0,0.892,16,,Oil & Gas,Improving
2026-08-18,liquid_leaders,leaders,PYPL,60.43,-0.1,0.86,5.94,1.67,90,70,88,66.0,0.904,56,,Fintech,Weakening
2026-08-18,liquid_leaders,leaders,RBRK,100.55,-0.5,1.13,4.14,2.3,90,96,94,87.0,0.948,0,,Cybersecurity,Weakening
2026-08-18,liquid_leaders,leaders,REPL,15.58,6.5,0.28,3.32,2.16,100,97,99,86.0,0.995,12,,Biotechnology,Weakening
2026-08-18,liquid_leaders,leaders,RHI,43.76,3.0,0.58,3.73,1.56,100,65,96,82.0,0.967,40,,Staffing & Employment Services,Weakening
2026-08-18,liquid_leaders,leaders,RLAY,20.61,-0.3,1.0,2.34,1.06,100,68,96,73.0,0.964,59,,Biotechnology,Weakening
2026-08-18,liquid_leaders,leaders,RNG,65.19,1.8,0.51,6.0,2.43,95,99,95,86.0,0.954,33,,Cloud Software,Leading
2026-08-18,liquid_leaders,leaders,ROIV,37.37,3.1,1.01,2.81,1.64,100,74,84,69.0,0.873,33,2nd_break,Biotechnology,Weakening
2026-08-18,liquid_leaders,leaders,ROKU,157.78,-0.3,0.64,6.88,3.47,100,73,84,71.0,0.873,41,,Entertainment,Leading
2026-08-18,liquid_leaders,leaders,RTX,225.49,1.7,0.71,5.36,2.07,86,87,84,61.0,0.869,55,1st_break,Defense,Leading
2026-08-18,liquid_leaders,leaders,S,22.49,3.1,0.82,4.25,1.64,90,90,82,81.0,0.854,18,,Cybersecurity,Weakening
2026-08-18,liquid_leaders,leaders,SLM,26.87,-1.5,0.58,2.22,0.23,43,66,80,59.0,0.844,47,,Financials,Weakening
2026-08-18,liquid_leaders,leaders,SLS,13.1,0.8,0.84,1.7,1.13,95,46,96,81.0,0.966,49,,Biotechnology,Weakening
2026-08-18,liquid_leaders,leaders,SNOW,325.33,-1.4,0.81,3.88,1.2,71,90,98,89.0,0.979,44,,Cloud Software,Leading
2026-08-18,liquid_leaders,leaders,SWK,98.4,-1.2,0.8,2.26,0.12,43,78,86,61.0,0.89,44,,Tools & Accessories,Weakening
2026-08-18,liquid_leaders,leaders,TEAM,163.0,2.9,0.86,7.05,3.75,95,99,98,89.0,0.977,0,,Cloud Software,Leading
2026-08-18,liquid_leaders,leaders,TECH,72.22,-0.2,0.72,8.92,1.3,52,43,94,75.0,0.953,100,,Biotechnology,Weakening
2026-08-18,liquid_leaders,leaders,TGB,8.36,-4.7,0.41,2.22,0.83,81,71,84,71.0,0.872,3,,Copper Miners,Leading
2026-08-18,liquid_leaders,leaders,TMO,589.04,0.6,0.4,3.94,0.98,52,80,85,77.0,0.877,62,,Diagnostics & Research,Weakening
2026-08-18,liquid_leaders,leaders,TNDM,23.73,6.6,1.15,4.69,2.56,100,96,96,75.0,0.968,15,tp1_hit,Medical Devices,Leading
2026-08-18,liquid_leaders,leaders,TOST,34.95,1.8,0.76,4.02,1.34,95,84,93,80.0,0.938,47,,Cloud Software,Leading
2026-08-18,liquid_leaders,leaders,TPG,52.02,0.5,0.93,4.26,2.21,90,92,81,76.0,0.852,0,,Financials,Weakening
2026-08-18,liquid_leaders,leaders,TREX,47.73,-2.1,0.47,0.67,0.2,57,77,85,60.0,0.877,25,,Homebuilders,Weakening
2026-08-18,liquid_leaders,leaders,TTEK,35.4,-1.2,0.89,3.88,1.17,81,86,84,36.0,0.869,37,,Industrials,Lagging
2026-08-18,liquid_leaders,leaders,TXG,55.63,-4.1,0.64,3.79,1.27,76,88,99,78.0,0.991,30,,Genomics,Weakening
2026-08-18,liquid_leaders,leaders,U,46.74,2.8,0.95,7.07,3.72,100,98,97,89.0,0.971,2,,Software,Weakening
2026-08-18,liquid_leaders,leaders,UMAC,30.58,1.4,1.38,2.62,1.66,95,98,99,93.0,0.988,16,,Drones,Leading
2026-08-18,liquid_leaders,leaders,USFD,106.91,-1.6,0.54,2.54,0.9,67,80,84,59.0,0.87,32,,Agribusiness,Lagging
2026-08-18,liquid_leaders,leaders,UTZ,14.16,0.1,0.07,18.07,4.49,52,99,98,71.0,0.98,90,,Packaged Foods,Weakening
2026-08-18,liquid_leaders,leaders,VLO,350.05,0.8,0.68,5.67,2.92,100,78,86,84.0,0.889,27,,Oil & Gas,Improving
2026-08-18,liquid_leaders,leaders,W,101.69,-1.4,0.5,1.95,0.65,67,85,96,62.0,0.966,24,,Consumer Retail,Weakening
2026-08-18,liquid_leaders,leaders,WAY,24.32,-1.5,0.49,2.22,0.69,67,74,84,76.0,0.874,29,,Health Information Services,Weakening
2026-08-18,liquid_leaders,leaders,WDAY,190.63,-0.3,0.68,3.76,1.58,90,97,92,84.0,0.929,20,,Cloud Software,Leading
2026-08-18,liquid_leaders,leaders,ZETA,28.23,-2.1,0.42,4.0,1.72,76,96,93,87.0,0.945,8,,Cloud Software,Leading
2026-08-18,ma_reclaim,entries,AFL,121.73,0.6,1.01,0.1,-0.67,33,33,38,40.0,0.556,27,,Insurance,Weakening
2026-08-18,ma_reclaim,entries,ARQT,26.54,3.6,1.26,0.01,0.04,52,19,87,64.0,0.895,48,1st_break,Biotechnology,Weakening
2026-08-18,ma_reclaim,entries,AZO,3073.2,1.8,1.5,0.14,0.29,67,48,16,26.0,0.362,62,,Auto Parts,Improving
2026-08-18,ma_reclaim,entries,BBIO,82.98,3.9,1.28,1.9,0.46,43,52,81,79.0,0.85,56,,Biotechnology,Weakening
2026-08-18,ma_reclaim,entries,BBWI,20.04,6.5,1.45,-0.28,0.29,33,34,80,41.0,0.842,39,,Consumer Retail,Weakening
2026-08-18,ma_reclaim,entries,BZ,15.8,1.6,1.09,1.81,0.11,19,45,58,33.0,0.685,37,,Internet Content & Information,Improving
2026-08-18,ma_reclaim,entries,CF,119.72,1.7,1.08,1.17,0.26,52,30,19,32.0,0.39,36,1st_break,Agribusiness,Lagging
2026-08-18,ma_reclaim,entries,COLD,14.86,2.5,1.05,-0.06,0.21,57,24,40,41.0,0.568,39,1st_break,Real Estate,Lagging
2026-08-18,ma_reclaim,entries,DUOL,139.64,7.3,1.11,1.26,0.73,86,58,78,70.0,0.826,33,,Software,Weakening
2026-08-18,ma_reclaim,entries,ECL,280.0,1.5,1.56,0.92,0.31,43,64,62,47.0,0.718,54,1st_break,Chemicals & Materials,Improving
2026-08-18,ma_reclaim,entries,ESLT,795.71,1.6,1.47,0.15,-0.2,33,51,38,49.0,0.556,24,,Drones,Leading
2026-08-18,ma_reclaim,entries,GHC,1173.27,0.7,1.13,0.11,-0.25,24,47,47,34.0,0.611,31,,Industrials,Lagging
2026-08-18,ma_reclaim,entries,JKHY,153.12,2.2,1.5,1.87,0.12,33,52,53,34.0,0.655,58,,Fintech,Weakening
2026-08-18,ma_reclaim,entries,LEGN,21.92,6.2,1.16,-3.08,0.49,81,17,7,62.0,0.268,58,1st_break,Genomics,Weakening
2026-08-18,ma_reclaim,entries,LULU,119.01,2.8,1.16,0.32,-0.31,33,48,30,30.0,0.474,35,,Consumer Retail,Weakening
2026-08-18,ma_reclaim,entries,MTCH,38.69,4.0,1.13,0.95,0.56,48,39,54,41.0,0.662,16,,Internet Content & Information,Improving
2026-08-18,ma_reclaim,entries,NGG,82.15,1.1,2.18,0.4,0.84,57,40,31,29.0,0.484,49,2nd_break,Utilities,Lagging
2026-08-18,ma_reclaim,entries,OCTV,18.63,3.4,1.32,1.0,0.29,52,85,0,40.0,0.05,,,Software,Weakening
2026-08-18,ma_reclaim,entries,PM,187.62,1.7,1.18,0.53,-0.1,33,38,27,28.0,0.455,48,,Tobacco,Lagging
2026-08-18,ma_reclaim,entries,SPOT,516.28,4.8,1.16,1.38,0.93,86,60,66,40.0,0.744,22,1st_break,Internet Content & Information,Improving
2026-08-18,ma_reclaim,entries,TRI,100.89,1.9,2.55,1.75,0.21,43,77,67,53.0,0.75,43,,Specialty Business Services,Lagging
2026-08-18,ma_reclaim,entries,UGI,38.39,9.4,5.99,2.79,2.51,86,61,57,31.0,0.681,6,,Utilities,Lagging
2026-08-18,ma_reclaim,entries,ULTA,516.74,4.8,1.34,1.76,0.16,43,62,49,43.0,0.623,23,,Consumer Retail,Weakening
2026-08-18,ma_reclaim,entries,VCEL,44.26,1.5,1.15,0.14,-0.39,29,24,83,74.0,0.86,55,,Biotechnology,Weakening
2026-08-18,ll_hl_1st,entries,ADUS,118.13,2.8,0.79,3.09,0.81,52,58,82,57.0,0.855,58,1st_break,Medical Care Facilities,Weakening
2026-08-18,ll_hl_1st,entries,ARQT,26.54,3.6,1.26,0.01,0.04,52,19,87,64.0,0.895,48,1st_break,Biotechnology,Weakening
2026-08-18,ll_hl_1st,entries,AVPT,13.32,0.5,0.48,2.39,0.66,52,42,85,73.0,0.875,51,1st_break,Cloud Software,Leading
2026-08-18,ll_hl_1st,entries,BBY,87.27,2.1,0.9,2.22,1.05,57,50,92,63.0,0.935,50,1st_break,Consumer Retail,Weakening
2026-08-18,ll_hl_1st,entries,CBZ,54.73,0.1,0.27,11.57,3.27,76,96,97,66.0,0.97,72,1st_break,Specialty Business Services,Lagging
2026-08-18,ll_hl_1st,entries,CF,119.72,1.7,1.08,1.17,0.26,52,30,19,32.0,0.39,36,1st_break,Agribusiness,Lagging
2026-08-18,ll_hl_1st,entries,COKE,188.64,1.3,0.61,0.55,0.31,62,54,52,51.0,0.648,30,1st_break,Beverages,Lagging
2026-08-18,ll_hl_1st,entries,COLD,14.86,2.5,1.05,-0.06,0.21,57,24,40,41.0,0.568,39,1st_break,Real Estate,Lagging
2026-08-18,ll_hl_1st,entries,COR,316.13,1.2,0.46,1.81,0.39,48,59,71,56.0,0.781,40,1st_break,Medical Distribution,
2026-08-18,ll_hl_1st,entries,CPB,22.86,0.8,0.78,0.98,0.39,62,49,64,43.0,0.73,58,1st_break,Consumer Staples,Lagging
2026-08-18,ll_hl_1st,entries,DFTX,46.18,2.0,0.91,2.0,0.88,95,50,99,82.0,0.988,54,1st_break,Biotechnology,Weakening
2026-08-18,ll_hl_1st,entries,DLTR,130.48,0.7,1.03,2.18,0.76,76,56,91,54.0,0.923,87,1st_break,Consumer Retail,Weakening
2026-08-18,ll_hl_1st,entries,ECL,280.0,1.5,1.56,0.92,0.31,43,64,62,47.0,0.718,54,1st_break,Chemicals & Materials,Improving
2026-08-18,ll_hl_1st,entries,ELV,398.27,2.1,0.73,0.22,0.53,86,45,29,43.0,0.468,39,1st_break,Healthcare Plans,Weakening
2026-08-18,ll_hl_1st,entries,ENSG,182.49,0.5,0.59,3.2,0.95,71,67,40,47.0,0.563,78,1st_break,Medical Care Facilities,Weakening
2026-08-18,ll_hl_1st,entries,EXPE,321.42,0.9,0.57,3.84,1.33,86,91,93,82.0,0.936,39,1st_break,Travel & Leisure,Weakening
2026-08-18,ll_hl_1st,entries,HCA,411.73,1.7,0.85,1.49,0.65,76,75,35,40.0,0.531,53,1st_break,Medical Care Facilities,Weakening
2026-08-18,ll_hl_1st,entries,HESM,40.07,1.0,1.26,1.84,0.52,43,46,32,34.0,0.494,45,1st_break,Energy,Improving
2026-08-18,ll_hl_1st,entries,IBN,29.63,0.8,0.47,1.41,-0.1,19,37,70,53.0,0.775,77,1st_break,Regional Banks,Weakening
2026-08-18,ll_hl_1st,entries,LAUR,38.2,1.3,0.65,0.77,0.52,71,66,65,49.0,0.74,59,1st_break,Education & Training Services,Improving
2026-08-18,ll_hl_1st,entries,LAZ,44.06,0.7,0.36,0.86,0.4,67,50,26,25.0,0.447,57,1st_break,Financials,Weakening
2026-08-18,ll_hl_1st,entries,LB,80.82,1.7,0.54,1.91,0.96,95,67,58,54.0,0.689,36,1st_break,Oil & Gas,Improving
2026-08-18,ll_hl_1st,entries,LEGN,21.92,6.2,1.16,-3.08,0.49,81,17,7,62.0,0.268,58,1st_break,Genomics,Weakening
2026-08-18,ll_hl_1st,entries,MANE,111.31,2.9,0.5,0.27,0.15,57,61,56,74.0,0.673,55,1st_break,Biotechnology,Weakening
2026-08-18,ll_hl_1st,entries,NSP,52.33,3.7,0.38,2.37,0.59,67,50,96,77.0,0.963,64,1st_break,Staffing & Employment Services,Weakening
2026-08-18,ll_hl_1st,entries,PAA,24.19,1.9,1.06,2.89,1.36,52,45,41,51.0,0.569,32,1st_break,Energy,Improving
2026-08-18,ll_hl_1st,entries,PHG,27.1,1.0,0.49,0.61,0.59,81,48,40,49.0,0.568,39,1st_break,Medical Devices,Leading
2026-08-18,ll_hl_1st,entries,PK,15.37,2.5,0.81,1.96,1.19,67,55,90,68.0,0.916,56,1st_break,Real Estate,Lagging
2026-08-18,ll_hl_1st,entries,RLI,64.28,3.0,0.68,2.59,0.93,76,67,83,58.0,0.862,54,1st_break,Insurance,Weakening
2026-08-18,ll_hl_1st,entries,RRC,39.86,1.3,0.92,1.68,0.59,57,63,17,29.0,0.373,39,1st_break,Energy,Improving
2026-08-18,ll_hl_1st,entries,RSG,216.97,0.8,1.22,0.7,0.59,62,44,33,34.0,0.514,35,1st_break,Waste Management,Lagging
2026-08-18,ll_hl_1st,entries,RTX,225.49,1.7,0.71,5.36,2.07,86,87,84,61.0,0.869,55,1st_break,Defense,Leading
2026-08-18,ll_hl_1st,entries,SJM,118.5,0.6,0.79,1.3,0.34,57,54,66,56.0,0.746,55,1st_break,Consumer Staples,Lagging
2026-08-18,ll_hl_1st,entries,SNN,30.19,1.7,0.42,-0.35,-0.26,48,39,25,47.0,0.442,7,1st_break,Medical Devices,Leading
2026-08-18,ll_hl_1st,entries,SPOT,516.28,4.8,1.16,1.38,0.93,86,60,66,40.0,0.744,22,1st_break,Internet Content & Information,Improving
2026-08-18,ll_hl_1st,entries,SRRK,54.72,5.1,1.16,1.66,1.36,100,70,65,71.0,0.736,22,1st_break,Biotechnology,Weakening
2026-08-18,ll_hl_1st,entries,STAA,24.64,2.3,0.9,-1.36,-0.21,43,46,4,64.0,0.233,45,1st_break,Medical Devices,Leading
2026-08-18,ll_hl_1st,entries,TRVI,18.84,1.9,1.06,1.57,0.73,86,79,89,82.0,0.912,70,1st_break,Biotechnology,Weakening
2026-08-18,ll_hl_1st,entries,UNIT,9.91,0.6,0.93,-2.09,-0.38,52,12,16,31.0,0.361,32,1st_break,Optics & Networking Equipment,Improving
2026-08-18,ll_hl_1st,entries,VERX,12.83,2.9,1.16,0.7,0.45,62,37,23,58.0,0.428,22,1st_break,Fintech,Weakening
2026-08-18,ll_hl_1st,entries,VRNS,43.72,1.3,0.43,1.11,0.17,57,15,93,75.0,0.941,52,1st_break,Cybersecurity,Weakening
2026-08-18,ll_hl_1st,entries,Z,34.57,2.5,0.82,0.84,0.33,62,71,22,33.0,0.417,32,1st_break,Internet Content & Information,Improving
2026-08-18,ll_hl_2nd,entries,AGYS,111.96,0.6,1.06,1.83,0.71,81,77,90,82.0,0.918,53,2nd_break,Cloud Software,Leading
2026-08-18,ll_hl_2nd,entries,APAM,41.67,0.5,0.4,3.89,1.29,81,75,66,53.0,0.742,31,2nd_break,Financials,Weakening
2026-08-18,ll_hl_2nd,entries,AWK,136.27,1.4,0.76,1.57,0.64,62,58,55,51.0,0.668,44,2nd_break,Utilities,Lagging
2026-08-18,ll_hl_2nd,entries,AXON,619.85,2.6,0.71,2.5,1.19,95,91,94,75.0,0.951,32,2nd_break,Defense,Leading
2026-08-18,ll_hl_2nd,entries,BAH,75.76,1.1,0.53,2.51,0.99,76,90,30,44.0,0.476,35,2nd_break,Cybersecurity,Weakening
2026-08-18,ll_hl_2nd,entries,BIIB,212.55,1.6,0.72,1.37,0.91,86,59,58,55.0,0.685,56,2nd_break,Drug Manufacturers - General,Weakening
2026-08-18,ll_hl_2nd,entries,BP,43.41,1.3,1.12,2.74,1.28,67,52,21,45.0,0.406,41,2nd_break,Oil & Gas,Improving
2026-08-18,ll_hl_2nd,entries,CLBK,11.82,1.2,0.47,5.77,2.76,100,64,85,67.0,0.874,28,2nd_break,Regional Banks,Weakening
2026-08-18,ll_hl_2nd,entries,ENB,51.39,1.6,0.78,-2.81,-0.97,48,19,16,36.0,0.361,10,2nd_break,Energy,Improving
2026-08-18,ll_hl_2nd,entries,EXE,95.45,1.4,0.68,2.35,1.17,86,75,24,23.0,0.437,31,2nd_break,Energy,Improving
2026-08-18,ll_hl_2nd,entries,FANG,210.02,1.8,0.96,3.33,2.16,90,63,34,49.0,0.524,24,2nd_break,Energy,Improving
2026-08-18,ll_hl_2nd,entries,FIG,26.01,4.1,0.62,2.02,0.8,86,89,58,73.0,0.686,34,2nd_break,Cloud Software,Leading
2026-08-18,ll_hl_2nd,entries,GDDY,95.8,3.7,0.66,1.48,0.57,67,43,43,55.0,0.583,15,2nd_break,Software,Weakening
2026-08-18,ll_hl_2nd,entries,HCI,185.03,1.3,0.75,1.67,0.65,76,54,71,56.0,0.779,47,2nd_break,Insurance,Weakening
2026-08-18,ll_hl_2nd,entries,HSY,183.45,1.3,0.49,1.73,0.96,86,71,22,28.0,0.416,54,2nd_break,Consumer Staples,Lagging
2026-08-18,ll_hl_2nd,entries,IDYA,37.93,3.8,0.87,2.12,1.18,95,67,86,76.0,0.887,87,2nd_break,Biotechnology,Weakening
2026-08-18,ll_hl_2nd,entries,INGR,105.45,1.8,0.42,2.39,1.17,90,55,46,45.0,0.601,27,2nd_break,Agribusiness,Lagging
2026-08-18,ll_hl_2nd,entries,IOT,39.58,1.5,0.78,1.84,0.66,81,51,83,80.0,0.865,39,2nd_break,Robotics & Automation,Improving
2026-08-18,ll_hl_2nd,entries,KO,88.82,2.1,0.8,3.21,1.59,81,71,53,46.0,0.65,67,2nd_break,Beverages,Lagging
2026-08-18,ll_hl_2nd,entries,MCO,485.79,1.8,0.51,1.02,0.42,52,36,58,47.0,0.69,75,2nd_break,Financials,Weakening
2026-08-18,ll_hl_2nd,entries,NGG,82.15,1.1,2.18,0.4,0.84,57,40,31,29.0,0.484,49,2nd_break,Utilities,Lagging
2026-08-18,ll_hl_2nd,entries,NWS,33.49,2.5,0.65,2.71,1.28,90,57,56,58.0,0.672,35,2nd_break,Entertainment,Leading
2026-08-18,ll_hl_2nd,entries,NWSA,29.39,2.4,0.97,2.71,1.27,90,56,58,58.0,0.688,39,2nd_break,Entertainment,Leading
2026-08-18,ll_hl_2nd,entries,OGS,81.05,1.3,0.71,1.9,1.17,67,53,26,22.0,0.447,28,2nd_break,Utilities,Lagging
2026-08-18,ll_hl_2nd,entries,OVV,65.02,1.8,1.04,3.86,1.96,95,73,49,52.0,0.624,27,2nd_break,Energy,Improving
2026-08-18,ll_hl_2nd,entries,OXY,59.8,1.3,0.91,3.28,1.81,95,63,28,42.0,0.46,29,2nd_break,Energy,Improving
2026-08-18,ll_hl_2nd,entries,PEGA,32.5,1.9,0.4,0.9,0.6,86,62,24,49.0,0.435,50,2nd_break,Cloud Software,Leading
2026-08-18,ll_hl_2nd,entries,ROIV,37.37,3.1,1.01,2.81,1.64,100,74,84,69.0,0.873,33,2nd_break,Biotechnology,Weakening
2026-08-18,ll_hl_2nd,entries,SUN,77.08,2.8,0.84,3.61,1.68,76,58,55,72.0,0.666,40,2nd_break,Oil & Gas,Improving
2026-08-18,ll_hl_2nd,entries,SUPN,49.03,1.6,0.58,1.28,0.92,81,54,34,58.0,0.519,15,2nd_break,Drug Manufacturers - Specialty & Generic,Weakening
2026-08-18,ll_hl_2nd,entries,TDC,28.47,3.4,0.77,-1.73,-0.3,48,28,11,34.0,0.314,8,2nd_break,Software,Weakening
2026-08-18,ll_hl_2nd,entries,TMUS,182.75,1.5,0.78,0.19,0.42,71,24,20,25.0,0.402,44,2nd_break,Optics & Networking Equipment,Improving
2026-08-18,ll_hl_2nd,entries,TRGP,297.77,7.1,1.84,3.19,2.93,100,66,51,47.0,0.639,13,2nd_break,Energy,Improving
2026-08-18,ll_hl_2nd,entries,TYL,332.21,3.7,0.55,1.83,1.08,86,76,37,61.0,0.549,27,2nd_break,Cloud Software,Leading
2026-08-18,ll_hl_2nd,entries,VIRT,61.05,2.6,1.84,0.69,0.97,76,69,57,49.0,0.681,42,2nd_break,Fintech,Weakening
2026-08-18,ll_hl_2nd,entries,WMT,115.2,0.8,0.91,0.36,0.71,81,58,10,35.0,0.303,53,2nd_break,Consumer Retail,Weakening
2026-08-18,ll_hl_2nd,entries,WTRG,40.35,1.4,0.61,2.0,0.86,67,59,54,51.0,0.658,42,2nd_break,Utilities,Lagging
2026-08-18,ll_hl_2nd,entries,ZG,35.28,2.8,0.82,1.16,0.54,71,76,24,34.0,0.429,30,2nd_break,Internet Content & Information,Improving
2026-08-18,ll_hl_trend_break,entries,CALM,81.19,0.9,0.72,-0.85,-1.08,14,17,38,19.0,0.555,32,counter_break,Agribusiness,Lagging
2026-08-18,ll_hl_trend_break,entries,CB,345.29,1.3,0.67,0.15,-0.36,24,28,43,43.0,0.584,54,counter_break,Insurance,Weakening
2026-08-18,ll_hl_trend_break,entries,CTRE,39.3,0.1,0.73,-0.8,-1.05,29,13,22,20.0,0.419,26,counter_break,Real Estate,Lagging
2026-08-18,ll_hl_trend_break,entries,FTNT,158.01,1.4,0.68,0.42,-0.19,19,39,78,74.0,0.829,50,counter_break,Cybersecurity,Weakening
2026-08-18,ll_hl_trend_break,entries,HRL,24.34,1.3,0.99,-0.8,-0.77,29,27,74,53.0,0.799,53,counter_break,Agribusiness,Lagging
2026-08-18,ll_hl_trend_break,entries,LLY,1225.73,3.6,0.69,1.36,0.96,76,59,73,65.0,0.794,27,counter_break,Drug Manufacturers - General,Weakening
2026-08-18,ll_hl_trend_break,entries,NUVB,6.96,7.4,1.11,2.6,1.55,100,71,95,87.0,0.957,50,counter_break,Biotechnology,Weakening
2026-08-18,ll_hl_trend_break,entries,REXR,37.04,3.3,0.96,1.82,0.45,48,41,46,35.0,0.607,40,counter_break,Real Estate,Lagging
2026-08-18,ll_hl_trend_break,entries,RNR,320.72,0.7,0.61,0.75,0.05,43,39,46,36.0,0.607,67,counter_break,Insurance,Weakening
2026-08-18,ll_hl_trend_break,entries,UL,62.03,1.3,1.0,0.98,-0.18,29,53,53,46.0,0.653,46,counter_break,Household & Personal Products,Weakening
2026-08-18,ll_hl_trend_break,entries,WEC,111.05,0.5,0.56,-0.54,0.63,57,40,31,28.0,0.49,23,counter_break,Utilities,Lagging
2026-08-18,ll_hl_trend_break,entries,WTM,2145.46,1.5,0.88,0.63,0.2,57,30,30,40.0,0.481,46,counter_break,Insurance,Weakening
2026-08-18,liquid_leader_pullback,entries,ADPT,24.56,-0.9,0.71,2.56,0.72,76,79,98,89.0,0.98,51,,Genomics,Weakening
2026-08-18,liquid_leader_pullback,entries,APPS,12.12,-1.0,0.59,1.56,0.65,57,96,99,90.0,0.994,10,,Software,Weakening
2026-08-18,liquid_leader_pullback,entries,ASAN,9.16,3.7,0.6,2.35,0.92,81,93,88,75.0,0.902,31,,Cloud Software,Leading
2026-08-18,liquid_leader_pullback,entries,AVPT,13.32,0.5,0.48,2.39,0.66,52,42,85,73.0,0.875,51,1st_break,Cloud Software,Leading
2026-08-18,liquid_leader_pullback,entries,BFLY,9.0,-0.2,0.6,2.12,0.9,86,96,98,91.0,0.987,41,,Medical Devices,Leading
2026-08-18,liquid_leader_pullback,entries,BOX,32.44,0.5,0.67,2.98,0.75,76,61,80,77.0,0.843,47,,Cloud Software,Leading
2026-08-18,liquid_leader_pullback,entries,CNK,36.7,-2.2,0.36,2.72,0.65,38,86,89,70.0,0.91,54,,Entertainment,Leading
2026-08-18,liquid_leader_pullback,entries,CRWD,212.92,-0.5,0.92,2.44,0.66,76,77,88,83.0,0.902,27,,Cybersecurity,Weakening
2026-08-18,liquid_leader_pullback,entries,DELL,468.65,-2.3,0.8,1.37,0.6,81,86,98,88.0,0.981,32,,Computer Hardware,Leading
2026-08-18,liquid_leader_pullback,entries,DFTX,46.18,2.0,0.91,2.0,0.88,95,50,99,82.0,0.988,54,1st_break,Biotechnology,Weakening
2026-08-18,liquid_leader_pullback,entries,DLTR,130.48,0.7,1.03,2.18,0.76,76,56,91,54.0,0.923,87,1st_break,Consumer Retail,Weakening
2026-08-18,liquid_leader_pullback,entries,DOCS,24.94,1.7,0.37,1.54,0.7,81,88,83,73.0,0.866,2,,Health Information Services,Weakening
2026-08-18,liquid_leader_pullback,entries,DYN,26.0,-0.6,0.71,2.69,0.63,67,76,94,82.0,0.949,66,,Genomics,Weakening
2026-08-18,liquid_leader_pullback,entries,FROG,91.6,-3.2,0.54,1.04,0.72,81,45,87,82.0,0.891,14,,Cybersecurity,Weakening
2026-08-18,liquid_leader_pullback,entries,FSLY,26.59,-8.4,0.95,2.67,0.74,71,95,95,85.0,0.956,9,,Cybersecurity,Weakening
2026-08-18,liquid_leader_pullback,entries,HPE,55.69,-3.3,1.16,2.28,0.92,81,89,96,70.0,0.966,22,,Optics & Networking Equipment,Improving
2026-08-18,liquid_leader_pullback,entries,IOT,39.58,1.5,0.78,1.84,0.66,81,51,83,80.0,0.865,39,2nd_break,Robotics & Automation,Improving
2026-08-18,liquid_leader_pullback,entries,JHX,29.29,-3.8,0.64,2.96,0.67,67,88,94,63.0,0.95,24,,Homebuilders,Weakening
2026-08-18,liquid_leader_pullback,entries,LYFT,16.93,-1.7,0.59,2.33,0.73,76,77,83,71.0,0.861,30,,Software,Weakening
2026-08-18,liquid_leader_pullback,entries,MNKD,4.07,4.4,0.91,0.48,0.6,71,41,88,68.0,0.9,45,,Biotechnology,Weakening
2026-08-18,liquid_leader_pullback,entries,MRNA,62.96,-2.3,0.75,0.44,0.61,90,62,88,72.0,0.901,41,,Genomics,Weakening
2026-08-18,liquid_leader_pullback,entries,NEO,15.9,-1.6,0.39,2.61,0.52,52,74,98,84.0,0.977,65,stop_hit,Genomics,Weakening
2026-08-18,liquid_leader_pullback,entries,OSCR,31.28,-0.9,0.5,0.88,0.71,67,46,82,69.0,0.855,31,,Healthcare Plans,Weakening
2026-08-18,liquid_leader_pullback,entries,PANW,374.14,-0.4,0.78,2.99,0.92,76,73,94,86.0,0.947,30,,Cybersecurity,Weakening
2026-08-18,liquid_leader_pullback,entries,TGB,8.36,-4.7,0.41,2.22,0.83,81,71,84,71.0,0.872,3,,Copper Miners,Leading
2026-08-18,liquid_leader_pullback,entries,USFD,106.91,-1.6,0.54,2.54,0.9,67,80,84,59.0,0.87,32,,Agribusiness,Lagging
2026-08-18,liquid_leader_pullback,entries,W,101.69,-1.4,0.5,1.95,0.65,67,85,96,62.0,0.966,24,,Consumer Retail,Weakening
2026-08-18,liquid_leader_pullback,entries,WAY,24.32,-1.5,0.49,2.22,0.69,67,74,84,76.0,0.874,29,,Health Information Services,Weakening
2026-08-18,vcs,compression,BH,383.3,-2.0,1.81,0.23,-0.17,29,29,90,46.0,0.914,61,,Travel & Leisure,Weakening
2026-08-18,vcs,compression,CBRL,58.18,-1.5,0.73,2.59,0.79,71,70,98,58.0,0.983,72,,Travel & Leisure,Weakening
2026-08-18,vcs,compression,CERT,8.01,0.1,0.44,3.12,0.64,48,87,96,75.0,0.967,65,,Health Information Services,Weakening
2026-08-18,vcs,compression,COTY,2.74,2.6,0.63,2.61,0.36,24,45,87,54.0,0.897,62,,Household & Personal Products,Weakening
2026-08-18,vcs,compression,DNLI,24.31,-0.2,0.7,0.29,-0.01,38,48,86,75.0,0.888,70,,Biotechnology,Weakening
2026-08-18,vcs,compression,DYN,26.0,-0.6,0.71,2.69,0.63,67,76,94,82.0,0.949,66,,Genomics,Weakening
2026-08-18,vcs,compression,ERAS,18.1,-1.0,0.59,0.77,-0.15,19,25,97,77.0,0.969,81,,Biotechnology,Weakening
2026-08-18,vcs,compression,IDYA,37.93,3.8,0.87,2.12,1.18,95,67,86,76.0,0.887,87,2nd_break,Biotechnology,Weakening
2026-08-18,vcs,compression,KMX,57.4,-1.9,0.51,1.28,-0.17,14,38,94,66.0,0.952,86,,Auto & Truck Dealerships,Weakening
2026-08-18,vcs,compression,MBX,66.52,-2.5,1.08,2.67,0.46,52,76,98,83.0,0.986,63,,Biotechnology,Weakening
2026-08-18,vcs,compression,MEDP,590.3,-1.1,0.37,2.72,0.73,52,78,89,81.0,0.912,73,,Diagnostics & Research,Weakening
2026-08-18,vcs,compression,NEO,15.9,-1.6,0.39,2.61,0.52,52,74,98,84.0,0.977,65,stop_hit,Genomics,Weakening
2026-08-18,vcs,compression,NSP,52.33,3.7,0.38,2.37,0.59,67,50,96,77.0,0.963,64,1st_break,Staffing & Employment Services,Weakening
2026-08-18,vcs,compression,PRGS,43.22,0.8,0.63,3.44,0.96,81,73,92,75.0,0.934,61,,Software,Weakening
2026-08-18,vcs,compression,TRVI,18.84,1.9,1.06,1.57,0.73,86,79,89,82.0,0.912,70,1st_break,Biotechnology,Weakening
2026-08-18,anticipation,compression,ALKS,49.48,-0.7,0.57,-0.28,-0.25,43,18,86,78.0,0.886,70,,Drug Manufacturers - Specialty & Generic,Weakening
2026-08-18,anticipation,compression,ARWR,87.9,-0.9,0.55,1.74,0.61,52,88,73,87.0,0.793,78,,Genomics,Weakening
2026-08-18,anticipation,compression,BRO,69.37,0.7,0.55,1.33,-0.24,24,58,73,68.0,0.789,62,,Insurance,Weakening
2026-08-18,anticipation,compression,CELC,93.24,0.9,0.51,-0.08,0.33,95,46,3,47.0,0.206,86,,Biotechnology,Weakening
2026-08-18,anticipation,compression,CERT,8.01,0.1,0.44,3.12,0.64,48,87,96,75.0,0.967,65,,Health Information Services,Weakening
2026-08-18,anticipation,compression,DNLI,24.31,-0.2,0.7,0.29,-0.01,38,48,86,75.0,0.888,70,,Biotechnology,Weakening
2026-08-18,anticipation,compression,DYN,26.0,-0.6,0.71,2.69,0.63,67,76,94,82.0,0.949,66,,Genomics,Weakening
2026-08-18,anticipation,compression,ERAS,18.1,-1.0,0.59,0.77,-0.15,19,25,97,77.0,0.969,81,,Biotechnology,Weakening
2026-08-18,anticipation,compression,PRGS,43.22,0.8,0.63,3.44,0.96,81,73,92,75.0,0.934,61,,Software,Weakening
2026-08-18,anticipation,compression,PURR,7.2,0.7,1.3,-0.74,0.75,95,46,17,39.0,0.37,92,,Crypto Equities,Lagging
2026-08-18,anticipation,compression,TNGX,25.44,0.6,1.01,-1.98,-1.0,24,16,78,74.0,0.826,73,,Biotechnology,Weakening
2026-08-18,pp_today,accumulation,AMLX,35.11,63.8,7.45,7.4,5.81,100,99,99,84.0,0.993,18,tp2_hit,Drug Manufacturers - Specialty & Generic,Weakening
2026-08-18,pp_today,accumulation,ATAI,7.29,0.7,1.18,10.9,2.29,57,49,97,90.0,0.975,95,,Biotechnology,Weakening
2026-08-18,pp_today,accumulation,BRZE,29.12,4.2,1.52,3.11,1.55,95,77,87,85.0,0.891,24,tp1_hit,Cloud Software,Leading
2026-08-18,pp_today,accumulation,CCC,7.14,6.7,2.74,4.02,1.81,100,82,94,84.0,0.951,32,,Cloud Software,Leading
2026-08-18,pp_today,accumulation,CRNX,84.72,-0.0,1.35,25.76,4.2,48,44,99,91.0,0.99,100,,Biotechnology,Weakening
2026-08-18,pp_today,accumulation,HAE,104.65,15.9,2.72,6.38,4.59,100,96,97,84.0,0.975,29,tp2_hit,Medical Devices,Leading
2026-08-18,pp_today,accumulation,MA,574.31,2.1,1.29,3.79,1.35,71,66,64,59.0,0.731,65,tp1_hit,Fintech,Weakening
2026-08-18,pp_today,accumulation,PM,187.62,1.7,1.18,0.53,-0.1,33,38,27,28.0,0.455,48,,Tobacco,Lagging
2026-08-18,pp_today,accumulation,TRGP,297.77,7.1,1.84,3.19,2.93,100,66,51,47.0,0.639,13,2nd_break,Energy,Improving
2026-08-18,pp_today,accumulation,TRI,100.89,1.9,2.55,1.75,0.21,43,77,67,53.0,0.75,43,,Specialty Business Services,Lagging
2026-08-18,pp_today,accumulation,UL,62.03,1.3,1.0,0.98,-0.18,29,53,53,46.0,0.653,46,counter_break,Household & Personal Products,Weakening
2026-08-18,pp_today,accumulation,VCEL,44.26,1.5,1.15,0.14,-0.39,29,24,83,74.0,0.86,55,,Biotechnology,Weakening
2026-08-18,pp_today,accumulation,VIRT,61.05,2.6,1.84,0.69,0.97,76,69,57,49.0,0.681,42,2nd_break,Fintech,Weakening
2026-08-18,pp_2plus_10d,accumulation,ABCL,11.12,-0.7,0.85,5.24,3.38,90,99,99,77.0,0.993,0,,Biotechnology,Weakening
2026-08-18,pp_2plus_10d,accumulation,ATI,226.46,-2.3,0.69,2.94,1.45,81,83,93,70.0,0.938,7,,Steel,Leading
2026-08-18,pp_2plus_10d,accumulation,AVAH,12.67,-0.2,1.8,6.14,4.09,100,96,95,70.0,0.958,10,,Medical Care Facilities,Weakening
2026-08-18,pp_2plus_10d,accumulation,BHP,89.09,0.8,1.31,1.83,0.96,76,66,52,40.0,0.646,28,,Copper Miners,Leading
2026-08-18,pp_2plus_10d,accumulation,BMRN,66.99,0.5,0.76,3.57,1.5,81,81,86,80.0,0.889,6,,Biotechnology,Weakening
2026-08-18,pp_2plus_10d,accumulation,CART,48.93,0.1,1.46,1.61,0.86,86,59,72,64.0,0.786,16,,Consumer Retail,Weakening
2026-08-18,pp_2plus_10d,accumulation,CHYM,31.91,1.5,0.92,6.19,2.79,100,98,98,80.0,0.977,9,,Fintech,Weakening
2026-08-18,pp_2plus_10d,accumulation,CLH,319.5,-2.0,1.07,2.23,0.87,81,60,53,48.0,0.654,40,,Waste Management,Lagging
2026-08-18,pp_2plus_10d,accumulation,CXW,32.4,-3.5,0.55,1.27,0.37,52,43,93,74.0,0.945,40,,Security & Protection Services,Weakening
2026-08-18,pp_2plus_10d,accumulation,ERO,32.97,-5.6,1.14,2.97,1.06,67,92,79,70.0,0.837,0,,Copper Miners,Leading
2026-08-18,pp_2plus_10d,accumulation,FA,20.95,3.2,0.54,1.14,-0.13,57,36,90,65.0,0.914,29,,Specialty Business Services,Lagging
2026-08-18,pp_2plus_10d,accumulation,FDX,328.38,-0.9,0.7,1.14,0.86,81,57,52,43.0,0.649,14,,Transportation & Logistics,Lagging
2026-08-18,pp_2plus_10d,accumulation,GEN,27.64,0.8,0.83,1.58,-0.04,29,65,62,67.0,0.716,40,,Cybersecurity,Weakening
2026-08-18,pp_2plus_10d,accumulation,GO,11.06,-3.7,0.95,2.68,1.9,95,89,91,45.0,0.927,10,,Consumer Staples,Lagging
2026-08-18,pp_2plus_10d,accumulation,HALO,104.89,1.8,0.81,7.18,3.79,100,96,93,90.0,0.942,4,,Biotechnology,Weakening
2026-08-18,pp_2plus_10d,accumulation,HASI,41.36,-1.8,0.73,2.5,1.3,81,73,37,62.0,0.543,3,,Solar,Improving
2026-08-18,pp_2plus_10d,accumulation,HTFL,45.23,7.8,2.36,6.1,5.35,100,99,97,95.0,0.97,5,,Health Information Services,Weakening
2026-08-18,pp_2plus_10d,accumulation,INDI,4.34,-7.9,1.53,1.02,0.98,90,80,63,49.0,0.726,9,,Physical AI & Humanoid Robotics,Improving
2026-08-18,pp_2plus_10d,accumulation,INTA,39.74,3.2,0.69,5.48,2.42,95,97,98,84.0,0.977,24,,Cloud Software,Leading
2026-08-18,pp_2plus_10d,accumulation,JJSF,88.84,1.6,0.87,3.41,1.41,71,86,78,61.0,0.828,2,,Consumer Staples,Lagging
2026-08-18,pp_2plus_10d,accumulation,KEYS,341.0,-5.6,2.17,0.54,0.29,81,72,30,56.0,0.483,6,,Optics & Networking Equipment,Improving
2026-08-18,pp_2plus_10d,accumulation,LFST,12.36,-1.5,0.89,3.79,1.9,95,72,94,78.0,0.952,27,,Medical Care Facilities,Weakening
2026-08-18,pp_2plus_10d,accumulation,MAIN,57.81,-0.6,0.61,3.56,1.04,71,68,68,50.0,0.755,24,,Financials,Weakening
2026-08-18,pp_2plus_10d,accumulation,MGNI,24.53,1.4,0.9,4.88,2.42,95,95,97,85.0,0.974,14,tp1_hit,Advertising Agencies,Weakening
2026-08-18,pp_2plus_10d,accumulation,MSGE,81.9,-3.5,0.64,1.51,0.61,81,68,72,67.0,0.781,5,,Entertainment,Leading
2026-08-18,pp_2plus_10d,accumulation,NIQ,17.32,0.4,0.41,8.21,4.59,100,99,98,83.0,0.982,1,,Software,Weakening
2026-08-18,pp_2plus_10d,accumulation,NTNX,65.83,0.3,0.74,4.9,2.09,90,89,89,81.0,0.906,32,,Cloud Software,Leading
2026-08-18,pp_2plus_10d,accumulation,NTRA,311.69,-0.8,0.84,3.65,1.74,81,89,95,91.0,0.955,16,,Genomics,Weakening
2026-08-18,pp_2plus_10d,accumulation,NTRS,190.58,-0.5,0.56,2.7,1.22,100,53,66,63.0,0.746,35,,Financials,Weakening
2026-08-18,pp_2plus_10d,accumulation,NTSK,15.37,0.8,0.73,3.74,1.4,86,84,86,80.0,0.889,22,,Cybersecurity,Weakening
2026-08-18,pp_2plus_10d,accumulation,NUVB,6.96,7.4,1.11,2.6,1.55,100,71,95,87.0,0.957,50,counter_break,Biotechnology,Weakening
2026-08-18,pp_2plus_10d,accumulation,NWS,33.49,2.5,0.65,2.71,1.28,90,57,56,58.0,0.672,35,2nd_break,Entertainment,Leading
2026-08-18,pp_2plus_10d,accumulation,NWSA,29.39,2.4,0.97,2.71,1.27,90,56,58,58.0,0.688,39,2nd_break,Entertainment,Leading
2026-08-18,pp_2plus_10d,accumulation,OBDC,11.41,-0.8,0.61,1.88,0.56,67,61,47,52.0,0.611,0,,Financials,Weakening
2026-08-18,pp_2plus_10d,accumulation,OMDA,23.75,0.0,0.35,2.28,1.18,81,37,91,80.0,0.924,13,,Health Information Services,Weakening
2026-08-18,pp_2plus_10d,accumulation,OMER,17.19,-1.0,0.52,6.64,3.87,95,99,91,74.0,0.922,1,,Biotechnology,Weakening
2026-08-18,pp_2plus_10d,accumulation,ONC,369.15,1.8,1.16,6.26,3.2,100,89,80,76.0,0.843,18,tp2_hit,Biotechnology,Weakening
2026-08-18,pp_2plus_10d,accumulation,OVV,65.02,1.8,1.04,3.86,1.96,95,73,49,52.0,0.624,27,2nd_break,Energy,Improving
2026-08-18,pp_2plus_10d,accumulation,P,117.06,0.1,0.88,6.92,4.05,100,99,93,89.0,0.944,0,,Memory & Storage,Weakening
2026-08-18,pp_2plus_10d,accumulation,PACS,43.8,-1.2,0.54,0.52,-0.62,5,31,71,55.0,0.781,48,,Medical Care Facilities,Weakening
2026-08-18,pp_2plus_10d,accumulation,RBRK,100.55,-0.5,1.13,4.14,2.3,90,96,94,87.0,0.948,0,,Cybersecurity,Weakening
2026-08-18,pp_2plus_10d,accumulation,RUM,8.1,-1.7,0.96,2.95,2.42,95,96,63,60.0,0.723,21,,Internet Content & Information,Improving
2026-08-18,pp_2plus_10d,accumulation,RY,212.99,-1.5,0.47,1.9,0.5,43,46,67,65.0,0.754,52,,Banks - Diversified,Weakening
2026-08-18,pp_2plus_10d,accumulation,SHC,18.51,-1.5,0.74,2.02,0.44,67,65,74,72.0,0.798,33,,Diagnostics & Research,Weakening
2026-08-18,pp_2plus_10d,accumulation,SN,182.82,-0.4,0.8,4.72,1.78,76,90,96,87.0,0.966,25,,Homebuilders,Weakening
2026-08-18,pp_2plus_10d,accumulation,TEAM,163.0,2.9,0.86,7.05,3.75,95,99,98,89.0,0.977,0,,Cloud Software,Leading
2026-08-18,pp_2plus_10d,accumulation,TPG,52.02,0.5,0.93,4.26,2.21,90,92,81,76.0,0.852,0,,Financials,Weakening
2026-08-18,pp_2plus_10d,accumulation,TVTX,63.9,0.6,0.52,2.73,1.56,100,84,92,91.0,0.934,32,,Biotechnology,Weakening
2026-08-18,pp_2plus_10d,accumulation,TWLO,232.1,1.5,0.75,1.91,0.87,71,88,70,74.0,0.775,0,,Cloud Software,Leading
2026-08-18,pp_2plus_10d,accumulation,TXG,55.63,-4.1,0.64,3.79,1.27,76,88,99,78.0,0.991,30,,Genomics,Weakening
2026-08-18,pp_2plus_10d,accumulation,UGP,6.33,-2.3,0.76,3.03,0.79,43,43,59,67.0,0.696,43,,Oil & Gas,Improving
2026-08-18,pp_2plus_10d,accumulation,UMAC,30.58,1.4,1.38,2.62,1.66,95,98,99,93.0,0.988,16,,Drones,Leading
2026-08-18,pp_2plus_10d,accumulation,VIA,25.02,-1.6,0.43,4.84,2.17,86,97,96,87.0,0.961,20,,Software,Weakening
2026-08-18,pp_2plus_10d,accumulation,WBS,77.97,-0.9,2.55,2.52,0.35,19,53,53,54.0,0.652,41,,Regional Banks,Weakening
2026-08-18,pp_2plus_10d,accumulation,WEN,8.44,-2.1,0.66,2.08,1.18,81,76,45,40.0,0.598,14,,Travel & Leisure,Weakening
2026-08-18,pp_2plus_10d,accumulation,WES,49.8,2.5,0.92,5.08,2.74,100,72,49,50.0,0.623,28,tp1_hit,Energy,Improving
2026-08-18,pp_2plus_10d,accumulation,WTTR,21.09,-1.1,0.55,1.78,0.96,81,55,51,50.0,0.635,5,,Oil & Gas,Improving
2026-08-18,pp_2plus_10d,accumulation,ZLAB,25.57,-0.3,1.5,5.0,2.74,86,93,89,72.0,0.907,0,,Biotechnology,Weakening
2026-08-18,morales_pp_10d,accumulation,ABCL,11.12,-0.7,0.85,5.24,3.38,90,99,99,77.0,0.993,0,,Biotechnology,Weakening
2026-08-18,morales_pp_10d,accumulation,ABNB,183.25,2.2,0.85,5.45,2.79,90,94,89,80.0,0.909,0,,Travel & Leisure,Weakening
2026-08-18,morales_pp_10d,accumulation,AEHR,123.25,-15.4,1.25,1.99,1.11,86,93,93,74.0,0.941,0,,Semiconductors Broad,Lagging
2026-08-18,morales_pp_10d,accumulation,AIT,354.35,-1.2,0.69,1.98,0.49,43,57,69,58.0,0.761,39,,Industrials,Lagging
2026-08-18,morales_pp_10d,accumulation,AMLX,35.11,63.8,7.45,7.4,5.81,100,99,99,84.0,0.993,18,tp2_hit,Drug Manufacturers - Specialty & Generic,Weakening
2026-08-18,morales_pp_10d,accumulation,AMPL,12.59,-0.2,0.91,5.59,2.51,86,96,98,87.0,0.981,6,,Cloud Software,Leading
2026-08-18,morales_pp_10d,accumulation,APGE,134.57,-0.0,0.82,,,48,41,96,80.0,0.965,100,,Biotechnology,Weakening
2026-08-18,morales_pp_10d,accumulation,APPS,12.12,-1.0,0.59,1.56,0.65,57,96,99,90.0,0.994,10,,Software,Weakening
2026-08-18,morales_pp_10d,accumulation,ARGX,992.99,0.5,1.09,3.07,2.95,100,88,82,80.0,0.859,12,,Biotechnology,Weakening
2026-08-18,morales_pp_10d,accumulation,ARX,19.56,0.1,1.17,5.79,4.5,100,98,77,88.0,0.822,1,,Insurance,Weakening
2026-08-18,morales_pp_10d,accumulation,ATI,226.46,-2.3,0.69,2.94,1.45,81,83,93,70.0,0.938,7,,Steel,Leading
2026-08-18,morales_pp_10d,accumulation,AVAH,12.67,-0.2,1.8,6.14,4.09,100,96,95,70.0,0.958,10,,Medical Care Facilities,Weakening
2026-08-18,morales_pp_10d,accumulation,BAM,51.47,-2.1,0.76,2.18,0.29,57,72,48,56.0,0.618,5,,Financials,Weakening
2026-08-18,morales_pp_10d,accumulation,BCRX,9.7,-2.4,0.62,0.38,0.09,52,53,56,73.0,0.67,20,,Drug Manufacturers - Specialty & Generic,Weakening
2026-08-18,morales_pp_10d,accumulation,BHP,89.09,0.8,1.31,1.83,0.96,76,66,52,40.0,0.646,28,,Copper Miners,Leading
2026-08-18,morales_pp_10d,accumulation,BILL,49.17,1.4,1.01,3.64,1.08,86,72,82,71.0,0.856,44,,Cloud Software,Leading
2026-08-18,morales_pp_10d,accumulation,BMRN,66.99,0.5,0.76,3.57,1.5,81,81,86,80.0,0.889,6,,Biotechnology,Weakening
2026-08-18,morales_pp_10d,accumulation,BULL,7.93,-2.8,1.48,2.11,1.01,76,28,60,73.0,0.705,39,,Fintech,Weakening
2026-08-18,morales_pp_10d,accumulation,BWIN,30.2,-1.9,0.6,2.84,0.89,81,79,91,87.0,0.925,44,,Insurance,Weakening
2026-08-18,morales_pp_10d,accumulation,CAKE,106.36,-2.5,0.86,4.82,0.99,67,92,97,66.0,0.974,38,,Travel & Leisure,Weakening
2026-08-18,morales_pp_10d,accumulation,COLB,32.14,-0.6,0.97,0.8,0.46,62,30,60,58.0,0.705,43,,Regional Banks,Weakening
2026-08-18,morales_pp_10d,accumulation,CRL,279.19,-2.6,0.64,5.11,2.09,86,94,97,79.0,0.974,20,stop_hit,Diagnostics & Research,Weakening
2026-08-18,morales_pp_10d,accumulation,CRNX,84.72,-0.0,1.35,25.76,4.2,48,44,99,91.0,0.99,100,,Biotechnology,Weakening
2026-08-18,morales_pp_10d,accumulation,CXW,32.4,-3.5,0.55,1.27,0.37,52,43,93,74.0,0.945,40,,Security & Protection Services,Weakening
2026-08-18,morales_pp_10d,accumulation,DASH,216.35,1.7,1.29,3.5,1.47,100,84,89,72.0,0.91,39,,Consumer Retail,Weakening
2026-08-18,morales_pp_10d,accumulation,DBRG,15.91,0.0,0.91,,,43,42,34,38.0,0.523,37,,Financials,Weakening
2026-08-18,morales_pp_10d,accumulation,DEO,90.98,-0.9,0.42,2.65,0.25,48,72,50,51.0,0.632,20,,Consumer Staples,Lagging
2026-08-18,morales_pp_10d,accumulation,DNLI,24.31,-0.2,0.7,0.29,-0.01,38,48,86,75.0,0.888,70,,Biotechnology,Weakening
2026-08-18,morales_pp_10d,accumulation,DNOW,15.93,-1.4,0.76,3.61,1.46,71,82,76,65.0,0.815,1,,Industrials,Lagging
2026-08-18,morales_pp_10d,accumulation,DV,13.27,-0.2,0.77,5.03,2.54,100,83,91,83.0,0.921,12,,Advertising Agencies,Weakening
2026-08-18,morales_pp_10d,accumulation,EHC,122.1,0.1,0.87,3.71,1.17,71,72,68,56.0,0.755,12,,Medical Care Facilities,Weakening
2026-08-18,morales_pp_10d,accumulation,EMBJ,77.08,-0.1,0.87,4.83,2.39,100,88,90,61.0,0.919,30,,Drones,Leading
2026-08-18,morales_pp_10d,accumulation,ERO,32.97,-5.6,1.14,2.97,1.06,67,92,79,70.0,0.837,0,,Copper Miners,Leading
2026-08-18,morales_pp_10d,accumulation,ESTC,85.01,1.9,1.1,5.61,3.25,95,97,94,80.0,0.951,1,,Cybersecurity,Weakening
2026-08-18,morales_pp_10d,accumulation,ETON,63.43,2.8,1.3,6.25,4.23,100,98,98,92.0,0.98,10,,Drug Manufacturers - Specialty & Generic,Weakening
2026-08-18,morales_pp_10d,accumulation,EWTX,44.11,0.2,0.63,1.67,0.7,81,81,89,81.0,0.907,32,,Biotechnology,Weakening
2026-08-18,morales_pp_10d,accumulation,FSK,11.91,-0.8,0.58,2.84,0.97,71,74,65,46.0,0.738,4,,Financials,Weakening
2026-08-18,morales_pp_10d,accumulation,GEN,27.64,0.8,0.83,1.58,-0.04,29,65,62,67.0,0.716,40,,Cybersecurity,Weakening
2026-08-18,morales_pp_10d,accumulation,GH,160.12,-1.0,0.56,1.32,0.3,67,70,96,90.0,0.961,43,,Genomics,Weakening
2026-08-18,morales_pp_10d,accumulation,GMAB,32.96,0.4,1.12,5.86,3.21,100,86,83,76.0,0.861,18,,Biotechnology,Weakening
2026-08-18,morales_pp_10d,accumulation,GO,11.06,-3.7,0.95,2.68,1.9,95,89,91,45.0,0.927,10,,Consumer Staples,Lagging
2026-08-18,morales_pp_10d,accumulation,GTLB,41.5,2.4,0.92,3.97,1.75,86,94,95,83.0,0.956,15,,Cloud Software,Leading
2026-08-18,morales_pp_10d,accumulation,GWRE,177.76,3.4,0.52,4.36,1.75,95,93,81,83.0,0.849,36,,Cloud Software,Leading
2026-08-18,morales_pp_10d,accumulation,HASI,41.36,-1.8,0.73,2.5,1.3,81,73,37,62.0,0.543,3,,Solar,Improving
2026-08-18,morales_pp_10d,accumulation,HMC,31.95,0.2,0.76,5.85,2.45,95,78,80,52.0,0.845,42,,Auto Manufacturers,Lagging
2026-08-18,morales_pp_10d,accumulation,HNGE,88.24,0.4,0.56,2.01,0.98,86,59,95,83.0,0.954,34,,Health Information Services,Weakening
2026-08-18,morales_pp_10d,accumulation,HRB,50.94,1.6,0.63,3.98,1.67,86,94,85,77.0,0.881,14,,Personal Services,Weakening
2026-08-18,morales_pp_10d,accumulation,HTFL,45.23,7.8,2.36,6.1,5.35,100,99,97,95.0,0.97,5,,Health Information Services,Weakening
2026-08-18,morales_pp_10d,accumulation,IMNM,27.56,0.6,0.93,3.76,1.76,95,91,89,80.0,0.911,23,,Biotechnology,Weakening
2026-08-18,morales_pp_10d,accumulation,INDI,4.34,-7.9,1.53,1.02,0.98,90,80,63,49.0,0.726,9,,Physical AI & Humanoid Robotics,Improving
2026-08-18,morales_pp_10d,accumulation,JBIO,23.55,0.4,0.83,2.18,1.1,95,90,48,75.0,0.618,27,,Biotechnology,Weakening
2026-08-18,morales_pp_10d,accumulation,JJSF,88.84,1.6,0.87,3.41,1.41,71,86,78,61.0,0.828,2,,Consumer Staples,Lagging
2026-08-18,morales_pp_10d,accumulation,KSPI,98.09,-1.0,0.98,3.51,1.74,86,77,60,75.0,0.7,7,,Fintech,Weakening
2026-08-18,morales_pp_10d,accumulation,KTB,82.3,0.7,0.81,0.11,-0.09,29,34,83,59.0,0.863,38,,Apparel Manufacturing,Weakening
2026-08-18,morales_pp_10d,accumulation,LFST,12.36,-1.5,0.89,3.79,1.9,95,72,94,78.0,0.952,27,,Medical Care Facilities,Weakening
2026-08-18,morales_pp_10d,accumulation,LIFE,34.01,-3.3,1.02,5.59,2.77,90,99,95,94.0,0.957,0,,Insurance,Weakening
2026-08-18,morales_pp_10d,accumulation,LIND,32.35,-1.3,0.71,3.3,0.65,52,87,96,83.0,0.962,35,,Travel & Leisure,Weakening
2026-08-18,morales_pp_10d,accumulation,MAIN,57.81,-0.6,0.61,3.56,1.04,71,68,68,50.0,0.755,24,,Financials,Weakening
2026-08-18,morales_pp_10d,accumulation,MDB,434.62,-0.9,0.75,3.89,1.97,76,97,84,78.0,0.868,1,,Cloud Software,Leading
2026-08-18,morales_pp_10d,accumulation,MGNI,24.53,1.4,0.9,4.88,2.42,95,95,97,85.0,0.974,14,tp1_hit,Advertising Agencies,Weakening
2026-08-18,morales_pp_10d,accumulation,MPC,366.21,2.2,0.69,6.6,3.62,100,83,89,85.0,0.909,15,,Oil & Gas,Improving
2026-08-18,morales_pp_10d,accumulation,MSGE,81.9,-3.5,0.64,1.51,0.61,81,68,72,67.0,0.781,5,,Entertainment,Leading
2026-08-18,morales_pp_10d,accumulation,NESR,35.29,-1.4,0.77,4.14,2.37,81,95,87,66.0,0.894,1,,Oil & Gas,Improving
2026-08-18,morales_pp_10d,accumulation,NIQ,17.32,0.4,0.41,8.21,4.59,100,99,98,83.0,0.982,1,,Software,Weakening
2026-08-18,morales_pp_10d,accumulation,NRIX,26.93,-0.9,0.68,4.41,1.79,95,89,96,74.0,0.967,49,,Biotechnology,Weakening
2026-08-18,morales_pp_10d,accumulation,NTSK,15.37,0.8,0.73,3.74,1.4,86,84,86,80.0,0.889,22,,Cybersecurity,Weakening
2026-08-18,morales_pp_10d,accumulation,NUTX,187.66,-0.4,0.82,2.01,1.4,95,86,93,64.0,0.938,12,,Medical Care Facilities,Weakening
2026-08-18,morales_pp_10d,accumulation,NWS,33.49,2.5,0.65,2.71,1.28,90,57,56,58.0,0.672,35,2nd_break,Entertainment,Leading
2026-08-18,morales_pp_10d,accumulation,NWSA,29.39,2.4,0.97,2.71,1.27,90,56,58,58.0,0.688,39,2nd_break,Entertainment,Leading
2026-08-18,morales_pp_10d,accumulation,OBDC,11.41,-0.8,0.61,1.88,0.56,67,61,47,52.0,0.611,0,,Financials,Weakening
2026-08-18,morales_pp_10d,accumulation,OCUL,11.01,3.4,1.69,3.18,2.82,100,92,88,75.0,0.901,5,tp1_hit,Biotechnology,Weakening
2026-08-18,morales_pp_10d,accumulation,OGN,13.68,-0.1,0.77,,,48,46,35,57.0,0.533,18,,Drug Manufacturers - General,Weakening
2026-08-18,morales_pp_10d,accumulation,OMDA,23.75,0.0,0.35,2.28,1.18,81,37,91,80.0,0.924,13,,Health Information Services,Weakening
2026-08-18,morales_pp_10d,accumulation,ONC,369.15,1.8,1.16,6.26,3.2,100,89,80,76.0,0.843,18,tp2_hit,Biotechnology,Weakening
2026-08-18,morales_pp_10d,accumulation,ORKA,113.08,0.4,0.76,4.64,2.37,100,90,98,86.0,0.98,37,,Biotechnology,Weakening
2026-08-18,morales_pp_10d,accumulation,OWL,11.59,-0.6,0.56,3.95,1.27,81,94,79,64.0,0.838,15,,Financials,Weakening
2026-08-18,morales_pp_10d,accumulation,P,117.06,0.1,0.88,6.92,4.05,100,99,93,89.0,0.944,0,,Memory & Storage,Weakening
2026-08-18,morales_pp_10d,accumulation,PCTY,147.32,1.3,0.61,3.8,1.16,76,85,84,80.0,0.87,42,tp2_hit,Cloud Software,Leading
2026-08-18,morales_pp_10d,accumulation,PRAX,369.84,-1.7,0.59,2.77,1.32,90,91,64,71.0,0.734,8,,Genomics,Weakening
2026-08-18,morales_pp_10d,accumulation,PRCH,16.68,-0.5,0.58,3.32,1.53,90,95,96,76.0,0.961,28,,Insurance,Weakening
2026-08-18,morales_pp_10d,accumulation,RBRK,100.55,-0.5,1.13,4.14,2.3,90,96,94,87.0,0.948,0,,Cybersecurity,Weakening
2026-08-18,morales_pp_10d,accumulation,RDNT,73.83,-2.8,0.6,3.32,1.19,71,89,88,79.0,0.904,17,,Diagnostics & Research,Weakening
2026-08-18,morales_pp_10d,accumulation,RNG,65.19,1.8,0.51,6.0,2.43,95,99,95,86.0,0.954,33,,Cloud Software,Leading
2026-08-18,morales_pp_10d,accumulation,RY,212.99,-1.5,0.47,1.9,0.5,43,46,67,65.0,0.754,52,,Banks - Diversified,Weakening
2026-08-18,morales_pp_10d,accumulation,RYTM,115.25,-0.2,0.62,2.12,0.94,95,75,85,81.0,0.881,32,,Biotechnology,Weakening
2026-08-18,morales_pp_10d,accumulation,S,22.49,3.1,0.82,4.25,1.64,90,90,82,81.0,0.854,18,,Cybersecurity,Weakening
2026-08-18,morales_pp_10d,accumulation,SKY,90.86,-2.5,0.62,1.97,0.61,57,75,89,56.0,0.907,12,,Homebuilders,Weakening
2026-08-18,morales_pp_10d,accumulation,SLG,56.84,1.3,0.82,2.66,1.22,95,78,90,78.0,0.918,47,,Real Estate,Lagging
2026-08-18,morales_pp_10d,accumulation,SLS,13.1,0.8,0.84,1.7,1.13,95,46,96,81.0,0.966,49,,Biotechnology,Weakening
2026-08-18,morales_pp_10d,accumulation,SPSC,77.38,1.5,0.62,4.21,1.61,90,93,92,81.0,0.929,34,,Cloud Software,Leading
2026-08-18,morales_pp_10d,accumulation,TEAM,163.0,2.9,0.86,7.05,3.75,95,99,98,89.0,0.977,0,,Cloud Software,Leading
2026-08-18,morales_pp_10d,accumulation,TPG,52.02,0.5,0.93,4.26,2.21,90,92,81,76.0,0.852,0,,Financials,Weakening
2026-08-18,morales_pp_10d,accumulation,TRVI,18.84,1.9,1.06,1.57,0.73,86,79,89,82.0,0.912,70,1st_break,Biotechnology,Weakening
2026-08-18,morales_pp_10d,accumulation,TX,53.69,-1.2,0.22,3.98,1.52,81,90,82,75.0,0.853,24,,Steel,Leading
2026-08-18,morales_pp_10d,accumulation,U,46.74,2.8,0.95,7.07,3.72,100,98,97,89.0,0.971,2,,Software,Weakening
2026-08-18,morales_pp_10d,accumulation,URGN,48.92,-0.5,0.9,4.61,2.08,100,89,96,95.0,0.965,21,,Biotechnology,Weakening
2026-08-18,morales_pp_10d,accumulation,VEEV,242.75,1.9,0.77,5.76,2.5,95,95,92,87.0,0.934,18,,Cloud Software,Leading
2026-08-18,morales_pp_10d,accumulation,VIA,25.02,-1.6,0.43,4.84,2.17,86,97,96,87.0,0.961,20,,Software,Weakening
2026-08-18,morales_pp_10d,accumulation,VOYG,42.24,-4.0,0.97,2.87,1.83,71,98,59,64.0,0.695,9,,Space,Improving
2026-08-18,morales_pp_10d,accumulation,WHD,73.13,-0.4,0.5,6.74,3.44,100,97,75,62.0,0.807,8,,Oil & Gas,Improving
2026-08-18,morales_pp_10d,accumulation,WK,70.1,0.3,0.55,4.78,2.21,95,92,90,83.0,0.915,17,,Software,Weakening
2026-08-18,morales_pp_10d,accumulation,ZD,55.09,1.4,0.69,1.81,0.68,86,61,85,73.0,0.875,44,,Advertising Agencies,Weakening
2026-08-18,morales_pp_10d,accumulation,ZIM,28.49,-1.1,1.85,3.09,2.21,95,82,58,44.0,0.684,0,,Transportation & Logistics,Lagging
2026-08-18,morales_pp_10d,accumulation,ZLAB,25.57,-0.3,1.5,5.0,2.74,86,93,89,72.0,0.907,0,,Biotechnology,Weakening
2026-08-18,morales_pp_10d,accumulation,ZM,104.71,-0.8,0.61,3.1,1.32,81,84,45,61.0,0.6,20,,Cloud Software,Leading
2026-08-18,weekly_momentum_97,moving,AMLX,35.11,63.8,7.45,7.4,5.81,100,99,99,84.0,0.993,18,tp2_hit,Drug Manufacturers - Specialty & Generic,Weakening
2026-08-18,weekly_momentum_97,moving,AVAH,12.67,-0.2,1.8,6.14,4.09,100,96,95,70.0,0.958,10,,Medical Care Facilities,Weakening
2026-08-18,weekly_momentum_97,moving,ETON,63.43,2.8,1.3,6.25,4.23,100,98,98,92.0,0.98,10,,Drug Manufacturers - Specialty & Generic,Weakening
2026-08-18,weekly_momentum_97,moving,HAE,104.65,15.9,2.72,6.38,4.59,100,96,97,84.0,0.975,29,tp2_hit,Medical Devices,Leading
2026-08-18,weekly_momentum_97,moving,HTFL,45.23,7.8,2.36,6.1,5.35,100,99,97,95.0,0.97,5,,Health Information Services,Weakening
2026-08-18,weekly_momentum_97,moving,OMER,17.19,-1.0,0.52,6.64,3.87,95,99,91,74.0,0.922,1,,Biotechnology,Weakening
2026-08-18,weekly_momentum_97,moving,TBBB,48.06,-0.8,0.73,3.07,2.29,90,88,85,73.0,0.88,3,,Consumer Retail,Weakening
2026-08-18,bullish_4pct,moving,AMLX,35.11,63.8,7.45,7.4,5.81,100,99,99,84.0,0.993,18,tp2_hit,Drug Manufacturers - Specialty & Generic,Weakening
2026-08-18,bullish_4pct,moving,BETA,26.76,4.5,1.46,4.54,2.56,100,97,97,78.0,0.974,5,tp2_hit,Drones,Leading
2026-08-18,bullish_4pct,moving,BRZE,29.12,4.2,1.52,3.11,1.55,95,77,87,85.0,0.891,24,tp1_hit,Cloud Software,Leading
2026-08-18,bullish_4pct,moving,CCC,7.14,6.7,2.74,4.02,1.81,100,82,94,84.0,0.951,32,,Cloud Software,Leading
2026-08-18,bullish_4pct,moving,CLMT,50.81,5.1,1.07,5.2,2.97,100,84,94,77.0,0.95,18,,Chemicals & Materials,Improving
2026-08-18,bullish_4pct,moving,HAE,104.65,15.9,2.72,6.38,4.59,100,96,97,84.0,0.975,29,tp2_hit,Medical Devices,Leading
2026-08-18,bullish_4pct,moving,HTFL,45.23,7.8,2.36,6.1,5.35,100,99,97,95.0,0.97,5,,Health Information Services,Weakening
2026-08-18,bullish_4pct,moving,INTU,350.41,4.4,1.04,3.67,1.71,90,91,12,53.0,0.322,47,,Cloud Software,Leading
2026-08-18,bullish_4pct,moving,KOS,2.74,5.4,1.12,1.96,1.47,90,81,10,49.0,0.307,64,tp1_hit,Energy,Improving
2026-08-18,bullish_4pct,moving,LBRX,48.77,5.5,1.23,4.77,2.3,100,99,97,86.0,0.969,25,,Biotechnology,Weakening
2026-08-18,bullish_4pct,moving,MAN,59.48,4.8,1.15,6.12,2.27,100,84,98,89.0,0.987,52,,Staffing & Employment Services,Weakening
2026-08-18,bullish_4pct,moving,NUVB,6.96,7.4,1.11,2.6,1.55,100,71,95,87.0,0.957,50,counter_break,Biotechnology,Weakening
2026-08-18,bullish_4pct,moving,SPOT,516.28,4.8,1.16,1.38,0.93,86,60,66,40.0,0.744,22,1st_break,Internet Content & Information,Improving
2026-08-18,bullish_4pct,moving,SRRK,54.72,5.1,1.16,1.66,1.36,100,70,65,71.0,0.736,22,1st_break,Biotechnology,Weakening
2026-08-18,bullish_4pct,moving,TNDM,23.73,6.6,1.15,4.69,2.56,100,96,96,75.0,0.968,15,tp1_hit,Medical Devices,Leading
2026-08-18,bullish_4pct,moving,WIX,77.16,4.7,1.57,5.01,2.8,95,98,88,75.0,0.904,5,,Cloud Software,Leading
2026-08-18,bullish_4pct,moving,XNCR,25.41,9.9,1.44,6.21,3.4,100,97,99,89.0,0.988,31,tp1_hit,Biotechnology,Weakening
2026-08-18,weekly_20_gainers,moving,AMLX,35.11,63.8,7.45,7.4,5.81,100,99,99,84.0,0.993,18,tp2_hit,Drug Manufacturers - Specialty & Generic,Weakening
2026-08-18,weekly_20_gainers,moving,ARX,19.56,0.1,1.17,5.79,4.5,100,98,77,88.0,0.822,1,,Insurance,Weakening
2026-08-18,weekly_20_gainers,moving,AVAH,12.67,-0.2,1.8,6.14,4.09,100,96,95,70.0,0.958,10,,Medical Care Facilities,Weakening
2026-08-18,weekly_20_gainers,moving,ETON,63.43,2.8,1.3,6.25,4.23,100,98,98,92.0,0.98,10,,Drug Manufacturers - Specialty & Generic,Weakening
2026-08-18,weekly_20_gainers,moving,FIGR,35.52,-0.7,1.1,2.57,2.21,100,80,26,39.0,0.444,7,,Crypto Equities,Lagging
2026-08-18,weekly_20_gainers,moving,HTFL,45.23,7.8,2.36,6.1,5.35,100,99,97,95.0,0.97,5,,Health Information Services,Weakening
2026-08-18,weekly_20_gainers,moving,OMER,17.19,-1.0,0.52,6.64,3.87,95,99,91,74.0,0.922,1,,Biotechnology,Weakening
2026-08-18,weekly_20_gainers,moving,WIX,77.16,4.7,1.57,5.01,2.8,95,98,88,75.0,0.904,5,,Cloud Software,Leading
2026-08-18,stop_hit,trouble,AAOI,131.41,-15.2,1.13,-0.04,0.24,71,75,5,52.0,0.24,26,stop_hit,Optics & Networking Equipment,Improving
2026-08-18,stop_hit,trouble,ABCB,88.2,-0.9,0.47,-0.42,-0.32,33,28,48,50.0,0.619,70,stop_hit,Regional Banks,Weakening
2026-08-18,stop_hit,trouble,AG,18.48,-5.6,0.71,1.45,0.72,71,73,26,38.0,0.45,14,stop_hit,Silver Miners,Leading
2026-08-18,stop_hit,trouble,AGI,32.9,-3.2,0.5,1.11,0.93,71,77,10,34.0,0.3,27,stop_hit,Gold Miners,Leading
2026-08-18,stop_hit,trouble,ALGN,167.91,-1.9,0.8,-1.12,-0.89,5,21,51,49.0,0.636,40,stop_hit,Medical Devices,Leading
2026-08-18,stop_hit,trouble,AOS,60.86,-0.9,0.5,0.27,-0.49,14,57,53,34.0,0.655,40,stop_hit,Homebuilders,Weakening
2026-08-18,stop_hit,trouble,AXTI,82.31,-14.2,1.21,1.22,0.97,90,98,3,60.0,0.216,28,stop_hit,Optics & Networking Equipment,Improving
2026-08-18,stop_hit,trouble,BEAM,26.57,-2.0,0.73,-2.27,-0.56,38,28,32,43.0,0.503,91,stop_hit,Genomics,Weakening
2026-08-18,stop_hit,trouble,BJ,92.69,-1.8,1.0,0.51,-0.61,19,34,21,36.0,0.411,39,stop_hit,Consumer Retail,Weakening
2026-08-18,stop_hit,trouble,BNL,20.78,-2.1,1.7,-1.21,-1.3,14,14,41,33.0,0.569,32,stop_hit,Real Estate,Lagging
2026-08-18,stop_hit,trouble,BWXT,165.01,-3.8,0.69,-2.64,-1.08,5,22,9,31.0,0.285,63,stop_hit,Uranium & Nuclear Energy,Improving
2026-08-18,stop_hit,trouble,CBRS,220.01,-12.7,1.76,0.39,-0.01,57,62,3,27.0,0.212,,stop_hit,Semiconductors Broad,Lagging
2026-08-18,stop_hit,trouble,CDW,134.97,-0.2,0.61,-0.17,-0.57,29,56,84,50.0,0.87,36,stop_hit,Information Technology Services,Improving
2026-08-18,stop_hit,trouble,CENX,45.66,-3.1,1.06,-0.82,-0.5,14,48,6,25.0,0.247,48,stop_hit,Aluminum,
2026-08-18,stop_hit,trouble,CRL,279.19,-2.6,0.64,5.11,2.09,86,94,97,79.0,0.974,20,stop_hit,Diagnostics & Research,Weakening
2026-08-18,stop_hit,trouble,CUBE,40.96,-0.4,0.49,0.0,-0.46,24,40,47,39.0,0.61,44,stop_hit,Real Estate,Lagging
2026-08-18,stop_hit,trouble,DIOD,99.1,-7.9,1.11,0.06,0.32,71,63,45,49.0,0.595,5,stop_hit,Semiconductors Broad,Lagging
2026-08-18,stop_hit,trouble,DORM,132.82,-0.7,0.54,-0.3,-0.5,33,26,70,38.0,0.768,29,stop_hit,Auto Parts,Improving
2026-08-18,stop_hit,trouble,DY,414.7,-4.2,1.0,-1.05,-0.06,57,31,31,35.0,0.487,67,stop_hit,AI Power & Infrastructure,Lagging
2026-08-18,stop_hit,trouble,EME,824.53,-4.4,0.54,0.81,0.51,76,71,23,32.0,0.424,34,stop_hit,AI Power & Infrastructure,Lagging
2026-08-18,stop_hit,trouble,FITB,57.29,-0.5,0.65,0.98,-0.0,29,36,75,65.0,0.804,81,stop_hit,Regional Banks,Weakening
2026-08-18,stop_hit,trouble,FIX,1739.08,-7.5,0.87,-0.5,-0.05,48,31,21,33.0,0.409,39,stop_hit,AI Power & Infrastructure,Lagging
2026-08-18,stop_hit,trouble,FNB,19.22,-0.9,0.65,1.01,0.28,38,42,60,53.0,0.703,72,stop_hit,Regional Banks,Weakening
2026-08-18,stop_hit,trouble,FSS,121.98,-3.3,0.44,0.32,-0.45,29,62,57,49.0,0.683,40,stop_hit,Farm & Heavy Construction Machinery,Weakening
2026-08-18,stop_hit,trouble,FUL,59.89,-5.8,0.97,0.34,0.19,76,68,45,44.0,0.595,14,stop_hit,Chemicals & Materials,Improving
2026-08-18,stop_hit,trouble,GATX,178.31,-1.3,0.49,0.02,-0.27,24,37,44,43.0,0.59,54,stop_hit,Rental & Leasing Services,Weakening
2026-08-18,stop_hit,trouble,GLXY,20.43,-6.6,0.94,-2.59,-0.65,33,3,4,11.0,0.224,66,stop_hit,AI - Datacenters,Improving
2026-08-18,stop_hit,trouble,HOMB,30.97,-0.5,0.6,3.29,0.64,48,51,72,57.0,0.788,77,stop_hit,Regional Banks,Weakening
2026-08-18,stop_hit,trouble,IAG,18.19,-4.5,0.75,2.65,1.67,90,92,59,48.0,0.695,1,stop_hit,Gold Miners,Leading
2026-08-18,stop_hit,trouble,IBKR,90.56,-4.0,0.54,-0.29,-0.07,48,24,52,41.0,0.643,46,stop_hit,Financials,Weakening
2026-08-18,stop_hit,trouble,ICHR,66.08,-8.1,0.81,-2.53,-1.09,24,1,36,48.0,0.538,58,stop_hit,Semiconductors Broad,Lagging
2026-08-18,stop_hit,trouble,INOD,61.62,-4.2,0.64,-2.23,-0.48,29,27,3,42.0,0.2,84,stop_hit,Information Technology Services,Improving
2026-08-18,stop_hit,trouble,IRDM,49.03,-2.0,0.78,0.61,0.16,57,56,60,52.0,0.701,71,stop_hit,Space,Improving
2026-08-18,stop_hit,trouble,IRT,16.38,-1.7,0.68,-0.7,-0.96,5,36,35,31.0,0.528,31,stop_hit,Real Estate,Lagging
2026-08-18,stop_hit,trouble,JEF,53.84,-1.3,0.77,-1.05,-0.73,5,22,44,33.0,0.591,63,stop_hit,Financials,Weakening
2026-08-18,stop_hit,trouble,KSS,18.7,-3.0,0.88,0.75,-0.15,24,54,95,59.0,0.954,57,stop_hit,Department Stores,
2026-08-18,stop_hit,trouble,LASR,50.0,-7.4,0.76,-2.53,-1.73,14,0,3,23.0,0.21,1,stop_hit,Optics & Networking Equipment,Improving
2026-08-18,stop_hit,trouble,LBRT,21.29,-4.3,0.33,-1.9,0.06,71,10,2,15.0,0.181,46,stop_hit,Oil & Gas,Improving
2026-08-18,stop_hit,trouble,LCII,103.27,-0.8,0.67,0.51,-0.52,5,33,24,28.0,0.434,57,stop_hit,Recreational Vehicles,Weakening
2026-08-18,stop_hit,trouble,LECO,281.97,-1.4,1.12,2.18,0.99,81,81,57,52.0,0.682,9,stop_hit,Robotics & Automation,Improving
2026-08-18,stop_hit,trouble,LGN,63.66,-9.1,0.67,-1.97,-0.63,29,18,5,40.0,0.237,42,stop_hit,Industrials,Lagging
2026-08-18,stop_hit,trouble,LITE,873.31,-9.9,1.13,0.7,0.42,81,58,26,52.0,0.446,7,stop_hit,Optics & Networking Equipment,Improving
2026-08-18,stop_hit,trouble,LLYVK,103.73,-1.9,0.94,0.47,-0.11,52,48,43,46.0,0.583,29,stop_hit,Entertainment,Leading
2026-08-18,stop_hit,trouble,MDA,34.01,-3.5,0.55,-0.63,0.13,67,81,9,33.0,0.299,48,stop_hit,Space,Improving
2026-08-18,stop_hit,trouble,MFG,10.65,-1.7,0.78,1.79,0.43,43,52,77,70.0,0.818,43,stop_hit,Regional Banks,Weakening
2026-08-18,stop_hit,trouble,MSTR,92.52,-5.3,1.05,-1.35,-0.73,10,13,1,36.0,0.159,98,stop_hit,Crypto Equities,Lagging
2026-08-18,stop_hit,trouble,NEO,15.9,-1.6,0.39,2.61,0.52,52,74,98,84.0,0.977,65,stop_hit,Genomics,Weakening
2026-08-18,stop_hit,trouble,NSC,338.91,-0.7,0.38,2.14,0.56,52,51,48,50.0,0.617,58,stop_hit,Transportation & Logistics,Lagging
2026-08-18,stop_hit,trouble,NTLA,11.6,-4.0,0.95,-2.51,-0.46,62,44,24,42.0,0.433,89,stop_hit,Genomics,Weakening
2026-08-18,stop_hit,trouble,NVDA,219.74,-2.3,0.85,1.93,0.74,76,64,29,43.0,0.473,13,stop_hit,Tech Mega Caps,Improving
2026-08-18,stop_hit,trouble,NVR,6248.37,-0.8,0.86,-1.08,-0.53,19,34,51,38.0,0.636,57,stop_hit,Homebuilders,Weakening
2026-08-18,stop_hit,trouble,ORCL,142.79,-2.6,0.55,-0.85,-0.01,48,80,6,52.0,0.253,54,stop_hit,Software,Weakening
2026-08-18,stop_hit,trouble,OUST,42.99,-10.7,1.12,0.04,-0.05,52,63,91,69.0,0.925,34,stop_hit,Physical AI & Humanoid Robotics,Improving
2026-08-18,stop_hit,trouble,PATH,15.58,-2.6,1.38,3.93,1.6,81,95,92,80.0,0.93,11,stop_hit,Robotics & Automation,Improving
2026-08-18,stop_hit,trouble,PATK,83.73,-1.2,0.78,-0.87,-0.72,5,31,20,30.0,0.398,37,stop_hit,Homebuilders,Weakening
2026-08-18,stop_hit,trouble,PHM,126.05,-1.9,0.74,-0.56,-0.84,5,45,61,44.0,0.711,52,stop_hit,Homebuilders,Weakening
2026-08-18,stop_hit,trouble,POET,8.48,-9.8,0.89,-0.87,-0.05,52,45,2,42.0,0.182,63,stop_hit,Optics & Networking Equipment,Improving
2026-08-18,stop_hit,trouble,RH,171.05,-2.8,0.73,0.32,-0.72,10,17,90,47.0,0.917,39,stop_hit,Consumer Retail,Weakening
2026-08-18,stop_hit,trouble,RYAN,41.24,-1.1,0.49,0.83,-0.6,10,33,77,57.0,0.821,48,stop_hit,Insurance,Weakening
2026-08-18,stop_hit,trouble,SLF,80.41,-0.4,0.57,0.5,-0.63,24,36,61,50.0,0.707,46,stop_hit,Insurance,Weakening
2026-08-18,stop_hit,trouble,SMTC,135.23,-12.3,1.79,-0.45,0.12,67,31,31,40.0,0.487,31,stop_hit,Optics & Networking Equipment,Improving
2026-08-18,stop_hit,trouble,UFPI,87.2,-1.2,0.63,-0.13,-0.78,10,51,56,43.0,0.67,36,stop_hit,Homebuilders,Weakening
2026-08-18,stop_hit,trouble,USAR,18.51,-4.0,0.72,-0.17,0.44,76,87,17,31.0,0.373,42,stop_hit,Rare Earth Metals,Improving
2026-08-18,stop_hit,trouble,VKTX,33.37,-0.8,0.62,-0.91,-0.49,33,9,69,63.0,0.766,78,stop_hit,Biotechnology,Weakening
2026-08-18,stop_hit,trouble,WAB,294.72,-2.0,0.71,2.53,0.46,29,78,65,62.0,0.738,66,stop_hit,Transportation & Logistics,Lagging
2026-08-18,stop_hit,trouble,WAFD,37.46,-0.8,0.68,0.12,-0.04,24,44,51,53.0,0.637,52,stop_hit,Regional Banks,Weakening
2026-08-18,stop_hit,trouble,WOLF,31.46,-10.0,0.94,-1.37,0.26,81,35,1,23.0,0.154,82,stop_hit,Semiconductors Broad,Lagging
2026-08-18,stop_hit,trouble,ZION,70.93,-0.9,0.85,1.42,0.39,38,55,71,62.0,0.777,56,stop_hit,Regional Banks,Weakening
2026-08-18,ll_break,trouble,AAON,82.06,-6.8,1.17,-4.58,-1.91,5,2,2,35.0,0.176,48,ll_break,AI Power & Infrastructure,Lagging
2026-08-18,ll_break,trouble,ABG,203.94,-2.2,1.36,-1.04,-1.53,5,20,64,41.0,0.728,23,ll_break,Auto & Truck Dealerships,Weakening
2026-08-18,ll_break,trouble,AGCO,98.45,-1.3,0.71,-3.51,-1.86,10,10,12,20.0,0.328,25,ll_break,Agribusiness,Lagging
2026-08-18,ll_break,trouble,ALAB,303.44,-5.2,1.03,-1.58,-0.59,24,22,79,56.0,0.832,53,ll_break,Semiconductors Broad,Lagging
2026-08-18,ll_break,trouble,ALGM,39.39,-11.0,1.13,-3.11,-1.5,5,3,20,31.0,0.395,85,ll_break,Semiconductors Broad,Lagging
2026-08-18,ll_break,trouble,ATEN,26.6,-2.7,0.48,-4.42,-2.26,14,1,20,57.0,0.399,34,ll_break,Cybersecurity,Weakening
2026-08-18,ll_break,trouble,AUR,6.15,-11.8,2.7,-0.61,-1.12,5,29,13,47.0,0.329,27,ll_break,Physical AI & Humanoid Robotics,Improving
2026-08-18,ll_break,trouble,BAP,368.44,-2.6,1.15,-1.08,-1.16,5,19,67,57.0,0.753,44,ll_break,Regional Banks,Weakening
2026-08-18,ll_break,trouble,BELFB,275.97,-7.4,0.63,-0.46,-0.42,19,31,55,52.0,0.669,30,ll_break,AI Power & Infrastructure,Lagging
2026-08-18,ll_break,trouble,BIDU,90.87,-12.7,5.89,-4.83,-3.85,5,5,2,7.0,0.187,36,ll_break,Internet Content & Information,Improving
2026-08-18,ll_break,trouble,BLBD,61.46,-3.8,1.27,-3.64,-2.47,5,2,9,30.0,0.293,0,ll_break,Farm & Heavy Construction Machinery,Weakening
2026-08-18,ll_break,trouble,BLLN,87.99,-6.3,0.64,-3.16,-2.66,5,1,35,58.0,0.535,2,ll_break,Genomics,Weakening
2026-08-18,ll_break,trouble,BROS,48.44,-3.9,1.16,-5.39,-3.09,5,1,16,34.0,0.362,1,ll_break,Travel & Leisure,Weakening
2026-08-18,ll_break,trouble,CIFR,16.09,-13.0,1.54,-2.39,-1.26,5,1,10,18.0,0.301,13,ll_break,AI - Datacenters,Improving
2026-08-18,ll_break,trouble,CNH,10.03,-2.5,0.57,-1.38,-1.29,5,28,23,32.0,0.423,5,ll_break,Agribusiness,Lagging
2026-08-18,ll_break,trouble,COHR,306.43,-12.8,1.21,-0.79,-0.38,38,26,10,48.0,0.31,17,ll_break,Optics & Networking Equipment,Improving
2026-08-18,ll_break,trouble,CPT,107.28,-0.9,0.51,-2.37,-1.59,5,23,38,28.0,0.551,33,ll_break,Real Estate,Lagging
2026-08-18,ll_break,trouble,CRH,93.25,-2.9,0.63,-3.26,-1.86,5,18,21,18.0,0.403,36,ll_break,Building Materials,Lagging
2026-08-18,ll_break,trouble,CRUS,116.88,-2.5,0.95,-5.34,-2.33,5,5,3,13.0,0.213,36,ll_break,Semiconductors Broad,Lagging
2026-08-18,ll_break,trouble,CX,10.66,-4.0,0.88,-4.58,-2.76,5,5,11,21.0,0.313,28,ll_break,Building Materials,Lagging
2026-08-18,ll_break,trouble,CXT,47.9,-4.8,0.51,-0.68,-1.64,5,18,81,48.0,0.849,54,ll_break,Industrials,Lagging
2026-08-18,ll_break,trouble,DE,588.72,-1.9,1.18,-0.85,-1.19,5,41,45,37.0,0.596,54,ll_break,Agribusiness,Lagging
2026-08-18,ll_break,trouble,DKS,191.52,-2.4,1.02,-3.42,-1.86,5,15,15,43.0,0.353,36,ll_break,Consumer Retail,Weakening
2026-08-18,ll_break,trouble,DLO,13.64,-1.9,1.71,-0.51,-1.3,5,16,68,65.0,0.76,41,ll_break,Fintech,Weakening
2026-08-18,ll_break,trouble,EQPT,19.54,-8.8,0.96,-0.09,-0.18,33,92,7,42.0,0.271,48,ll_break,Rental & Leasing Services,Weakening
2026-08-18,ll_break,trouble,ETOR,27.77,-1.2,1.08,-6.15,-3.61,5,1,3,9.0,0.2,3,ll_break,Crypto Equities,Lagging
2026-08-18,ll_break,trouble,FELE,101.95,-2.0,0.65,-1.09,-1.46,5,32,49,45.0,0.621,37,ll_break,Homebuilders,Weakening
2026-08-18,ll_break,trouble,FLNC,11.75,-7.0,0.71,-4.11,-1.59,5,2,2,11.0,0.185,98,ll_break,Lithium & Battery Tech,Improving
2026-08-18,ll_break,trouble,FN,482.59,-19.4,3.49,-0.98,-0.93,29,14,3,30.0,0.206,25,ll_break,Optics & Networking Equipment,Improving
2026-08-18,ll_break,trouble,FPS,36.18,-6.8,0.54,-3.36,-0.86,24,11,9,43.0,0.296,77,ll_break,AI Power & Infrastructure,Lagging
2026-08-18,ll_break,trouble,FR,62.37,-0.8,0.63,-1.36,-1.34,10,13,35,34.0,0.532,37,ll_break,Real Estate,Lagging
2026-08-18,ll_break,trouble,GLUE,15.03,-2.3,0.76,-4.07,-2.28,5,0,8,32.0,0.284,13,ll_break,Biotechnology,Weakening
2026-08-18,ll_break,trouble,GTX,27.91,-2.3,1.19,-3.39,-1.84,5,10,16,35.0,0.365,29,ll_break,Auto Parts,Improving
2026-08-18,ll_break,trouble,HON,227.71,-0.8,0.57,-0.83,-1.21,5,36,31,23.0,0.486,28,ll_break,Robotics & Automation,Improving
2026-08-18,ll_break,trouble,HUBB,483.86,-4.0,0.84,-0.7,-0.89,10,43,43,39.0,0.588,20,ll_break,Clean Energy,Improving
2026-08-18,ll_break,trouble,HUT,80.79,-8.2,1.24,-2.45,-1.34,5,1,10,41.0,0.309,22,ll_break,AI - Datacenters,Improving
2026-08-18,ll_break,trouble,IESC,738.79,-7.0,0.64,0.96,0.37,52,82,65,57.0,0.737,24,ll_break,AI Power & Infrastructure,Lagging
2026-08-18,ll_break,trouble,INTR,5.09,-3.8,0.55,-1.67,-1.2,10,14,12,39.0,0.323,12,ll_break,Regional Banks,Weakening
2026-08-18,ll_break,trouble,JCI,149.68,-2.8,0.86,0.99,0.1,57,63,56,54.0,0.672,30,ll_break,Homebuilders,Weakening
2026-08-18,ll_break,trouble,KEEL,3.16,-16.2,1.98,-3.28,-1.46,5,0,4,25.0,0.23,54,ll_break,AI - Datacenters,Improving
2026-08-18,ll_break,trouble,KLAR,15.06,-22.8,6.9,-3.13,-3.37,5,3,29,45.0,0.471,22,ll_break,Fintech,Weakening
2026-08-18,ll_break,trouble,LAD,356.55,-3.5,0.62,1.65,-0.52,24,70,89,63.0,0.907,43,ll_break,Auto & Truck Dealerships,Weakening
2026-08-18,ll_break,trouble,LCID,5.77,-7.2,0.71,-0.7,-1.34,5,2,37,34.0,0.548,26,ll_break,Lithium & Battery Tech,Improving
2026-08-18,ll_break,trouble,LI,12.12,-2.3,0.83,-1.71,-1.41,14,36,4,14.0,0.229,52,ll_break,Lithium & Battery Tech,Improving
2026-08-18,ll_break,trouble,LIF,46.74,-6.9,1.43,-1.5,-1.71,5,6,73,56.0,0.789,4,ll_break,Software,Weakening
2026-08-18,ll_break,trouble,LII,411.05,-1.2,0.39,-5.63,-2.47,5,2,9,25.0,0.299,43,ll_break,Homebuilders,Weakening
2026-08-18,ll_break,trouble,MAA,130.17,-0.7,0.74,-1.7,-1.15,5,32,36,30.0,0.541,43,ll_break,Real Estate,Lagging
2026-08-18,ll_break,trouble,MARA,8.96,-7.8,1.04,-3.66,-1.79,5,1,3,17.0,0.211,27,ll_break,Crypto Equities,Lagging
2026-08-18,ll_break,trouble,MLM,522.81,-2.9,1.22,-3.07,-1.78,5,23,26,26.0,0.448,35,ll_break,Building Materials,Lagging
2026-08-18,ll_break,trouble,NATL,46.0,-0.7,0.65,0.65,-0.73,10,29,37,56.0,0.546,49,ll_break,Software,Weakening
2026-08-18,ll_break,trouble,NRG,115.56,-5.6,0.8,-2.5,-1.48,5,9,19,23.0,0.385,11,ll_break,Uranium & Nuclear Energy,Improving
2026-08-18,ll_break,trouble,OPLN,33.48,-4.6,1.81,-3.74,-2.7,5,6,24,48.0,0.435,1,ll_break,Auto & Truck Dealerships,Weakening
2026-08-18,ll_break,trouble,PAGS,8.44,-2.5,0.96,-1.99,-2.01,5,13,16,37.0,0.363,1,ll_break,Fintech,Weakening
2026-08-18,ll_break,trouble,PCAR,128.02,-2.2,0.73,0.78,-0.66,5,46,69,46.0,0.763,54,ll_break,Farm & Heavy Construction Machinery,Weakening
2026-08-18,ll_break,trouble,PRI,308.21,-0.6,0.74,1.05,-0.68,10,37,57,52.0,0.679,46,ll_break,Insurance,Weakening
2026-08-18,ll_break,trouble,RAMP,37.43,-0.7,1.42,-1.47,-1.6,19,34,28,59.0,0.467,52,ll_break,Software,Weakening
2026-08-18,ll_break,trouble,RBC,545.65,-2.1,0.61,-2.77,-1.25,5,17,23,43.0,0.424,38,ll_break,Defense,Leading
2026-08-18,ll_break,trouble,RMBS,93.71,-6.9,1.0,-2.59,-0.83,29,10,5,21.0,0.241,89,ll_break,Memory & Storage,Weakening
2026-08-18,ll_break,trouble,RYAAY,55.41,-3.4,1.32,-3.63,-2.5,5,19,36,40.0,0.538,55,ll_break,Travel & Leisure,Weakening
2026-08-18,ll_break,trouble,RYN,20.77,-3.0,1.02,-1.23,-1.39,5,30,44,35.0,0.589,36,ll_break,Real Estate,Lagging
2026-08-18,ll_break,trouble,SKT,38.32,-0.2,0.48,-1.95,-1.48,24,15,55,39.0,0.665,30,ll_break,Real Estate,Lagging
2026-08-18,ll_break,trouble,TIGO,87.19,-7.5,1.33,-1.26,-1.69,5,11,52,49.0,0.647,30,ll_break,Optics & Networking Equipment,Improving
2026-08-18,ll_break,trouble,TOL,142.86,-1.8,1.39,-1.88,-1.53,5,27,64,42.0,0.732,46,ll_break,Homebuilders,Weakening
2026-08-18,ll_break,trouble,UAA,5.07,-4.2,0.86,-4.03,-3.06,5,1,27,22.0,0.452,1,ll_break,Apparel Manufacturing,Weakening
2026-08-18,ll_break,trouble,VNET,6.58,-16.9,3.47,-2.52,-1.63,5,7,2,21.0,0.183,57,ll_break,AI - Datacenters,Improving
2026-08-18,ll_break,trouble,WULF,15.62,-11.2,1.48,-3.42,-1.36,5,2,4,13.0,0.218,64,ll_break,AI - Datacenters,Improving
2026-08-18,ll_break,trouble,XYL,113.94,-3.0,0.99,-1.12,-1.75,5,29,50,36.0,0.627,40,ll_break,Industrials,Lagging
2026-08-18,extended,trouble,AMLX,35.11,63.8,7.45,7.4,5.81,100,99,99,84.0,0.993,18,tp2_hit,Drug Manufacturers - Specialty & Generic,Weakening
2026-08-18,extended,trouble,ATAI,7.29,0.7,1.18,10.9,2.29,57,49,97,90.0,0.975,95,,Biotechnology,Weakening
2026-08-18,extended,trouble,CBZ,54.73,0.1,0.27,11.57,3.27,76,96,97,66.0,0.97,72,1st_break,Specialty Business Services,Lagging
2026-08-18,extended,trouble,CRNX,84.72,-0.0,1.35,25.76,4.2,48,44,99,91.0,0.99,100,,Biotechnology,Weakening
2026-08-18,extended,trouble,FBRX,76.88,-0.0,0.34,15.81,3.91,71,99,99,87.0,0.996,78,,Biotechnology,Weakening
2026-08-18,extended,trouble,HALO,104.89,1.8,0.81,7.18,3.79,100,96,93,90.0,0.942,4,,Biotechnology,Weakening
2026-08-18,extended,trouble,HZO,52.18,-0.1,0.68,8.19,4.84,95,98,95,74.0,0.958,0,,Consumer Retail,Weakening
2026-08-18,extended,trouble,ITGR,125.09,0.0,0.33,10.72,3.89,90,95,88,77.0,0.903,14,,Medical Devices,Leading
2026-08-18,extended,trouble,LXP,60.57,-0.1,0.59,7.73,1.32,52,35,72,47.0,0.784,94,,Real Estate,Lagging
2026-08-18,extended,trouble,MKTX,162.57,0.0,0.81,13.11,4.7,86,98,64,33.0,0.731,46,,Financials,Weakening
2026-08-18,extended,trouble,NIQ,17.32,0.4,0.41,8.21,4.59,100,99,98,83.0,0.982,1,,Software,Weakening
2026-08-18,extended,trouble,SAFT,103.28,-0.1,0.75,14.64,4.01,62,97,91,69.0,0.922,86,,Insurance,Weakening
2026-08-18,extended,trouble,TEAM,163.0,2.9,0.86,7.05,3.75,95,99,98,89.0,0.977,0,,Cloud Software,Leading
2026-08-18,extended,trouble,TECH,72.22,-0.2,0.72,8.92,1.3,52,43,94,75.0,0.953,100,,Biotechnology,Weakening
2026-08-18,extended,trouble,U,46.74,2.8,0.95,7.07,3.72,100,98,97,89.0,0.971,2,,Software,Weakening
2026-08-18,extended,trouble,UTZ,14.16,0.1,0.07,18.07,4.49,52,99,98,71.0,0.98,90,,Packaged Foods,Weakening
