date,score,spx,down4,up4,pct20,pct50
2024-05-23,43.8,5267.83984375,377,87,41.77,45.8
2024-05-24,56.2,5304.72021484375,116,227,47.23,48.5
2024-05-28,53.1,5306.0400390625,199,204,43.31,46.91
2024-05-29,40.6,5266.9501953125,285,117,33.4,40.4
2024-05-30,53.1,5235.47998046875,174,201,37.83,44.68
2024-05-31,65.6,5277.509765625,139,188,43.65,48.99
2024-06-03,56.2,5283.39990234375,224,181,41.87,48.16
2024-06-04,37.5,5291.33984375,312,99,33.6,43.41
2024-06-05,59.4,5354.02978515625,140,269,38.5,46.38
2024-06-06,50.0,5352.9599609375,218,143,36.56,44.35
2024-06-07,37.5,5346.990234375,333,84,30.04,39.57
2024-06-10,43.8,5360.7900390625,154,210,30.32,40.28
2024-06-11,50.0,5375.31982421875,153,157,29.8,38.66
2024-06-12,46.9,5421.02978515625,125,253,37.4,44.12
2024-06-13,43.8,5433.740234375,233,128,32.23,39.73
2024-06-14,28.1,5431.60009765625,323,89,26.78,35.51
2024-06-17,37.5,5473.22998046875,257,162,29.86,37.8
2024-06-18,28.1,5487.02978515625,302,119,30.96,36.33
2024-06-20,37.5,5473.169921875,255,190,32.62,37.64
2024-06-21,37.5,5464.6201171875,187,211,34.47,38.06
2024-06-24,46.9,5447.8701171875,196,233,41.29,42.08
2024-06-25,37.5,5469.2998046875,256,140,35.37,37.7
2024-06-26,46.9,5477.89990234375,171,180,35.49,36.91
2024-06-27,59.4,5482.8701171875,122,264,41.81,40.11
2024-06-28,50.0,5460.47998046875,204,215,45.13,42.21
2024-07-01,37.5,5475.08984375,281,152,40.04,38.19
2024-07-02,46.9,5509.009765625,241,130,42.49,39.65
2024-07-03,56.2,5537.02001953125,96,219,46.0,41.39
2024-07-05,50.0,5567.18994140625,198,182,43.2,38.59
2024-07-08,50.0,5572.85009765625,132,228,48.36,40.36
2024-07-09,46.9,5576.97998046875,181,155,45.82,39.28
2024-07-10,75.0,5633.91015625,139,241,52.6,43.81
2024-07-11,87.5,5584.5400390625,82,749,70.65,55.48
2024-07-12,90.6,5615.35009765625,77,290,76.05,59.67
2024-07-15,87.5,5631.22021484375,176,306,76.57,61.91
2024-07-16,96.9,5667.2001953125,64,695,83.3,68.96
2024-07-17,68.8,5588.27001953125,356,115,79.87,66.96
2024-07-18,59.4,5544.58984375,454,48,71.69,61.42
2024-07-19,65.6,5505.0,226,99,66.98,58.36
2024-07-22,87.5,5564.41015625,119,316,72.06,63.12
2024-07-23,75.0,5555.740234375,141,246,70.92,64.19
2024-07-24,50.0,5427.1298828125,444,84,60.37,56.99
2024-07-25,68.8,5399.22021484375,156,302,61.66,59.1
2024-07-26,90.6,5459.10009765625,92,310,67.28,63.55
2024-07-29,56.2,5463.5400390625,300,86,63.27,61.62
2024-07-30,56.2,5436.43994140625,282,132,59.61,61.07
2024-07-31,75.0,5522.2998046875,150,272,62.25,63.23
2024-08-01,40.6,5446.68017578125,756,95,47.29,55.18
2024-08-02,21.9,5346.56005859375,877,73,28.79,44.7
2024-08-05,18.8,5186.330078125,922,50,16.02,32.04
2024-08-06,43.8,5240.02978515625,148,351,19.87,36.51
2024-08-07,25.0,5199.5,428,131,16.45,33.02
2024-08-08,46.9,5319.31005859375,143,509,25.4,41.11
2024-08-09,31.2,5344.16015625,241,179,26.62,41.07
2024-08-12,43.8,5344.39013671875,249,186,24.33,38.3
2024-08-13,59.4,5434.43017578125,113,407,30.72,43.39
2024-08-14,46.9,5455.2099609375,265,138,32.52,43.27
2024-08-15,78.1,5543.22021484375,102,480,44.18,50.57
2024-08-16,71.9,5554.25,115,192,48.06,52.45
2024-08-19,84.4,5608.25,101,343,57.58,56.05
2024-08-20,65.6,5597.1201171875,213,137,52.29,53.15
2024-08-21,87.5,5620.85009765625,68,290,62.16,57.54
2024-08-22,65.6,5570.64013671875,277,112,58.17,54.25
2024-08-23,90.6,5634.60986328125,70,636,73.48,62.59
2024-08-26,71.9,5616.83984375,150,174,74.74,62.59
2024-08-27,68.8,5625.7998046875,231,113,72.67,61.24
2024-08-28,59.4,5592.18017578125,332,74,69.94,58.24
2024-08-29,75.0,5591.9599609375,132,213,72.8,60.04
2024-08-30,71.9,5648.39990234375,135,144,73.89,61.53
2024-09-03,43.8,5528.93017578125,751,78,54.38,51.06
2024-09-04,59.4,5520.06982421875,177,155,52.31,50.31
2024-09-05,43.8,5503.41015625,213,140,46.73,48.65
2024-09-06,21.9,5408.419921875,401,83,33.4,41.81
2024-09-09,40.6,5471.0498046875,164,251,35.43,42.9
2024-09-10,43.8,5495.52001953125,176,211,36.06,42.86
2024-09-11,50.0,5554.1298828125,129,276,35.81,43.86
2024-09-12,68.8,5595.759765625,140,271,42.85,47.3
2024-09-13,87.5,5626.02001953125,91,404,56.97,54.63
2024-09-16,75.0,5633.08984375,210,155,58.75,55.28
2024-09-17,81.2,5634.580078125,143,220,61.64,57.12
2024-09-18,59.4,5618.259765625,190,117,59.18,56.26
2024-09-19,93.8,5713.64013671875,102,368,68.27,62.57
2024-09-20,68.8,5702.5498046875,279,164,62.39,59.08
2024-09-23,56.2,5718.56982421875,326,127,59.35,56.94
2024-09-24,81.2,5732.93017578125,126,276,60.19,57.65
2024-09-25,59.4,5722.259765625,248,125,53.8,53.56
2024-09-26,75.0,5745.3701171875,113,380,59.66,58.73
2024-09-27,87.5,5738.169921875,115,258,64.1,61.31
2024-09-30,84.4,5762.47998046875,183,199,66.12,62.32
2024-10-01,62.5,5708.75,421,123,54.91,56.27
2024-10-02,75.0,5709.5400390625,152,211,53.07,55.16
2024-10-03,62.5,5699.93994140625,210,137,46.43,52.17
2024-10-04,78.1,5751.06982421875,86,302,54.65,57.95
2024-10-07,62.5,5695.93994140625,274,147,45.19,52.68
2024-10-08,53.1,5751.1298828125,262,126,42.67,51.67
2024-10-09,53.1,5792.0400390625,171,137,43.33,52.83
2024-10-10,53.1,5780.0498046875,192,135,40.49,52.07
2024-10-11,71.9,5815.02978515625,84,401,53.31,59.58
2024-10-14,68.8,5859.85009765625,149,184,55.44,61.75
2024-10-15,65.6,5815.259765625,272,155,54.74,61.13
2024-10-16,90.6,5842.47021484375,63,387,65.93,66.05
2024-10-17,71.9,5841.47021484375,203,140,64.15,64.61
2024-10-18,84.4,5864.669921875,94,264,66.01,65.85
2024-10-21,65.6,5853.97998046875,254,141,54.39,59.47
2024-10-22,71.9,5851.2001953125,164,173,53.02,57.43
2024-10-23,46.9,5797.419921875,316,94,46.6,53.09
2024-10-24,53.1,5809.85986328125,175,175,46.76,53.13
2024-10-25,53.1,5808.1201171875,164,178,43.36,50.54
2024-10-28,78.1,5823.52001953125,99,362,53.38,56.12
2024-10-29,59.4,5832.919921875,223,151,49.61,53.47
2024-10-30,62.5,5813.669921875,258,145,47.11,51.2
2024-10-31,43.8,5705.4501953125,429,119,36.07,45.02
2024-11-01,62.5,5728.7998046875,159,211,38.04,45.52
2024-11-04,65.6,5712.68994140625,210,195,39.14,46.59
2024-11-05,75.0,5782.759765625,131,354,49.36,52.6
2024-11-06,93.8,5929.0400390625,255,954,60.66,60.59
2024-11-07,78.1,5973.10009765625,294,319,60.89,61.47
2024-11-08,78.1,5995.5400390625,255,266,58.77,60.7
2024-11-11,93.8,6001.35009765625,211,404,60.97,61.09
2024-11-12,65.6,5983.990234375,391,156,56.75,58.17
2024-11-13,59.4,5985.3798828125,396,162,53.41,55.65
2024-11-14,46.9,5949.169921875,376,150,49.71,53.26
2024-11-15,46.9,5870.6201171875,484,110,46.09,48.48
2024-11-18,56.2,5893.6201171875,261,278,45.93,49.09
2024-11-19,59.4,5916.97998046875,174,292,47.32,49.4
2024-11-20,62.5,5917.10986328125,209,223,47.75,49.79
2024-11-21,75.0,5948.7099609375,162,348,53.8,52.64
2024-11-22,90.6,5969.33984375,115,345,59.44,55.24
2024-11-25,87.5,5987.3701171875,151,439,65.22,58.94
2024-11-26,71.9,6021.6298828125,279,165,62.16,58.39
2024-11-27,87.5,5998.740234375,125,258,64.88,58.5
2024-11-29,90.6,6032.3798828125,97,252,67.85,60.46
2024-12-02,71.9,6047.14990234375,225,235,68.08,60.62
2024-12-03,75.0,6049.8798828125,283,175,60.18,58.26
2024-12-04,84.4,6086.490234375,201,232,59.22,58.65
2024-12-05,56.2,6075.10986328125,334,138,50.9,55.9
2024-12-06,81.2,6090.27001953125,129,327,52.3,56.18
2024-12-09,84.4,6052.85009765625,223,334,52.4,57.24
2024-12-10,56.2,6034.91015625,297,140,49.79,55.78
2024-12-11,65.6,6084.18994140625,233,204,51.36,55.62
2024-12-12,46.9,6051.25,373,109,43.38,52.74
2024-12-13,56.2,6051.08984375,249,137,38.74,49.83
2024-12-16,56.2,6074.080078125,282,233,37.58,49.04
2024-12-17,53.1,6050.60986328125,229,162,31.94,45.4
2024-12-18,28.1,5872.16015625,1196,83,17.18,28.57
2024-12-19,40.6,5867.080078125,268,169,17.22,29.18
2024-12-20,56.2,5930.85009765625,134,330,20.7,31.54
2024-12-23,50.0,5974.06982421875,234,216,20.77,31.84
2024-12-24,56.2,6040.0400390625,76,272,26.63,35.94
2024-12-26,75.0,6037.58984375,77,358,31.69,39.16
2024-12-27,53.1,5970.83984375,225,159,27.19,35.27
2024-12-30,50.0,5906.93994140625,258,207,25.88,32.27
2024-12-31,59.4,5881.6298828125,222,184,27.91,33.61
2025-01-02,75.0,5868.5498046875,124,429,34.79,35.36
2025-01-03,84.4,5942.47021484375,110,436,43.31,39.67
2025-01-06,71.9,5975.3798828125,206,304,44.26,39.94
2025-01-07,53.1,5909.02978515625,313,147,42.94,38.39
2025-01-08,50.0,5918.25,500,89,38.47,36.29
2025-01-10,21.9,5827.0400390625,510,155,29.94,30.78
2025-01-13,31.2,5836.22021484375,429,177,29.98,29.18
2025-01-14,40.6,5842.91015625,258,257,36.6,30.98
2025-01-15,59.4,5949.91015625,111,471,49.54,36.35
2025-01-16,56.2,5937.33984375,172,207,53.46,38.17
2025-01-17,78.1,5996.66015625,130,223,59.65,40.7
2025-01-21,90.6,6049.240234375,177,369,64.85,47.19
2025-01-22,62.5,6086.3701171875,242,197,58.46,44.41
2025-01-23,81.2,6118.7099609375,163,222,60.9,46.2
2025-01-24,71.9,6101.240234375,176,197,61.16,46.09
2025-01-27,53.1,6012.27978515625,526,130,58.03,45.97
2025-01-28,65.6,6067.7001953125,186,223,57.23,45.86
2025-01-29,62.5,6039.31005859375,200,137,53.83,44.3
2025-01-30,71.9,6071.169921875,148,316,59.41,49.01
2025-01-31,56.2,6040.52978515625,287,137,54.78,44.91
2025-02-03,40.6,5994.56982421875,374,113,45.37,38.98
2025-02-04,75.0,6037.8798828125,128,391,53.41,44.04
2025-02-05,84.4,6061.47998046875,143,312,57.93,48.35
2025-02-06,65.6,6083.56982421875,264,211,57.13,47.97
2025-02-07,34.4,6025.990234375,331,124,49.94,43.86
2025-02-10,62.5,6066.43994140625,206,227,49.52,45.76
2025-02-11,43.8,6068.5,358,142,47.15,45.71
2025-02-12,50.0,6051.97021484375,198,229,41.15,42.74
2025-02-13,68.8,6115.06982421875,138,320,48.56,48.06
2025-02-14,65.6,6114.6298828125,213,257,48.14,48.41
2025-02-18,71.9,6129.580078125,277,247,50.93,50.36
2025-02-19,68.8,6144.14990234375,243,173,48.27,49.18
2025-02-20,43.8,6117.52001953125,303,142,43.12,46.49
2025-02-21,37.5,6013.1298828125,596,98,33.67,40.31
2025-02-24,21.9,5983.25,469,114,30.49,37.66
2025-02-25,21.9,5955.25,438,138,29.59,37.25
2025-02-26,37.5,5956.06005859375,162,322,30.96,38.08
2025-02-27,18.8,5861.56982421875,498,117,27.32,35.32
2025-02-28,40.6,5954.5,216,237,31.75,37.89
2025-03-03,18.8,5849.72021484375,874,74,24.02,30.69
2025-03-04,21.9,5778.14990234375,340,196,20.58,27.66
2025-03-05,46.9,5842.6298828125,119,459,26.18,30.81
2025-03-06,25.0,5738.52001953125,444,172,24.71,28.68
2025-03-07,34.4,5770.2001953125,177,278,28.85,30.66
2025-03-10,15.6,5614.56005859375,944,70,21.81,24.42
2025-03-11,34.4,5572.06982421875,256,319,21.25,24.2
2025-03-12,34.4,5599.2998046875,174,339,20.95,24.12
2025-03-13,18.8,5521.52001953125,507,118,19.09,21.96
2025-03-14,40.6,5638.93994140625,91,523,27.32,26.38
2025-03-17,62.5,5675.1201171875,126,400,35.25,29.2
2025-03-18,34.4,5614.66015625,312,125,33.74,28.41
2025-03-19,59.4,5675.2900390625,102,324,42.43,31.05
2025-03-20,50.0,5662.89013671875,229,176,41.52,30.26
2025-03-21,46.9,5667.56005859375,232,196,38.67,28.25
2025-03-24,56.2,5767.56982421875,166,401,52.68,32.67
2025-03-25,25.0,5776.64990234375,313,118,48.32,30.2
2025-03-26,25.0,5712.2001953125,382,101,46.0,29.36
2025-03-27,34.4,5693.31005859375,235,185,46.98,30.0
2025-03-28,15.6,5580.93994140625,607,62,33.8,25.01
2025-03-31,18.8,5611.85009765625,428,109,32.4,23.99
2025-04-01,28.1,5633.06982421875,289,180,34.24,24.06
2025-04-02,43.8,5670.97021484375,123,372,42.23,27.04
2025-04-03,12.5,5396.52001953125,1540,72,19.14,18.73
2025-04-04,12.5,5074.080078125,1491,102,8.17,9.87
2025-04-07,18.8,5062.25,525,208,6.55,8.09
2025-04-08,15.6,4982.77001953125,864,104,5.19,6.96
2025-04-09,31.2,5456.89990234375,66,1933,17.53,12.94
2025-04-10,15.6,5268.0498046875,1149,121,11.72,11.31
2025-04-11,43.8,5363.35986328125,120,520,18.6,14.09
2025-04-14,50.0,5405.97021484375,127,415,24.28,16.95
2025-04-15,43.8,5396.6298828125,205,206,25.36,17.69
2025-04-16,25.0,5275.7001953125,360,160,24.27,16.9
2025-04-17,50.0,5282.7001953125,131,293,29.32,18.62
2025-04-21,12.5,5158.2001953125,507,147,24.13,15.72
2025-04-22,53.1,5287.759765625,83,639,40.74,21.94
2025-04-23,62.5,5375.85986328125,90,438,51.13,26.29
2025-04-24,68.8,5484.77001953125,94,608,67.63,31.55
2025-04-25,53.1,5525.2099609375,178,198,70.22,33.31
2025-04-28,59.4,5528.75,158,189,73.63,34.81
2025-04-29,53.1,5560.830078125,167,181,76.44,37.77
2025-04-30,43.8,5569.06005859375,219,199,74.91,37.81
2025-05-01,56.2,5604.14013671875,203,243,76.45,40.04
2025-05-02,78.1,5686.669921875,117,482,82.12,49.74
2025-05-05,50.0,5650.3798828125,337,134,77.29,47.11
2025-05-06,34.4,5606.91015625,434,171,70.01,44.38
2025-05-07,53.1,5631.27978515625,272,224,66.57,46.1
2025-05-08,68.8,5663.93994140625,166,556,71.39,53.41
2025-05-09,53.1,5659.91015625,232,259,69.49,53.87
2025-05-12,75.0,5844.18994140625,164,900,75.11,63.96
2025-05-13,71.9,5886.5498046875,245,329,73.45,64.44
2025-05-14,46.9,5892.580078125,355,174,68.0,60.49
2025-05-15,71.9,5916.93017578125,210,252,70.55,62.71
2025-05-16,84.4,5958.3798828125,135,307,72.92,66.23
2025-05-19,65.6,5963.60009765625,197,228,72.1,66.23
2025-05-20,68.8,5940.4599609375,150,239,71.65,67.09
2025-05-21,34.4,5844.60986328125,657,86,55.1,59.06
2025-05-22,56.2,5842.009765625,159,229,52.76,58.03
2025-05-23,46.9,5802.81982421875,220,157,48.41,56.33
2025-05-27,68.8,5921.5400390625,154,476,60.66,64.58
2025-05-28,53.1,5888.5498046875,247,157,51.85,60.77
2025-05-29,71.9,5912.169921875,178,216,55.13,63.01
2025-05-30,50.0,5911.68994140625,279,124,49.57,61.14
2025-06-02,59.4,5935.93994140625,187,300,48.92,60.85
2025-06-03,81.2,5970.3701171875,124,424,56.73,65.64
2025-06-04,65.6,5970.81005859375,153,239,53.41,64.67
2025-06-05,59.4,5939.2998046875,268,162,50.61,64.32
2025-06-06,87.5,6000.35986328125,104,398,60.67,69.2
2025-06-09,81.2,6005.8798828125,159,299,61.89,70.64
2025-06-10,81.2,6038.81005859375,179,222,67.06,72.65
2025-06-11,71.9,6022.240234375,237,197,63.95,70.87
2025-06-12,68.8,6045.259765625,258,141,61.97,70.19
2025-06-13,31.2,5976.97021484375,567,105,43.42,62.18
2025-06-16,65.6,6033.10986328125,140,398,52.91,63.91
2025-06-17,40.6,5982.72021484375,356,132,42.7,59.38
2025-06-18,53.1,5980.8701171875,132,223,47.12,59.7
2025-06-20,46.9,5967.83984375,293,173,44.1,57.57
2025-06-23,59.4,6025.169921875,303,223,50.76,61.09
2025-06-24,71.9,6092.18017578125,120,449,57.81,64.8
2025-06-25,53.1,6092.16015625,294,153,49.69,59.34
2025-06-26,81.2,6141.02001953125,140,312,57.92,63.43
2025-06-27,68.8,6173.06982421875,275,180,56.45,62.39
2025-06-30,81.2,6204.9501953125,202,265,58.01,63.11
2025-07-01,84.4,6198.009765625,206,372,62.42,65.78
2025-07-02,93.8,6227.419921875,95,394,67.02,68.02
2025-07-03,87.5,6279.35009765625,85,223,70.53,69.79
2025-07-07,65.6,6229.97998046875,371,151,63.48,65.33
2025-07-08,93.8,6225.52001953125,153,350,67.07,67.7
2025-07-09,93.8,6263.259765625,142,325,69.44,69.33
2025-07-10,90.6,6280.4599609375,156,238,71.21,69.37
2025-07-11,65.6,6259.75,337,138,64.87,65.91
2025-07-14,84.4,6268.56005859375,188,229,65.98,66.42
2025-07-15,46.9,6243.759765625,385,127,52.95,59.43
2025-07-16,71.9,6263.7001953125,113,294,57.65,61.88
2025-07-17,81.2,6297.35986328125,104,313,62.77,64.75
2025-07-18,68.8,6296.7900390625,245,171,57.51,62.51
2025-07-21,68.8,6305.60009765625,205,241,56.31,61.71
2025-07-22,96.9,6309.6201171875,137,377,63.05,66.03
2025-07-23,96.9,6358.91015625,101,428,69.62,70.32
2025-07-24,65.6,6363.35009765625,384,131,60.06,65.9
2025-07-25,84.4,6388.64013671875,228,151,59.23,65.1
2025-07-28,75.0,6389.77001953125,260,158,54.09,62.57
2025-07-29,53.1,6370.85986328125,501,110,46.61,58.61
2025-07-30,56.2,6362.89990234375,362,142,36.89,52.81
2025-07-31,46.9,6339.39013671875,368,139,31.18,48.37
2025-08-01,40.6,6238.009765625,530,110,23.76,39.77
2025-08-04,68.8,6329.93994140625,91,509,33.49,47.22
2025-08-05,65.6,6299.18994140625,200,241,35.47,48.9
2025-08-06,56.2,6345.06005859375,313,199,35.46,46.98
2025-08-07,53.1,6340.0,330,239,35.38,44.85
2025-08-08,75.0,6389.4501953125,256,259,36.65,45.78
2025-08-11,59.4,6373.4501953125,252,202,35.87,44.7
2025-08-12,75.0,6445.759765625,136,610,47.63,51.86
2025-08-13,93.8,6466.580078125,134,515,55.53,57.28
2025-08-14,71.9,6468.5400390625,300,158,51.68,54.49
2025-08-15,65.6,6449.7998046875,211,183,48.91,52.55
2025-08-18,75.0,6449.14990234375,174,271,52.17,53.74
2025-08-19,43.8,6411.3701171875,483,73,49.29,51.33
2025-08-20,62.5,6395.77978515625,204,151,49.85,50.44
2025-08-21,71.9,6370.169921875,146,220,52.33,50.77
2025-08-22,96.9,6466.91015625,47,970,69.37,62.13
2025-08-25,75.0,6439.31982421875,243,183,66.39,58.92
2025-08-26,90.6,6465.93994140625,125,228,67.89,59.52
2025-08-27,87.5,6481.39990234375,154,167,69.53,60.83
2025-08-28,78.1,6501.85986328125,139,182,69.25,60.92
2025-08-29,75.0,6460.259765625,222,141,66.92,59.68
2025-09-02,68.8,6415.5400390625,257,170,59.69,56.2
2025-09-03,68.8,6448.259765625,212,179,57.91,55.98
2025-09-04,71.9,6502.080078125,247,208,60.47,56.65
2025-09-05,75.0,6481.5,162,273,61.24,58.07
2025-09-08,68.8,6495.14990234375,222,263,60.87,57.85
2025-09-09,78.1,6512.60986328125,161,296,57.16,57.2
2025-09-10,75.0,6532.0400390625,237,263,54.22,56.25
2025-09-11,96.9,6587.47021484375,104,434,66.09,61.84
2025-09-12,75.0,6584.2900390625,238,190,58.01,59.06
2025-09-15,75.0,6615.27978515625,223,252,55.84,58.48
2025-09-16,78.1,6606.759765625,181,233,54.22,57.41
2025-09-17,71.9,6600.35009765625,203,153,51.18,57.09
2025-09-18,96.9,6631.9599609375,113,468,61.91,62.05
2025-09-19,75.0,6664.35986328125,289,231,53.78,59.62
2025-09-22,87.5,6693.75,184,339,55.61,59.81
2025-09-23,71.9,6656.919921875,285,149,52.5,59.3
2025-09-24,78.1,6637.97021484375,207,242,50.47,57.64
2025-09-25,50.0,6604.72021484375,378,115,43.65,54.25
2025-09-26,68.8,6643.7001953125,169,240,49.04,57.14
2025-09-29,65.6,6661.2099609375,191,241,47.07,55.64
2025-09-30,65.6,6688.4599609375,237,155,45.43,55.55
2025-10-01,65.6,6711.2001953125,165,305,46.62,55.47
2025-10-02,81.2,6715.35009765625,133,271,48.03,54.96
2025-10-03,84.4,6715.7900390625,146,284,51.57,58.2
2025-10-06,81.2,6740.27978515625,178,308,51.24,57.52
2025-10-07,50.0,6714.58984375,339,136,46.12,53.91
2025-10-08,87.5,6753.72021484375,110,375,49.59,56.65
2025-10-09,65.6,6735.10986328125,256,194,43.82,52.4
2025-10-10,34.4,6552.509765625,1045,55,29.19,39.17
2025-10-13,71.9,6654.72021484375,132,519,36.07,44.14
2025-10-14,75.0,6644.31005859375,126,373,44.5,48.9
2025-10-15,75.0,6671.06005859375,202,337,45.15,49.23
2025-10-16,53.1,6629.06982421875,685,110,37.61,42.72
2025-10-17,56.2,6664.009765625,388,117,36.19,41.59
2025-10-20,71.9,6735.1298828125,118,489,46.08,46.94
2025-10-21,59.4,6735.35009765625,319,183,47.19,47.91
2025-10-22,56.2,6699.39990234375,498,99,41.19,44.64
2025-10-23,71.9,6738.43994140625,118,395,47.59,47.16
2025-10-24,84.4,6791.68994140625,113,308,53.99,50.65
2025-10-27,71.9,6875.16015625,255,238,53.72,50.02
2025-10-28,62.5,6890.89013671875,279,151,47.61,46.68
2025-10-29,56.2,6890.58984375,463,168,38.38,41.03
2025-10-30,40.6,6822.33984375,410,164,34.85,38.27
2025-10-31,65.6,6840.2001953125,170,292,37.93,40.3
2025-11-03,43.8,6851.97021484375,437,158,37.01,37.69
2025-11-04,34.4,6771.5498046875,726,98,30.88,32.82
2025-11-05,62.5,6796.2900390625,187,401,37.86,36.32
2025-11-06,34.4,6720.31982421875,609,162,32.37,33.23
2025-11-07,59.4,6728.7998046875,281,302,35.77,35.45
2025-11-10,65.6,6832.43017578125,182,408,39.94,38.33
2025-11-11,65.6,6846.60986328125,254,283,43.22,39.93
2025-11-12,62.5,6850.919921875,210,232,44.81,41.27
2025-11-13,34.4,6737.490234375,733,82,37.46,35.74
2025-11-14,46.9,6734.10986328125,274,190,36.53,34.7
2025-11-17,21.9,6672.41015625,618,142,27.23,29.74
2025-11-18,34.4,6617.31982421875,199,222,28.46,30.64
2025-11-19,25.0,6642.16015625,349,134,27.91,29.51
2025-11-20,18.8,6538.759765625,605,84,23.37,26.19
2025-11-21,40.6,6602.990234375,142,635,36.83,33.19
2025-11-24,53.1,6705.1201171875,126,544,40.76,35.73
2025-11-25,81.2,6765.8798828125,119,467,51.76,42.43
2025-11-26,81.2,6812.60986328125,101,370,56.73,44.76
2025-11-28,84.4,6849.08984375,76,298,62.89,47.12
2025-12-01,46.9,6812.6298828125,534,123,57.12,44.59
2025-12-02,62.5,6829.3701171875,276,167,54.99,43.59
2025-12-03,90.6,6849.72021484375,115,553,63.45,48.11
2025-12-04,87.5,6857.1201171875,120,390,66.07,49.61
2025-12-05,68.8,6870.39990234375,297,166,61.77,48.29
2025-12-08,68.8,6846.509765625,247,243,59.39,46.48
2025-12-09,71.9,6840.509765625,162,316,61.68,47.28
2025-12-10,87.5,6886.68017578125,199,340,66.7,51.81
2025-12-11,81.2,6901.0,202,282,68.81,54.71
2025-12-12,50.0,6827.41015625,487,112,63.94,52.68
2025-12-15,43.8,6816.509765625,570,103,57.95,50.32
2025-12-16,50.0,6800.259765625,245,198,54.92,48.92
2025-12-17,34.4,6721.43017578125,433,121,49.89,46.95
2025-12-18,50.0,6774.759765625,182,267,50.66,48.17
2025-12-19,68.8,6834.5,182,344,51.31,49.08
2025-12-22,71.9,6878.490234375,194,316,52.46,50.97
2025-12-23,43.8,6909.7900390625,320,120,47.89,49.56
2025-12-24,75.0,6932.0498046875,90,162,50.34,51.29
2025-12-26,59.4,6929.93994140625,232,113,48.99,51.86
2025-12-29,34.4,6905.740234375,415,106,44.74,49.91
2025-12-30,46.9,6896.240234375,221,137,41.4,49.2
2025-12-31,40.6,6845.5,208,144,34.6,46.65
2026-01-02,59.4,6858.47021484375,203,506,39.56,47.75
2026-01-05,68.8,6902.0498046875,173,541,49.77,52.39
2026-01-06,84.4,6944.81982421875,179,407,55.3,54.62
2026-01-07,62.5,6920.93017578125,261,276,51.42,53.75
2026-01-08,81.2,6921.4599609375,225,379,60.81,57.7
2026-01-09,75.0,6966.27978515625,209,244,59.07,58.3
2026-01-12,81.2,6977.27001953125,211,344,60.93,59.69
2026-01-13,65.6,6963.740234375,293,212,59.14,58.18
2026-01-14,78.1,6926.60009765625,192,271,62.85,61.15
2026-01-15,71.9,6944.47021484375,258,251,66.1,62.14
2026-01-16,68.8,6940.009765625,246,212,63.52,61.75
2026-01-20,43.8,6796.85986328125,533,180,54.56,56.22
2026-01-21,84.4,6875.6201171875,163,550,61.96,60.93
2026-01-22,90.6,6913.35009765625,130,428,66.3,63.23
2026-01-23,71.9,6915.60986328125,294,188,60.66,60.2
2026-01-26,56.2,6950.22998046875,376,132,58.27,59.61
2026-01-27,78.1,6978.60009765625,190,319,56.64,59.42
2026-01-28,46.9,6978.02978515625,364,152,48.61,56.39
2026-01-29,46.9,6969.009765625,434,175,49.61,56.08
2026-01-30,40.6,6939.02978515625,526,142,43.6,52.85
2026-02-02,53.1,6976.43994140625,268,289,46.08,53.99
2026-02-03,46.9,6917.81005859375,463,289,46.68,52.69
2026-02-04,43.8,6882.72021484375,515,251,45.91,52.34
2026-02-05,21.9,6798.39990234375,916,87,38.82,47.39
2026-02-06,65.6,6932.2998046875,92,971,46.84,53.05
2026-02-09,65.6,6964.81982421875,208,374,48.51,53.24
2026-02-10,53.1,6941.81005859375,245,214,49.95,53.2
2026-02-11,50.0,6941.47021484375,456,198,46.74,51.47
2026-02-12,31.2,6832.759765625,725,100,39.64,47.2
2026-02-13,56.2,6836.169921875,147,385,42.76,48.43
2026-02-17,37.5,6843.22021484375,326,218,43.44,48.65
2026-02-18,56.2,6881.31005859375,150,310,46.45,50.09
2026-02-19,56.2,6861.89013671875,212,289,46.75,50.03
2026-02-20,75.0,6909.509765625,286,178,48.5,50.28
2026-02-23,34.4,6837.75,661,139,39.93,45.17
2026-02-24,65.6,6890.06982421875,134,413,44.18,47.19
2026-02-25,65.6,6946.1298828125,163,399,48.53,49.23
2026-02-26,78.1,6908.85986328125,230,369,51.29,51.47
2026-02-27,37.5,6878.8798828125,525,176,45.8,46.42
2026-03-02,62.5,6881.6201171875,258,320,46.77,47.58
2026-03-03,31.2,6816.6298828125,596,133,38.4,42.55
2026-03-04,53.1,6869.5,117,469,44.37,44.99
2026-03-05,34.4,6830.7099609375,484,179,38.19,39.41
2026-03-06,25.0,6740.02001953125,477,160,32.54,34.91
2026-03-09,46.9,6795.990234375,208,341,34.74,35.86
2026-03-10,40.6,6781.47998046875,253,262,34.81,36.1
2026-03-11,40.6,6775.7998046875,230,238,33.79,34.9
2026-03-12,18.8,6672.6201171875,648,140,28.18,29.82
2026-03-13,25.0,6632.18994140625,359,133,25.71,28.28
2026-03-16,43.8,6699.3798828125,34,175,24.77,32.18
2026-03-17,40.6,6716.08984375,38,145,29.08,33.9
2026-03-18,40.6,6624.7001953125,249,44,22.4,28.22
2026-03-19,50.0,6606.490234375,108,100,24.82,28.69
2026-03-20,21.9,6506.47998046875,366,15,16.09,22.06
2026-03-23,53.1,6581.0,43,445,26.5,27.67
2026-03-24,43.8,6556.3701171875,166,165,29.96,29.44
2026-03-25,68.8,6591.89990234375,37,205,36.79,32.25
2026-03-26,31.2,6477.16015625,319,52,32.98,28.51
2026-03-27,34.4,6368.85009765625,334,55,23.44,24.21
2026-03-30,37.5,6343.72021484375,245,35,25.39,24.05
2026-03-31,68.8,6528.52001953125,21,800,46.03,30.75
2026-04-01,65.6,6575.31982421875,85,168,54.96,34.59
2026-04-02,78.1,6582.68994140625,42,138,60.34,36.75
2026-04-06,78.1,6611.830078125,56,101,65.29,40.31
2026-04-07,59.4,6616.85009765625,72,61,50.1,31.39
2026-04-08,87.5,6782.81005859375,80,732,79.39,54.64
2026-04-09,81.2,6824.66015625,160,124,77.23,56.26
2026-04-10,65.6,6816.89013671875,132,76,74.02,54.43
2026-04-13,93.8,6886.240234375,23,347,79.24,59.75
2026-04-14,87.5,6967.3798828125,71,217,80.8,62.93
2026-04-15,87.5,7022.9501953125,73,249,81.81,63.39
2026-04-16,87.5,7041.27978515625,57,161,82.42,64.61
2026-04-17,93.8,7126.06005859375,99,413,85.39,72.19
2026-04-20,87.5,7109.14013671875,54,132,83.76,72.63
2026-04-21,65.6,7064.009765625,237,86,77.62,67.61
2026-04-22,87.5,7137.89990234375,76,187,75.54,66.93
2026-04-23,65.6,7108.39990234375,353,90,70.42,64.46
2026-04-24,75.0,7165.080078125,91,153,68.75,64.12
2026-04-27,71.9,7173.91015625,90,85,66.65,63.99
2026-04-28,65.6,7138.7998046875,215,68,63.08,62.84
2026-04-29,65.6,7135.9501953125,236,132,50.77,58.31
2026-04-30,96.9,7209.009765625,64,432,62.01,65.38
2026-05-01,81.2,7230.1201171875,85,176,60.11,64.98
2026-05-04,75.0,7200.75,191,119,50.76,61.77
2026-05-05,87.5,7259.22021484375,87,275,55.44,64.23
2026-05-06,90.6,7365.1201171875,189,468,62.61,67.82
2026-05-07,68.8,7337.10986328125,329,185,54.86,64.85
2026-05-08,87.5,7398.93017578125,147,230,54.02,64.55
2026-05-11,71.9,7412.83984375,261,208,48.67,61.22
2026-05-12,68.8,7400.9599609375,192,97,46.59,59.91
2026-05-13,62.5,7444.25,210,161,44.41,55.91
2026-05-14,68.8,7501.240234375,128,175,44.91,57.78
2026-05-15,50.0,7408.5,425,74,36.14,51.49
2026-05-18,65.6,7403.0498046875,226,183,40.49,55.08
2026-05-19,62.5,7353.60986328125,212,49,35.03,51.38
2026-05-20,75.0,7432.97021484375,29,451,46.83,58.46
2026-05-21,75.0,7445.72021484375,67,180,51.04,59.44
2026-05-22,87.5,7473.47021484375,58,172,54.43,60.8
2026-05-26,96.9,7519.1201171875,78,332,60.07,62.53
2026-05-27,78.1,7520.35986328125,129,162,57.42,61.67
2026-05-28,84.4,7563.6298828125,67,238,58.14,62.11
2026-05-29,75.0,7580.06005859375,116,185,55.38,60.58
2026-06-01,81.2,7599.9599609375,183,325,51.26,57.9
2026-06-02,81.2,7609.77978515625,245,218,55.13,58.24
2026-06-03,62.5,7553.68017578125,391,81,45.41,52.67
2026-06-04,81.2,7584.31005859375,67,261,57.73,57.93
2026-06-05,53.1,7383.740234375,636,41,49.04,52.33
2026-06-08,53.1,7405.72998046875,230,295,44.19,46.85
2026-06-09,71.9,7386.64990234375,173,250,55.97,55.38
2026-06-10,53.1,7266.990234375,350,87,50.06,51.54
2026-06-11,81.2,7394.2998046875,36,705,59.95,56.8
2026-06-12,90.6,7431.4599609375,77,165,65.71,60.98
2026-06-15,93.8,7554.2900390625,120,302,65.66,60.93
2026-06-16,78.1,7511.35009765625,204,68,63.63,60.49
2026-06-17,71.9,7420.10009765625,265,112,50.41,53.48
2026-06-18,90.6,7500.580078125,103,333,54.71,56.34
2026-06-22,75.0,7472.7900390625,205,161,53.69,55.06
2026-06-23,59.4,7365.4599609375,308,114,54.16,56.56
2026-06-24,65.6,7358.22021484375,221,267,57.72,58.64
2026-06-25,75.0,7357.490234375,156,216,58.42,59.54
2026-06-26,84.4,7354.02001953125,241,648,53.37,52.87
2026-06-29,87.5,7440.43017578125,235,400,55.7,53.77
2026-06-30,75.0,7499.35986328125,240,321,56.8,53.23
2026-07-01,84.4,7483.22998046875,305,428,59.23,54.27
2026-07-02,68.8,7483.240234375,439,293,56.73,52.4
2026-07-06,87.5,7537.43017578125,212,319,60.27,55.5
2026-07-07,46.9,7503.85009765625,579,159,55.37,53.23
2026-07-08,50.0,7482.7099609375,366,194,48.17,51.07
2026-07-09,75.0,7543.64013671875,152,360,51.73,52.0
2026-07-10,62.5,7575.39013671875,257,169,49.37,49.8
2026-07-13,40.6,7515.33984375,530,160,49.97,51.33
2026-07-14,56.2,7543.58984375,228,248,42.5,43.67
2026-07-15,65.6,7572.39990234375,229,245,51.02,52.23
2026-07-16,50.0,7533.77001953125,527,237,52.35,52.96
2026-07-17,46.9,7457.68994140625,266,155,47.73,51.12
2026-07-20,40.6,7443.27978515625,322,155,43.11,48.66
2026-07-21,59.4,7509.2001953125,153,484,47.08,50.34
2026-07-22,46.9,7498.9599609375,315,174,42.2,50.0
2026-07-23,34.4,7408.2998046875,387,139,36.99,46.73
2026-07-24,28.1,7411.97998046875,451,175,38.62,46.95
2026-07-27,50.0,7413.18017578125,228,428,44.13,49.33
2026-07-28,34.4,7428.77978515625,389,311,44.97,48.7
2026-07-29,31.2,7316.14990234375,637,149,39.57,45.5
2026-07-30,53.1,7437.6298828125,247,653,41.9,47.27
2026-07-31,53.1,7489.72021484375,288,231,40.7,46.03
2026-08-03,75.0,7600.5,130,597,51.9,51.1
2026-08-04,87.5,7736.52001953125,144,636,59.43,53.6
2026-08-05,75.0,7723.5498046875,289,264,57.87,53.8
2026-08-06,68.8,7709.9599609375,299,289,57.07,52.33
2026-08-07,84.4,7757.64013671875,364,956,60.77,54.8
2026-08-10,59.4,7753.10986328125,647,548,51.09,47.69
2026-08-11,78.1,7728.2001953125,417,530,58.04,53.62
2026-08-12,81.2,7748.5,466,527,60.23,54.67
2026-08-13,81.2,7798.990234375,425,617,61.04,54.75
2026-08-14,78.1,7785.759765625,434,511,63.29,57.46
2026-08-17,59.4,7745.06005859375,676,349,56.24,54.08
2026-08-18,50.0,7691.759765625,812,320,49.49,47.84
