report_date,open_interest_all,asset_mgr_positions_long,asset_mgr_positions_short,lev_money_positions_long,lev_money_positions_short,dealer_positions_long_all,dealer_positions_short_all
2006-08-29,43376,18000,0,17104,9928,858,28584
2006-09-05,45702,17150,0,17252,9966,2274,29717
2006-09-12,46956,18202,0,17228,9784,2474,30403
2006-09-19,49654,18504,0,17767,10223,2539,31064
2006-09-26,53755,23555,0,17042,11300,2447,34048
2006-10-03,55929,23700,0,17811,11764,2442,34404
2006-10-10,57977,19800,0,17665,11495,2503,31891
2006-10-17,54409,17674,0,17233,10697,2581,30315
2006-10-24,50271,17900,0,17472,10814,2601,29650
2006-10-31,47115,11788,0,18806,9324,2726,26486
2006-11-07,45390,6767,0,20050,9040,2654,25499
2006-11-14,49627,7910,0,21290,10503,2914,25112
2006-11-21,34767,7300,0,16462,12289,2225,14767
2006-11-28,37441,7300,0,16610,12584,2275,15873
2006-12-05,39246,7108,0,17027,13275,2234,16398
2006-12-12,40895,6031,0,17906,12981,2055,17198
2006-12-19,36684,1807,0,19254,10848,1257,14499
2007-01-03,34191,1161,0,18752,10559,1957,15189
2007-01-09,34130,1313,0,19307,10589,1771,15555
2007-01-16,38528,1398,0,18909,10212,1416,16345
2007-01-23,35584,1700,0,18177,9540,1454,15646
2007-01-30,34944,1700,0,18541,8855,1431,14758
2007-02-06,39150,1957,0,19663,9672,2446,17704
2007-02-13,39866,1328,0,21600,8523,1397,18132
2007-02-20,32486,1784,0,18839,8206,1150,15692
2007-02-27,36116,1984,150,19432,7900,768,16532
2007-03-06,38748,1399,0,19102,5416,612,17653
2007-03-13,37055,1520,0,19821,5976,837,18513
2007-03-20,45055,8975,0,19702,8956,864,22942
2007-03-27,41374,9005,0,19536,9973,801,21490
2007-04-03,42319,9005,0,19387,9685,740,22332
2007-04-10,45726,8605,0,19078,10182,358,20513
2007-04-17,46313,2015,0,19520,9827,1066,15469
2007-04-24,37795,1845,0,19385,9858,200,14482
2007-05-01,41002,1897,0,19729,10646,1077,15507
2007-05-08,48453,1915,0,19839,10998,1291,16559
2007-05-15,55705,2079,0,19944,11201,2046,18157
2007-05-22,51613,1850,0,18141,11561,2044,16025
2007-05-29,42577,1885,0,19682,11345,2307,17666
2007-06-05,42818,1867,0,22297,11869,2497,19593
2007-06-12,48002,1745,0,24478,13309,2269,20112
2007-06-19,49534,2921,0,23478,12666,2167,20056
2007-06-26,49542,1961,0,23623,12231,1196,18653
2007-07-03,49924,1961,0,25070,14160,1665,17641
2007-07-10,55619,2066,0,26436,15466,1887,17837
2007-07-17,61073,2297,0,27416,17345,5608,20110
2007-07-24,63478,1937,0,32729,18133,1887,20511
2007-07-31,70351,1925,226,32787,19887,5721,20809
2007-08-07,81959,1933,226,30807,18378,15154,27557
2007-08-14,84569,1450,0,32573,18604,16743,29337
2007-08-21,84509,869,0,37186,18487,10702,28745
2007-08-28,62933,791,0,30253,15195,4044,20284
2007-09-04,64514,1029,0,30001,15485,5947,21312
2007-09-11,69634,1029,0,30760,16484,7177,21861
2007-09-18,71878,1029,0,30604,14244,6930,23079
2007-09-25,68704,1023,0,32781,13028,7758,30276
2007-10-02,76269,1022,0,35719,13047,9599,36041
2007-10-09,79984,1079,0,37155,14611,10615,37630
2007-10-16,86208,1079,0,37088,14626,10029,36658
2007-10-23,73597,1279,0,35507,14645,4116,30818
2007-10-30,73898,1279,206,36699,14594,3977,31541
2007-11-06,77811,1279,0,36559,15364,10626,36933
2007-11-13,81912,1279,0,36012,16076,16536,38883
2007-11-20,91566,1279,760,37019,18396,17043,37978
2007-11-27,58570,901,760,30506,15213,5804,22844
2007-12-04,59689,901,380,31006,15847,5369,23430
2007-12-11,62050,901,0,32080,14049,2214,23460
2007-12-18,65878,1107,0,31608,15917,3011,22019
2008-01-08,59757,969,0,31392,13403,499,20733
2008-01-15,59909,979,261,33530,15797,499,20954
2008-01-22,56108,991,225,27257,13397,499,15959
2008-01-29,54014,991,200,27707,13794,648,16064
2008-02-05,55094,1059,200,27699,14050,702,15611
2008-02-12,57103,1009,200,26721,14026,700,14146
2008-02-19,58991,999,209,26699,13838,982,16381
2008-02-26,48843,999,209,19666,11479,3343,15851
2008-03-04,49905,999,794,19402,11692,3533,15563
2008-03-11,52793,1211,794,18497,11790,3772,14037
2008-03-18,49633,1211,805,16582,12543,3469,9948
2008-03-25,46115,701,419,13272,11720,7007,12735
2008-04-01,47723,701,209,15122,11022,6730,16595
2008-04-08,50971,1337,209,19251,8993,996,19255
2008-04-15,52640,701,0,21773,9145,1015,21754
2008-04-22,47935,701,0,20902,9585,545,19759
2008-04-29,53865,1006,0,23239,9796,1270,22474
2008-05-06,60219,305,701,23538,10914,1336,25901
2008-05-13,67185,1006,0,25226,11205,1428,25982
2008-05-20,75183,1006,0,27818,14285,1747,26739
2008-05-27,56256,1041,0,19347,13138,1251,16463
2008-06-03,56668,1038,0,18786,12716,1512,17203
2008-06-10,57096,1041,0,17636,11011,1533,16229
2008-06-17,59314,1041,836,18655,7981,1283,17066
2008-06-24,45173,1041,607,14821,6072,3917,16839
2008-07-01,48230,1041,578,16535,4882,3610,19867
2008-07-08,48336,1041,710,17874,4404,3189,20765
2008-07-15,52415,1041,249,18387,4826,3202,19840
2008-07-22,40773,705,76,15804,4561,1892,16599
2008-07-29,43562,705,261,16428,5212,936,16115
2008-08-05,47192,705,0,17392,5580,1139,18291
2008-08-12,47016,705,0,14163,6037,3080,16983
2008-08-19,50691,1004,0,14013,7039,2406,21445
2008-08-26,50925,1368,0,23304,7371,2306,24729
2008-09-02,51963,1422,0,23746,7422,2395,25815
2008-09-09,53298,2393,0,23425,3284,1911,29612
2008-09-16,58815,1746,0,18007,3585,4787,21668
2008-09-23,46664,941,0,6354,4825,21415,25057
2008-09-30,46927,655,0,3714,9903,23320,14081
2008-10-07,50194,795,0,4720,10135,24098,15053
2008-10-14,53676,692,934,8355,10908,23016,14358
2008-10-21,57640,717,1538,7572,10653,27636,18187
2008-10-28,43740,647,1195,2469,8095,27642,18597
2008-11-04,43723,200,1826,1976,8152,28858,18553
2008-11-11,44573,200,1826,1441,7806,30428,20639
2008-11-18,49611,332,1034,1997,8062,33689,24341
2008-12-16,21417,0,1020,567,6193,2928,2887
2009-06-02,21309,200,0,3591,3211,5241,10309
2009-06-09,22457,0,0,4649,2474,5889,11283
2009-06-16,24576,0,0,4446,3003,5617,11998
2009-06-30,27016,706,0,4389,4721,8379,13863
2009-07-07,28919,286,0,4771,4328,9579,14701
2009-07-14,32894,1727,0,4471,5388,10918,16662
2009-07-21,38439,2799,0,4817,6173,14462,21150
2009-07-28,36267,2548,0,3584,6349,13742,17414
2009-08-04,38410,2728,0,3229,6494,15953,19430
2009-08-11,40955,3266,0,2326,7722,18501,20470
2009-08-18,41567,1797,0,2542,8495,21507,20634
2009-08-25,37995,777,0,1612,9525,21242,18323
2009-09-01,42255,1134,0,2142,10018,23878,20310
2009-09-08,47153,797,0,2390,10752,25175,21344
2009-09-15,54366,755,4343,3352,10717,26868,19049
2009-09-22,46867,1130,4343,2367,8109,25887,20217
2009-09-29,43154,885,4343,2313,7570,25190,18012
2009-10-06,48581,1122,4343,1712,10289,26874,17979
2009-10-13,58269,1964,4343,2000,13377,32249,24010
2009-10-20,58861,821,0,1512,16448,31502,24300
2009-10-27,50369,858,0,1664,11103,25779,21950
2009-11-03,55936,857,350,1529,6283,28014,25405
2009-11-09,59863,842,0,1711,9977,27250,21782
2009-11-17,64048,337,0,2684,8717,27453,23109
2009-11-24,57676,644,0,3584,8750,27216,24558
2009-12-01,61905,1301,0,3545,10129,27886,23725
2009-12-08,62017,1290,4765,3302,10065,28903,20192
2009-12-15,62312,971,4765,3274,11034,26274,17851
2009-12-22,53120,985,4765,1623,12755,29163,18108
2009-12-29,52718,985,4765,1341,11366,28834,19121
2010-01-05,61257,1099,3118,398,12852,33964,26038
2010-01-12,63142,1126,0,1318,12844,33987,28084
2010-01-19,63463,1294,0,2015,15454,31458,23901
2010-01-26,47810,918,108,1912,8663,22839,20120
2010-02-02,47960,0,0,1794,11794,20196,13672
2010-02-09,48999,0,0,4744,7467,13336,13213
2010-02-16,46713,0,0,4541,7037,13753,13359
2010-02-23,43207,0,0,3884,11338,15891,13820
2010-03-02,46394,0,0,5513,13750,17455,15777
2010-03-09,60569,1080,254,8627,16686,17605,17142
2010-03-16,77309,1820,254,9624,16999,25102,26929
2010-03-23,57147,1320,254,2820,19283,34521,26787
2010-03-30,61874,1320,273,2878,20042,33735,23914
2010-04-06,67613,1320,285,2866,21679,36019,23641
2010-04-13,69127,1320,290,4528,22303,32780,24449
2010-04-20,79909,1320,222,4735,21426,34915,23274
2010-04-27,68834,1100,217,1015,21508,36366,15179
2010-05-04,75048,700,0,4486,24556,35918,14606
2010-05-11,87814,419,0,12709,20613,30568,19802
2010-05-18,96971,455,260,14923,22106,30222,21082
2010-05-25,77090,273,0,8321,17886,28903,14968
2010-06-01,82619,0,0,6217,17732,32034,15997
2010-06-08,86728,0,0,4884,18250,35884,18130
2010-06-15,90375,0,0,3234,20371,42228,21234
2010-06-22,70890,200,0,259,20307,48368,24645
2010-06-29,75447,200,0,305,22239,51379,25153
2010-07-06,76674,200,0,417,22668,51977,25322
2010-07-13,86615,200,3050,2038,27946,60239,28176
2010-07-20,96183,200,1993,2068,32759,65457,29620
2010-07-27,84826,200,0,1185,29088,56893,28337
2010-08-03,93493,916,0,0,31085,63018,31238
2010-08-10,100370,1008,0,0,33035,67678,32743
2010-08-17,105469,1008,0,15,34754,70238,30672
2010-08-24,95220,1011,5,0,33115,66950,32575
2010-08-31,99473,1431,74,0,31568,70656,37679
2010-09-07,109296,641,106,892,34449,74627,45612
2010-09-14,125941,764,115,1231,39533,79493,41423
2010-09-21,112535,1075,148,478,37733,77809,39376
2010-09-28,114567,671,375,536,38570,82474,38108
2010-10-05,114994,671,190,925,37811,81675,39525
2010-10-12,129842,671,675,218,43452,87877,41330
2010-10-19,134936,671,686,2051,40059,86213,44803
2010-10-26,128289,480,733,1020,31792,79586,45173
2010-11-02,144288,2131,440,1382,32947,77068,45933
2010-11-09,147291,2164,627,1699,32606,70649,39906
2010-11-16,167743,3537,442,2572,33598,77065,49352
2010-11-23,149160,1265,863,1908,41941,74435,31225
2010-11-30,147299,4725,456,1394,42261,65549,25448
2010-12-07,149231,5125,363,893,43684,65746,25167
2010-12-14,151503,6859,222,1807,40154,59490,29847
2010-12-21,155998,4881,261,3021,40352,56506,24427
2010-12-28,141787,213,480,1608,35639,65368,29366
2011-01-04,149085,2051,514,1337,37758,71847,35316
2011-01-11,148913,3223,555,3373,38688,64994,33100
2011-01-18,174006,3208,1301,6186,43865,69121,34356
2011-01-25,151215,3208,986,4318,30968,67771,43885
2011-02-01,167409,1888,1082,6423,31093,67691,47114
2011-02-08,179950,5918,1963,12293,35390,66769,48665
2011-02-15,178591,6479,1862,12263,33498,60903,45738
2011-02-22,162568,5358,2090,6464,25984,58607,39038
2011-03-01,160389,5376,2358,11264,26824,58727,43164
2011-03-08,181031,5724,2358,11715,29380,70989,55680
2011-03-15,194201,6299,4834,10450,28475,69537,55479
2011-03-22,170219,8087,602,7704,15449,56756,57127
2011-03-29,184059,8398,1546,13797,23808,64812,66923
2011-04-05,181288,9692,1947,16356,30657,58234,59259
2011-04-12,188985,10811,2368,16777,33443,57685,55408
2011-04-19,214920,11300,2305,19200,37889,73097,69334
2011-04-26,193067,11044,2609,14836,39927,69819,62874
2011-05-03,215008,11697,2813,12702,41647,69064,64343
2011-05-10,228037,14048,2809,11819,38629,71656,71235
2011-05-17,244146,14688,2600,13344,38557,69307,69389
2011-05-24,235635,13528,2748,12081,36679,80002,72963
2011-05-31,242356,17430,3014,10695,39818,79194,71096
2011-06-07,244662,16417,3160,12025,34627,81680,77914
2011-06-14,248976,10469,2609,13494,36728,89220,80236
2011-06-21,215571,9151,2056,8022,25617,74536,74084
2011-06-28,212119,10111,2042,8136,27534,78176,74548
2011-07-05,212295,13231,3029,14648,48203,71265,56208
2011-07-12,230043,8579,3007,10167,49003,81409,56919
2011-07-19,227512,7260,1622,10635,28737,63342,60990
2011-07-26,220533,6621,1360,8029,24151,57021,53996
2011-08-02,213494,7146,1414,12756,24518,39293,51890
2011-08-09,199055,4636,2638,22487,24068,26415,45601
2011-08-16,199173,5003,4177,17625,11514,24068,52802
2011-08-23,166998,4707,1586,23681,17845,35072,58270
2011-08-30,162292,4932,1086,22888,17783,38633,57251
2011-09-06,166198,4741,766,22043,20441,39730,53363
2011-09-13,165892,4367,743,17531,23062,44469,43491
2011-09-20,178964,4399,638,20734,17136,40525,49312
2011-09-27,149240,4115,652,15100,12859,30543,40091
2011-10-04,146895,4507,1806,17948,12286,27505,34589
2011-10-11,154210,4140,1084,18879,18722,37641,40923
2011-10-18,148583,4016,834,18870,20555,35976,36634
2011-10-25,133700,4446,834,11704,11198,35286,41366
2011-11-01,146654,5856,905,11060,14204,37187,40388
2011-11-08,138086,8294,520,10161,10772,42406,50647
2011-11-15,147703,9001,515,10576,14161,38622,45317
2011-11-22,133931,8611,500,13363,11745,37738,49856
2011-11-29,138609,7857,500,13917,10801,38062,50681
2011-12-06,148494,9014,776,14380,19107,38832,47137
2011-12-13,150430,10426,860,11258,19073,39151,42854
2011-12-20,156992,9138,1238,15715,24770,38801,37633
2011-12-27,127438,8428,1419,9521,22442,32402,25648
2012-01-03,128268,8472,1508,9779,24961,34158,24189
2012-01-10,144035,9229,1712,11868,33669,49544,36604
2012-01-17,154301,8643,2128,8660,34586,50658,32503
2012-01-24,151622,9515,1991,12006,45143,60049,33697
2012-01-31,171354,11592,2415,8474,49752,61568,27293
2012-02-07,191134,12994,2844,9803,59142,72794,30731
2012-02-14,209554,13228,2105,7812,67498,94820,43192
2012-02-21,204578,16086,1983,11891,71221,105180,51259
2012-02-28,236528,27283,4724,10482,85847,124908,57423
2012-03-06,271074,31158,5002,6466,96768,144462,63189
2012-03-13,308953,39234,5522,9968,104097,147154,64098
2012-03-20,363883,44295,8322,7325,118684,175665,74767
2012-03-27,304339,31332,6341,6991,101330,154422,64041
2012-04-03,310512,35388,5899,6368,96683,143526,61232
2012-04-10,322529,37677,4521,2569,100848,148479,66984
2012-04-17,340437,38362,3679,5095,102910,139222,59960
2012-04-24,300629,35515,3707,7409,106794,141324,57371
2012-05-01,318793,41226,5244,10149,118469,147405,58775
2012-05-08,326785,38619,4266,6988,109962,143868,62185
2012-05-15,326566,36675,3964,6651,106805,137384,58557
2012-05-22,287635,34151,3796,11239,98019,124558,61977
2012-05-29,272588,33946,3350,17083,87548,105595,53188
2012-06-05,277015,25671,4142,18458,82735,114695,54134
2012-06-12,307504,35998,3918,16834,91473,122767,57416
2012-06-19,343374,43602,5489,25035,107323,122283,54879
2012-06-26,309767,40113,6296,23664,104312,132479,56365
2012-07-03,334634,42930,7644,24404,108283,132525,51606
2012-07-10,334343,42288,8496,23934,111806,127820,47334
2012-07-17,350768,39844,8719,29119,117503,124268,37972
2012-07-24,324056,40138,8376,18789,121314,127515,34917
2012-07-31,312880,41178,8050,20973,114871,121200,35157
2012-08-07,335902,41274,8864,34087,118228,115656,32097
2012-08-14,364829,42168,9860,32358,129574,129946,33637
2012-08-21,403608,46157,10548,34091,136665,131729,33476
2012-08-28,359935,44586,11509,21331,140609,141208,28492
2012-09-04,367377,42529,11377,20619,141433,140237,27766
2012-09-11,406958,41869,13156,25097,149368,144579,29175
2012-09-18,431265,33258,13006,31626,152016,139067,22895
2012-09-25,393602,39038,12181,29518,155653,143289,28004
2012-10-02,390364,38104,12724,24936,148378,143057,28062
2012-10-09,404089,38603,15911,27645,141971,134895,28252
2012-10-16,424977,34131,15482,40388,150302,133058,27391
2012-10-23,376801,34569,14084,30519,145471,124649,23066
2012-10-30,361488,31800,13371,29393,130142,117323,25420
2012-11-06,384223,35598,18730,28378,130573,124336,32065
2012-11-13,382416,36170,19464,32133,125292,116615,31962
2012-11-20,418381,36510,21455,49923,132207,114205,32132
2012-11-27,375098,35817,22199,30126,132397,123871,20010
2012-12-04,396131,29686,19342,31069,140915,124401,15358
2012-12-11,409743,29338,18189,38289,145173,119580,20883
2012-12-18,398243,24954,18482,39757,131453,109702,25563
2012-12-24,330194,28250,15170,28639,122774,99835,25353
2012-12-31,326066,22437,9260,29845,115540,95442,29529
2013-01-08,410526,33371,14552,45141,155752,119869,29334
2013-01-15,462170,40524,17596,61137,172415,119503,30627
2013-01-22,425350,43260,17897,67669,176024,106853,18062
2013-01-29,424170,38659,15895,60416,173412,111562,21008
2013-02-05,429820,39867,15055,54159,169286,109796,21779
2013-02-12,445319,41750,16695,59968,167672,105877,21662
2013-02-19,425770,52905,17809,59780,183514,114354,27832
2013-02-26,409106,48623,15212,46681,176017,125179,35691
2013-03-05,413877,52485,14086,58143,175152,124942,45623
2013-03-12,434750,60570,16145,67395,176551,122108,51245
2013-03-19,463432,59368,16005,63145,164029,124046,57793
2013-03-26,409747,67185,15080,61509,163934,105544,41309
2013-04-02,419124,68783,15261,60682,172207,109497,38912
2013-04-09,438715,71206,16900,56308,172953,115243,41864
2013-04-16,455094,58132,17321,51484,161788,123796,43765
2013-04-23,381591,47647,18020,45518,130320,104082,43832
2013-04-30,388083,54136,16172,41047,136501,104425,40838
2013-05-07,405092,64672,15595,45114,147557,100705,40693
2013-05-14,420043,67023,17177,43478,138589,95085,37650
2013-05-21,434988,64341,17924,43562,134234,91180,33064
2013-05-28,389387,63636,17638,36027,127101,81690,23153
2013-06-04,372793,54584,21066,32109,133768,84725,15794
2013-06-11,367802,47692,21025,31437,123251,86893,19192
2013-06-18,367704,42235,17088,36355,100668,71730,27665
2013-06-25,293710,35624,14284,26795,76599,60716,29810
2013-07-02,301348,46345,19967,27265,91327,72420,25849
2013-07-09,335927,53507,21248,36266,111297,82836,25244
2013-07-16,356401,55635,22555,32365,116007,88952,23255
2013-07-23,359429,57693,25081,35751,143283,103543,13776
2013-07-30,362693,53980,22798,42075,156231,111439,14116
2013-08-06,402545,53310,22938,49965,196866,134649,7093
2013-08-13,441586,49683,21123,56027,224048,150593,6403
2013-08-20,444632,51110,24812,48239,214560,150131,6670
2013-08-27,382955,49103,22549,32262,190330,139338,5901
2013-09-03,355427,39425,17190,30605,182053,133412,4432
2013-09-10,384595,46351,18494,32213,181130,139068,11703
2013-09-17,427065,49320,20728,30885,181538,138374,8593
2013-09-24,368232,53642,19596,33327,163413,116485,12574
2013-10-01,356219,44746,20953,28445,149172,111104,10091
2013-10-08,376488,38555,13615,34474,141110,106414,23624
2013-10-15,362200,33935,15096,22858,118916,111381,29525
2013-10-22,350915,42327,17356,41081,107699,93665,35309
2013-10-29,362490,55452,19589,42189,122266,92614,34627
2013-11-05,389521,64485,20887,53525,136711,86874,36445
2013-11-12,407724,66269,22631,53271,134767,86294,34774
2013-11-19,439641,69310,23686,64458,149716,93011,35668
2013-11-26,413869,63170,23581,55768,145930,84859,21656
2013-12-03,381272,59751,25856,41427,133097,84494,20743
2013-12-10,387342,59269,23772,51254,149711,90019,21904
2013-12-17,378966,51120,22640,38557,139768,77248,22128
2013-12-24,354273,47969,23884,55618,130583,71981,31123
2013-12-31,349696,51525,24528,57256,131803,73819,28233
2014-01-07,359668,48073,25032,63271,139849,83059,27873
2014-01-14,397328,52556,26844,65869,157286,95883,27541
2014-01-21,416956,57531,26800,71082,158866,96529,27625
2014-01-28,376043,42946,21141,55983,144172,94932,25094
2014-02-04,384117,36943,14048,49372,128349,86998,63543
2014-02-11,378851,27679,14077,48477,94340,77858,75587
2014-02-18,409111,28079,19588,66828,90345,80551,68125
2014-02-25,367042,33917,18401,70104,91414,64652,54809
2014-03-04,362996,37495,19589,60384,90203,65633,47201
2014-03-11,355040,44084,19581,61692,90209,58509,48998
2014-03-18,336625,42883,16422,54413,72503,49924,48993
2014-03-25,335826,47887,19254,58466,80183,45565,48625
2014-04-01,357046,50486,21861,69263,108762,65748,46668
2014-04-08,359952,49751,23372,61513,106680,66641,39839
2014-04-15,368887,37821,21898,57855,107995,78719,38447
2014-04-22,362130,42601,20412,64064,121170,74569,32067
2014-04-29,365215,47694,21125,60954,136976,84172,31153
2014-05-06,391848,56855,24792,50214,149845,93857,26762
2014-05-13,419669,61151,27539,71833,174652,100991,28608
2014-05-20,425151,60451,29375,86181,174608,88196,27674
2014-05-27,420366,56748,27160,82267,177679,89325,24706
2014-06-03,448926,61667,31002,99999,191964,84315,23054
2014-06-10,457503,55070,35766,102089,192832,87384,20311
2014-06-17,456312,53359,28189,91664,185492,92784,19906
2014-06-24,424966,57165,27404,76985,178592,87179,15828
2014-07-01,449836,50347,28466,85636,187273,101413,20157
2014-07-08,457197,48533,29528,88100,187222,104640,22021
2014-07-15,435001,41792,29049,79750,163173,103979,28088
2014-07-22,414392,43537,30649,80909,151421,91073,28454
2014-07-29,419946,45403,32393,74143,154811,97843,27924
2014-08-05,409891,33856,23871,77067,131646,82247,32803
2014-08-12,390841,23582,23850,75484,83168,71625,57964
2014-08-19,418454,33742,28986,89697,95750,66487,61609
2014-08-26,414365,49869,29437,82445,112742,64951,45640
2014-09-02,409378,54756,30767,76241,111561,61666,42862
2014-09-09,425310,59555,32936,85662,123437,61706,41467
2014-09-16,413477,52857,32445,72963,121200,76679,41983
2014-09-23,389039,56061,24871,69771,126875,80367,38482
2014-09-30,358837,35662,27787,55488,91934,73712,33017
2014-10-07,365241,38247,26535,53536,79092,72690,48644
2014-10-14,407816,33668,19602,76149,78937,82256,93997
2014-10-21,422049,15333,17692,101216,51686,77177,129967
2014-10-28,355595,9418,21523,94637,35868,53274,103345
2014-11-04,354875,27150,20374,80730,44036,48829,86743
2014-11-11,392934,29851,26936,95096,54694,52612,96002
2014-11-18,385463,50476,25810,75010,58615,45533,79726
2014-11-25,369744,46095,29018,72040,71232,56397,72141
2014-12-02,373854,47919,30900,61941,75639,62515,64916
2014-12-09,361415,54410,31758,49437,75974,64992,59382
2014-12-16,324703,35285,22698,50323,84297,58605,38901
2014-12-23,325276,9626,23022,71175,52674,63255,70451
2014-12-30,308318,16544,24088,62780,52156,66206,70157
2015-01-06,285927,25948,22437,57343,59133,52617,57555
2015-01-13,295473,27100,18488,64803,64820,49267,59223
2015-01-20,306961,26091,17002,69582,56617,31017,58078
2015-01-27,275472,25133,16931,66947,37267,26234,69659
2015-02-03,275773,20930,16416,84352,46161,17575,62874
2015-02-10,296263,31576,18124,83195,65734,19043,53117
2015-02-17,329988,44032,22565,78120,65900,17440,52832
2015-02-24,308036,55038,25511,72670,77895,25552,45894
2015-03-03,337070,72600,29882,52925,107373,48052,28837
2015-03-10,355240,88231,32840,39304,124322,58209,19288
2015-03-17,353684,78358,33565,39753,120388,64900,20034
2015-03-24,349371,92095,37689,37039,137946,71925,13506
2015-03-31,354795,88142,37703,31729,134850,84678,17565
2015-04-07,379421,83311,38122,46942,151630,83530,14882
2015-04-14,399783,73356,38040,46273,156965,95154,14594
2015-04-21,368262,81317,40424,43509,158606,103333,21632
2015-04-28,389284,83139,41296,50809,179817,115061,20544
2015-05-05,395445,89412,41730,43614,181904,117156,15544
2015-05-12,386206,87337,40353,38543,174214,114446,14945
2015-05-19,418584,72714,39608,61278,173809,107126,19638
2015-05-26,385211,77151,38817,47144,174592,111410,15368
2015-06-02,379061,74759,38076,43105,176150,116350,13389
2015-06-09,365614,67843,38515,41385,166978,117736,16192
2015-06-16,373381,53221,37297,54399,165023,115738,18728
2015-06-23,366536,81860,40959,51730,160122,94427,15790
2015-06-30,336956,68963,38135,43069,137116,84342,13143
2015-07-07,316571,49853,33962,57892,110185,70959,27015
2015-07-14,329967,49905,33553,56698,96335,75385,43455
2015-07-21,368795,54693,41158,91507,128015,75303,43781
2015-07-28,317371,55035,40958,67677,127354,74009,18853
2015-08-04,332508,58560,42595,71919,132475,74105,17688
2015-08-11,350640,60084,40978,64921,154993,84950,6612
2015-08-18,344113,48975,41481,70970,138061,83914,16084
2015-08-25,318599,39425,25817,77221,109481,65355,47452
2015-09-01,330119,26577,23726,103926,88193,54205,70064
2015-09-08,328265,24544,29448,103819,61157,49308,87264
2015-09-15,358430,20142,30806,107615,43862,48322,104676
2015-09-22,313001,22852,30006,97871,49436,47154,93017
2015-09-29,304870,22716,29618,98700,48037,41111,85345
2015-10-06,323209,21267,29390,97885,36993,44311,101204
2015-10-13,332413,26973,28577,98430,39084,37074,95809
2015-10-20,333525,37218,31617,81426,36183,36252,90496
2015-10-27,312340,40621,33504,71101,44415,43784,81377
2015-11-03,321131,47637,35865,74002,55436,46692,75319
2015-11-10,324542,50984,35683,69591,67217,58657,76558
2015-11-17,297025,51037,32158,48203,69061,60862,66562
2015-11-24,286132,53702,33635,49773,57405,53114,63998
2015-12-01,312156,52516,35776,51355,67815,62527,66601
2015-12-08,295272,60866,34737,40888,77306,62634,56335
2015-12-15,281186,33521,34243,46836,54247,66587,62667
2015-12-22,249793,20875,25162,46215,41452,66589,69039
2015-12-29,265867,49040,26754,38746,55398,64222,68611
2016-01-05,243307,38856,23528,34570,52477,56991,57456
2016-01-12,243063,15999,21628,57436,43517,48355,56478
2016-01-19,277758,25020,6960,71269,63406,41103,62718
2016-01-26,249347,31360,6734,70217,46783,23182,68996
2016-02-02,252613,50169,6942,56338,49274,22900,68661
2016-02-09,261604,44361,7105,63756,60705,21171,67084
2016-02-16,266868,40364,6819,63239,47796,22084,74147
2016-02-23,248064,60477,8935,42913,42397,21757,75788
2016-03-01,273237,67401,11337,49697,52473,23185,75213
2016-03-08,293296,84414,15287,46803,75417,19215,58817
2016-03-15,312450,78514,20744,54729,84987,31756,57494
2016-03-22,322164,95269,33573,40557,124538,44406,23124
2016-03-29,338446,89933,43209,42445,128209,59872,19800
2016-04-05,395270,123923,56904,25211,159981,84137,17561
2016-04-12,408198,114206,55228,27914,158600,96053,17010
2016-04-19,462357,131227,48264,37275,200807,109406,23151
2016-04-26,448613,126371,55251,28938,201295,128058,16194
2016-05-03,451899,116709,57613,24689,191635,129800,11347
2016-05-10,463497,102582,63226,43743,196160,133502,14867
2016-05-17,464177,105718,59167,33305,197081,142495,13505
2016-05-24,438355,111414,61335,33825,195483,137763,11752
2016-05-31,468183,112125,55949,38493,220720,150489,13674
2016-06-07,501258,109238,55335,44555,226939,153658,15365
2016-06-14,436303,98821,48647,21066,179919,135933,15566
2016-06-21,382528,102729,39983,22300,145890,104741,26098
2016-06-28,373156,62784,28294,36989,123994,101785,39159
2016-07-05,412513,101815,14641,37434,159026,98895,54424
2016-07-12,466233,104780,18279,64430,181722,110745,70643
2016-07-19,511186,114784,24078,72721,208570,111203,59661
2016-07-26,491873,114275,31415,56865,221865,135718,43451
2016-08-02,516359,106272,41218,59135,224973,148432,45588
2016-08-09,542622,101764,47013,67380,231626,160998,52338
2016-08-16,541636,98957,41594,83669,240805,146834,44629
2016-08-23,507877,116958,44292,56404,242916,149334,25153
2016-08-30,511241,118679,46750,53897,244443,149514,20809
2016-09-06,547744,113215,50361,56283,251769,157851,21635
2016-09-13,478117,80121,38422,41228,196415,138645,14407
2016-09-20,471105,65402,33516,53886,181839,120294,15039
2016-09-27,473209,100253,38828,32263,194825,127589,19889
2016-10-04,482610,113358,40059,41030,203244,118571,23805
2016-10-11,492032,116635,44815,45769,205254,114105,22347
2016-10-18,473819,86463,43222,61358,185747,109814,24264
2016-10-25,436770,118431,46564,35905,198730,125270,24022
2016-11-01,428792,102950,43484,35048,188272,117430,15659
2016-11-08,411483,73998,34831,56653,166205,95220,24235
2016-11-15,451231,61976,30641,73142,153604,85803,29051
2016-11-22,389937,102949,34377,39645,182370,92542,14857
2016-11-29,408886,110832,37319,44343,195494,94838,16516
2016-12-06,431627,103511,41994,49848,195423,104909,19603
2016-12-13,445922,107677,43200,39249,184816,104063,19203
2016-12-20,462774,68641,41285,77948,192243,106735,21435
2016-12-27,411321,92319,44376,60768,187847,102475,19954
2017-01-03,411436,84722,44599,63191,188009,105356,18381
2017-01-10,479856,85059,46789,73107,207874,119739,22636
2017-01-17,537656,58686,47144,111610,226944,129618,25827
2017-01-24,478012,79162,57501,83090,212678,129749,22189
2017-01-31,480876,61908,53002,83102,208856,130449,14483
2017-02-07,535393,56968,56730,93147,213138,130232,12503
2017-02-14,641759,28773,54393,140843,237233,138991,21735
2017-02-21,551908,76505,47690,94461,223842,128342,27467
2017-02-28,585686,72188,46656,97821,235295,132632,23364
2017-03-07,596912,83586,49985,86468,226796,135624,27256
2017-03-14,598618,82680,49542,81451,217604,130022,26856
2017-03-21,601319,66139,48578,99037,229069,144061,27776
2017-03-28,515480,51225,48154,89381,197041,136848,31676
2017-04-04,518165,55508,50180,81896,183798,131654,35058
2017-04-11,544927,64579,39857,70921,187551,125321,30243
2017-04-18,470700,35233,38137,66279,146196,112213,33721
2017-04-25,492186,53830,37500,84908,171242,112194,44678
2017-05-02,540301,64615,41580,99476,200707,115402,43305
2017-05-09,597942,53446,47075,117077,216136,126913,43618
2017-05-16,620266,52808,50379,141606,248625,139940,45025
2017-05-23,525156,27735,38638,95411,170553,114270,41274
2017-05-30,577687,52254,44804,111104,217719,125589,42581
2017-06-06,614761,64566,44799,101851,232211,132267,42449
2017-06-13,632465,56238,45561,111153,227926,135965,44405
2017-06-20,583594,53540,42599,109586,230367,127939,37948
2017-06-27,562064,64875,41603,113057,226248,109644,40726
2017-07-03,562691,55379,41629,105458,205611,110716,38663
2017-07-11,576528,58638,43223,102567,190412,108037,42540
2017-07-18,617557,74034,45933,141501,247304,123399,51493
2017-07-25,611661,79247,54657,135139,259023,137468,49518
2017-08-01,638805,67338,54131,133486,255627,145126,49320
2017-08-08,671800,74257,54860,139428,269305,144841,47101
2017-08-15,603600,66223,80250,106037,176519,125371,44546
2017-08-22,556057,57023,74104,103820,159660,122586,49085
2017-08-29,578391,58917,70282,110542,180117,124152,47071
2017-09-05,618725,76128,68373,109945,202149,124785,46117
2017-09-12,640340,70485,59137,106595,193653,129073,56170
2017-09-19,704831,79329,70902,136907,233508,141405,60841
2017-09-26,640509,66471,70901,115824,228023,137665,36499
2017-10-03,669232,82992,66899,110381,247785,148263,42416
2017-10-10,677160,82392,62987,108611,248682,157543,45306
2017-10-17,701927,70140,60754,130359,256662,154733,51030
2017-10-24,617178,82796,62320,99691,220500,137842,52570
2017-10-31,628156,87941,64556,90572,211855,139388,57469
2017-11-07,659250,105891,66042,102150,232179,138445,57736
2017-11-14,657946,116285,86425,98238,208594,122929,48188
2017-11-21,628899,103454,91324,94788,171265,110380,53406
2017-11-28,632116,108711,91757,102695,178341,114380,56799
2017-12-05,622772,111808,79650,85522,175683,115184,55235
2017-12-12,651180,91488,87114,100090,177140,128722,53800
2017-12-19,646026,70911,88419,136742,197048,130701,54515
2017-12-26,551395,79831,89405,119553,165492,106232,52412
2018-01-02,562302,80167,94832,116366,163800,103362,50529
2018-01-09,602198,105293,103892,124530,183217,107419,55189
2018-01-16,653697,108985,127325,140175,178850,109776,56916
2018-01-23,630599,130194,133530,130311,180275,104998,54735
2018-01-30,629529,123981,130441,118311,147210,77921,55566
2018-02-06,614435,120943,57591,145577,149928,50347,80575
2018-02-13,509458,72796,40320,110419,125548,62260,81758
2018-02-20,425271,70204,51581,93848,98301,49593,66316
2018-02-27,407846,71272,48083,83164,101696,48927,68425
2018-03-06,398050,67982,40177,93942,90345,44961,76748
2018-03-13,400736,54452,28614,71701,83559,49309,77167
2018-03-20,417393,63550,26674,80272,86523,49600,88310
2018-03-27,394826,76373,22040,101201,86649,30442,107059
2018-04-03,377503,75814,24290,90584,71740,29997,102929
2018-04-10,380021,76903,26766,88167,74485,31266,102923
2018-04-17,395804,62280,19576,90652,71218,38835,106894
2018-04-24,357037,73237,24480,78379,87121,33299,79179
2018-05-01,372034,80255,31391,70859,89954,38403,72180
2018-05-08,392086,84274,42219,67523,100395,32258,49329
2018-05-15,427283,94604,54670,61178,105352,41641,47011
2018-05-22,406822,82299,63400,69065,102086,40875,35505
2018-05-29,424483,97152,71096,69192,114097,43178,36092
2018-06-05,427468,95541,67429,64394,118819,47450,29737
2018-06-12,444998,95438,81565,83769,125087,46692,28128
2018-06-19,445208,88797,82643,70113,114524,55143,23642
2018-06-26,397443,99412,68835,63006,112806,47310,30123
2018-07-03,391215,104289,59746,61771,103707,30367,33921
2018-07-10,381228,97397,46356,57565,130006,32163,10632
2018-07-17,425383,96678,53267,86691,156376,33991,12435
2018-07-24,408573,108773,60640,65436,160798,49582,8376
2018-07-31,415465,117920,63411,60073,168123,53702,6950
2018-08-07,476020,123616,71112,71447,182355,58341,9591
2018-08-14,492921,123958,65287,55868,183242,69209,8738
2018-08-21,507815,108684,61640,63837,177450,65248,5305
2018-08-28,497131,118838,66992,63554,183718,64167,4054
2018-09-04,500107,122996,64435,54119,187179,70247,6056
2018-09-11,521260,126305,63038,55333,189185,70638,6324
2018-09-18,540110,123185,75713,67723,182855,76236,11412
2018-09-25,527409,118853,92540,66086,188998,94213,2468
2018-10-02,535724,118557,90265,74941,196017,94487,3897
2018-10-09,534909,117492,75301,61045,183513,87606,8225
2018-10-16,536159,99310,34298,65804,162056,55050,17394
2018-10-23,493126,104630,31146,75701,167854,45992,23387
2018-10-30,504037,112189,25713,74220,167488,41841,34247
2018-11-06,479813,112637,26145,63860,149567,33423,36177
2018-11-13,473340,110052,26815,62359,137183,48264,55122
2018-11-20,479672,102549,24650,73401,128367,42492,60667
2018-11-27,428661,91490,25610,57615,100670,36457,56502
2018-12-04,404672,87902,25637,65359,110346,37615,54775
2018-12-11,420319,90657,23237,70652,109227,37781,71905
2018-12-18,438322,88311,25982,83586,104643,22977,73266
2018-12-24,388238,85489,23690,74787,97586,22997,65451
2018-12-31,369483,89094,22511,81869,97911,14538,73967
2019-01-08,372059,94376,25210,74028,96721,21201,73919
2019-01-15,388029,64826,22237,80890,93449,30105,64617
2019-01-22,345967,79417,21047,53398,91836,29052,46636
2019-01-29,337530,83104,19186,49173,93233,29341,48420
2019-02-05,343502,69567,31881,57627,94445,30105,26767
2019-02-12,364851,67723,68078,58978,78689,45372,22136
2019-02-19,362919,85470,70745,53885,97208,45991,17663
2019-02-26,378766,95039,81419,55790,104314,50722,18225
2019-03-05,341448,94122,84256,53752,103178,52638,16224
2019-03-12,356766,100804,83209,48371,102748,54911,21998
2019-03-19,401402,119393,108757,46827,119403,61711,20470
2019-03-26,336816,114945,85575,38867,108813,53236,13593
2019-04-02,377403,123597,100173,40836,129001,69269,7034
2019-04-09,403033,139785,106368,35629,141635,79982,8736
2019-04-16,463491,136991,122708,52589,157553,91940,9800
2019-04-23,456136,151065,133865,45405,152473,86979,7186
2019-04-30,448838,149057,126068,39232,148417,85488,8929
2019-05-07,425097,143452,97389,40363,150920,79715,18796
2019-05-14,382565,140978,59926,37450,139879,50369,30655
2019-05-21,369983,126060,73888,35431,119096,49821,20140
2019-05-28,366195,138902,78339,25849,124101,50689,17654
2019-06-04,385854,150330,73475,30098,129372,42142,24755
2019-06-11,380320,142327,80885,31284,112788,45883,26786
2019-06-18,407218,127497,90516,41615,105479,53872,28040
2019-06-25,379918,125534,95700,32179,117621,73181,16478
2019-07-02,416468,131491,103386,46314,129398,83570,26307
2019-07-09,419342,127348,107473,39221,132772,95868,21643
2019-07-16,452201,120957,125324,61832,137044,100190,21204
2019-07-23,440189,130085,122740,50276,149113,104925,10154
2019-07-30,456757,129463,121466,49290,159336,109051,12652
2019-08-06,430300,132484,76521,44314,165298,96803,29471
2019-08-13,404190,138071,67096,32570,157992,80825,24180
2019-08-20,399983,128666,67845,34070,140377,76912,30717
2019-08-27,371498,131924,62324,35710,136716,66977,29128
2019-09-03,355249,127007,67154,39457,129125,62567,30827
2019-09-10,360284,118452,83278,44178,124750,67067,17202
2019-09-17,402718,113218,103375,47225,125952,84322,13833
2019-09-24,405328,130620,123899,38723,129648,100878,14183
2019-10-01,429251,146692,107340,32578,149391,102386,20279
2019-10-08,401077,136687,90379,29435,136070,88844,27642
2019-10-15,445199,127612,113854,51205,130367,91005,21580
2019-10-22,437316,137517,126395,48336,143411,102330,16136
2019-10-29,453332,138853,134849,53838,141618,107829,18564
2019-11-05,491051,146978,138820,55128,160386,120551,22728
2019-11-12,518975,140792,135038,58681,173737,131913,23721
2019-11-19,549306,138879,145856,59693,175432,140854,23856
2019-11-26,504704,138473,144542,51175,151851,126910,21442
2019-12-03,483774,132547,119949,44163,156641,123904,26421
2019-12-10,465375,125326,100091,43247,146895,109057,26346
2019-12-17,460843,113998,119563,47763,123345,99583,18549
2019-12-24,411894,110682,121572,42998,108261,86161,6080
2019-12-31,421662,115356,103502,36293,117752,83859,9229
2020-01-07,429698,120829,108480,41795,122722,80793,10069
2020-01-14,469840,118185,129267,63976,129761,84580,13876
2020-01-21,478868,115668,136885,68270,122731,87569,19065
2020-01-28,433719,116439,122213,46171,117326,93726,21635
2020-02-04,428263,114832,96519,43199,125826,84912,21520
2020-02-11,424215,107933,107700,49182,116749,84585,20203
2020-02-18,424777,106806,108770,54875,119796,86320,25156
2020-02-25,431241,123557,63287,43937,152458,81197,39105
2020-03-03,451311,122652,29194,90557,169024,62075,72491
2020-03-10,450812,108682,30793,100212,155396,79204,102061
2020-03-17,434583,88267,10277,90178,133027,89045,127301
2020-03-24,268255,63990,28498,57687,86418,39990,48455
2020-03-31,235004,54785,17708,36700,85808,39629,31540
2020-04-07,250688,63373,11450,28105,96463,43690,27555
2020-04-14,253220,56140,10960,27167,92474,45306,27223
2020-04-21,211930,55705,9588,21895,92686,47872,28422
2020-04-28,210666,51816,7976,17142,79430,50348,29673
2020-05-05,220455,57249,10810,13504,82344,54623,31495
2020-05-12,230744,53807,23958,16047,75350,60261,30814
2020-05-19,241702,56535,22881,15202,84419,65418,27605
2020-05-26,208494,50363,26874,13401,69076,55516,21673
2020-06-02,237479,64031,33956,18164,81546,58883,23669
2020-06-09,257947,75529,39956,15988,84067,55684,22877
2020-06-16,265946,73111,17535,14758,93236,56007,31026
2020-06-23,248684,84110,23515,6939,87137,50587,28244
2020-06-30,256691,97343,23216,6386,94441,46356,32988
2020-07-07,271999,105895,31041,20536,92421,41205,39169
2020-07-14,278407,113055,34101,24266,102878,37649,34120
2020-07-21,296013,112472,43970,36705,107958,34660,28492
2020-07-28,268574,120671,46069,30553,100779,19027,19221
2020-08-04,277065,122953,53555,29394,101928,18700,16299
2020-08-11,291763,121046,60734,36071,100576,18651,14249
2020-08-18,308695,116796,64577,42625,101697,17497,8610
2020-08-25,303485,120505,67323,43654,104428,18434,9234
2020-09-01,300778,118808,63108,42613,103049,19752,15245
2020-09-08,267609,103180,54404,35604,88543,27133,22603
2020-09-15,263642,93055,65274,39978,81567,26820,15959
2020-09-22,255490,96195,65711,36102,83832,27422,12592
2020-09-29,261734,93579,65969,39030,85428,26390,13863
2020-10-06,267685,98962,61841,38124,88321,26459,17965
2020-10-13,280383,106403,66585,35532,94110,34871,19570
2020-10-20,279755,110850,65633,38326,99008,35153,26038
2020-10-27,263583,117393,49851,26636,109462,39484,29093
2020-11-03,283355,125713,26963,21377,127523,36917,35498
2020-11-10,269026,114443,37800,30673,117764,30881,25209
2020-11-17,282811,114485,46707,35271,111752,28599,22208
2020-11-24,265349,123853,56638,23404,104137,32218,20133
2020-12-01,280441,124206,64339,27376,108857,35267,18480
2020-12-08,297789,123217,69370,34109,115875,39908,14154
2020-12-15,303478,124690,62176,31624,120514,41323,15404
2020-12-21,289233,123981,63023,24578,112917,41843,15795
2020-12-29,283879,128734,67072,24876,112069,37900,15938
2021-01-05,296826,135209,56859,29336,130323,39321,19900
2021-01-12,325153,137751,64915,33631,133000,40257,17263
2021-01-19,349134,148310,65939,34706,135813,41208,24700
2021-01-26,342508,152727,72348,35067,144238,47093,22929
2021-02-02,318219,135183,47392,30528,135869,45129,23366
2021-02-09,371861,161474,79323,43201,142515,48269,28057
2021-02-16,423940,184601,90358,44307,160078,57296,31799
2021-02-23,392604,181148,81881,29643,160579,61341,25210
2021-03-02,386381,160697,61061,23952,156398,63456,24687
2021-03-09,395630,150033,57169,28419,154828,62882,21842
2021-03-16,412533,144201,65680,37399,145203,59579,25370
2021-03-23,384390,145302,70691,32122,138329,60099,23513
2021-03-30,358072,140680,72632,27262,127330,58225,20794
2021-04-06,364274,134013,80641,31125,122012,64803,18937
2021-04-13,377165,121998,84523,39498,127142,69583,16152
2021-04-20,384254,111188,83628,50784,128555,73212,18315
2021-04-27,353947,116714,81277,34629,118786,70505,19193
2021-05-04,360117,125343,86571,31006,121427,74224,13519
2021-05-11,363554,122889,67517,26200,127323,69434,16549
2021-05-18,349109,112133,60290,27796,111293,56820,17685
2021-05-25,337190,118988,68357,29476,110216,56415,20540
2021-06-01,334983,112024,82855,32830,100361,59146,18458
2021-06-08,352516,103964,88883,43812,96561,57972,15845
2021-06-15,356803,108952,89354,40672,95114,56870,22024
2021-06-22,317297,101259,82086,31151,86342,52570,17176
2021-06-29,327935,108751,82461,36072,97036,53205,18578
2021-07-06,341157,111073,86583,38847,100735,57409,19115
2021-07-13,322134,103259,70306,35441,96497,53431,19916
2021-07-20,324704,104649,58688,26995,99728,54334,22008
2021-07-27,302318,107839,70511,23282,90285,54749,18828
2021-08-03,312851,109992,68411,26005,95212,51544,19349
2021-08-10,313197,106618,82556,32159,88159,53441,19605
2021-08-17,319321,108571,98183,38639,82404,55967,18453
2021-08-24,290283,103696,84729,28007,79704,49743,14749
2021-08-31,311908,108051,96441,40440,93244,59535,13320
2021-09-07,323430,114247,96717,37683,95384,59213,14218
2021-09-14,325683,113899,80671,30287,93095,55998,17783
2021-09-21,323316,117472,61172,25534,100536,53203,25639
2021-09-28,311415,101139,58803,28937,90130,54707,25306
2021-10-05,307664,95952,58134,27123,90016,53785,22165
2021-10-12,329905,97899,81128,37393,80298,54416,23440
2021-10-19,361391,103193,103282,49695,87110,62107,20397
2021-10-26,337252,113207,116452,46657,86430,66767,17666
2021-11-02,353549,112246,125770,51928,87507,66673,17623
2021-11-09,348553,118280,101630,42920,94792,64277,21159
2021-11-16,329850,105974,79947,33283,90547,61154,20244
2021-11-23,311412,108464,69914,20905,92767,62520,20085
2021-11-30,325869,109019,46948,23610,108704,60531,27720
2021-12-07,300082,103079,39726,24021,100116,45680,22249
2021-12-14,296559,95494,48705,26078,83850,44657,19707
2021-12-21,289170,89744,50166,31701,85950,36517,17296
2021-12-28,277502,92416,62155,28734,76503,37863,18161
2022-01-04,301754,93619,75451,33535,81621,44952,13699
2022-01-11,308888,87027,75644,39824,80859,46441,15613
2022-01-18,307106,85870,67068,31671,76316,45748,18587
2022-01-25,304889,76770,39288,33598,92625,47497,21477
2022-02-01,300194,78368,37323,30955,86706,34169,17919
2022-02-08,293604,74783,47968,34483,79699,34438,13325
2022-02-15,287622,79874,35854,25932,81690,35754,15716
2022-02-22,271157,87797,30503,24520,83634,37895,24310
2022-03-01,291214,83561,20926,39402,107406,36270,21439
2022-03-08,289220,81388,28156,38323,99763,33750,19907
2022-03-15,278993,83641,38671,33761,76759,27970,16772
2022-03-22,259761,77818,45397,39732,80881,27114,13776
2022-03-29,287434,89888,57968,43267,80885,32399,12165
2022-04-05,306405,102396,72443,40390,85965,29984,12086
2022-04-12,307234,101056,64103,38955,90286,29138,12912
2022-04-19,320340,100496,71076,35752,85091,31718,11590
2022-04-26,305776,90456,51290,36534,93841,36637,17855
2022-05-03,320512,90526,36829,34249,99745,35759,23323
2022-05-10,318283,84320,27390,39869,101669,39605,29010
2022-05-17,311293,64056,30582,29436,73955,38175,27155
2022-05-24,275032,66223,27101,32868,83367,32921,19847
2022-05-31,278850,73999,31180,31398,76844,28497,21358
2022-06-07,288366,83729,41752,28045,77216,26744,17383
2022-06-14,296042,91942,32727,26004,94356,33425,18843
2022-06-21,257930,91387,23663,22297,95140,25145,17413
2022-06-28,257123,96624,25369,18982,94511,22418,14084
2022-07-05,266933,88570,31644,21926,93821,25330,10435
2022-07-12,281586,98172,45212,26249,89920,27281,15412
2022-07-19,308124,99928,54581,30006,92161,27324,13402
2022-07-26,300870,120771,66768,26519,94073,24484,10956
2022-08-02,322604,125645,79051,35409,94154,24796,13557
2022-08-09,341699,127936,80673,35080,95667,27151,14753
2022-08-16,366823,131090,85340,45254,107801,29149,16463
2022-08-23,349447,134562,85621,37115,104644,31261,16677
2022-08-30,338590,124290,69037,39897,109286,31901,19149
2022-09-06,326476,110851,69605,39701,97506,33142,18450
2022-09-13,348672,116654,64581,33564,100740,33304,18860
2022-09-20,345341,107658,66540,34691,93068,35161,17438
2022-09-27,331042,102649,60762,38037,106554,40862,10400
2022-10-04,322187,92252,48945,35521,99200,33147,11029
2022-10-11,340635,94417,49864,43031,105095,36547,14834
2022-10-18,333118,84021,43857,43484,100703,29561,13139
2022-10-25,317892,76689,40268,50249,99088,27861,11243
2022-11-01,326527,67940,55218,54707,82598,30601,10936
2022-11-08,333031,78792,56108,45528,86283,34564,13473
2022-11-15,323631,81690,49636,47699,96774,35322,15020
2022-11-22,313877,82511,63681,52423,87701,31791,13356
2022-11-29,323336,100711,69519,48157,90289,32233,14865
2022-12-06,334630,91562,72245,51013,84480,38374,18790
2022-12-13,347723,93026,78968,55982,80647,36510,18301
2022-12-20,331232,87360,85240,52657,62628,41080,14892
2022-12-27,289519,83984,86856,39336,57223,38179,11605
2023-01-03,297329,83430,95813,47577,56755,38026,13383
2023-01-10,301215,84891,75381,47645,78611,42118,16598
2023-01-17,326900,83278,76592,53399,76729,40781,20257
2023-01-24,295825,85160,83498,49613,71191,39135,15969
2023-01-31,310475,90892,92714,54134,73511,37928,15723
2023-02-07,317316,91188,83596,53838,85250,42235,13803
2023-02-14,341602,88685,80330,52084,82232,45218,18434
2023-02-21,333082,91903,68108,48262,83512,38069,15431
2023-02-28,336321,90348,73585,54540,88719,35717,13785
2023-03-07,356442,97147,94233,60081,83665,40447,16672
2023-03-14,336746,76328,71267,55843,88280,46842,14956
2023-03-21,330622,69208,67060,51304,79553,38387,13455
2023-03-28,315941,73811,72494,57895,73407,30576,16552
2023-04-04,355008,87397,97215,71664,80709,33016,18353
2023-04-11,360853,90752,97929,69560,76540,35201,22155
2023-04-18,391654,106049,101211,78446,97643,39325,24400
2023-04-25,370163,122887,104274,61468,103842,40360,15997
2023-05-02,385804,126384,105820,65628,113817,46636,18352
2023-05-09,391773,117118,96416,73907,109149,41823,20996
2023-05-16,403023,115953,88285,72942,105387,41356,30655
2023-05-23,388769,121275,97704,62819,100888,42251,20159
2023-05-30,379707,114421,84849,63505,104895,38021,23532
2023-06-06,417626,107968,95198,71959,103910,47764,28409
2023-06-13,453169,112889,101428,82895,122468,53059,29872
2023-06-20,455331,109226,105942,86050,118377,56064,28609
2023-06-27,396124,95592,100770,75060,107906,58754,21832
2023-07-03,406805,95840,93045,76255,112921,60384,28353
2023-07-11,403072,101272,80544,65524,116043,62806,31056
2023-07-18,438936,94399,87197,88990,125605,69668,36732
2023-07-25,397695,94527,79145,75609,115037,52161,23354
2023-08-01,400082,100841,79031,75270,120239,51813,26010
2023-08-08,376604,90309,68123,70741,111691,47389,22849
2023-08-15,395240,89282,73537,75730,100429,45262,28789
2023-08-22,353676,90196,66920,65966,98985,37096,22346
2023-08-29,384844,96689,72970,71036,108836,43903,33194
2023-09-05,402061,93156,82737,80127,109347,54687,32575
2023-09-12,418072,95127,82905,79688,111804,59317,35509
2023-09-19,440059,93851,86035,81269,109882,67422,40342
2023-09-26,384930,88983,74398,55756,101177,60567,24188
2023-10-03,381162,87946,65248,63018,105593,54830,29697
2023-10-10,360969,74664,62810,63747,79619,37378,32678
2023-10-17,376083,75369,68467,70720,78962,41539,38852
2023-10-24,344318,83952,66221,53244,84006,38731,25040
2023-10-31,353533,88266,64800,54503,82174,34271,30670
2023-11-07,374777,84499,74422,69586,83597,47184,46165
2023-11-14,415124,86804,79175,78686,85757,60117,57588
2023-11-21,391357,92614,83113,61193,94315,44695,23994
2023-11-28,390752,86644,86180,62301,90601,51515,26601
2023-12-05,406711,81538,94226,71129,90004,58319,33306
2023-12-12,427229,77119,90978,79591,87503,60501,48266
2023-12-19,424172,73976,82559,88052,92503,62008,55640
2023-12-26,345802,64754,74479,51844,78736,61103,33393
2024-01-02,335960,63553,75096,65384,75478,52902,35967
2024-01-09,355172,69188,68180,61143,79025,52532,36163
2024-01-16,359265,67134,68438,64818,79404,57019,39102
2024-01-23,340313,59957,72380,61396,71155,47861,22719
2024-01-30,347797,64137,70297,61867,80436,48726,26529
2024-02-06,361732,59482,70208,75922,85791,52701,33438
2024-02-13,362470,58205,63744,66147,87932,58696,23381
2024-02-20,341280,61157,64304,57283,76081,47498,20339
2024-02-27,361331,57380,66153,59542,80271,54237,23498
2024-03-05,364498,59037,66476,63691,81909,51260,22441
2024-03-12,375710,54405,69610,64336,83164,57694,26030
2024-03-19,377364,53489,71599,69890,77814,56689,29333
2024-03-26,370601,58887,76492,75623,77704,40387,27033
2024-04-02,367340,63901,74565,63415,73639,43568,23053
2024-04-09,368247,64604,67564,57303,76801,45828,22711
2024-04-16,389392,51002,62637,76351,96226,53188,27931
2024-04-23,364239,54964,60321,64789,80056,42331,32280
2024-04-30,373201,69239,63944,65280,85510,45054,35300
2024-05-07,403483,58634,81493,81900,89791,54007,35332
2024-05-14,436067,52986,88718,95321,91922,54671,30072
2024-05-21,535063,59965,96796,104456,95788,55243,27807
2024-05-28,405069,56815,92230,81405,76703,49624,22806
2024-06-04,420389,59410,92731,94649,88708,46666,25788
2024-06-11,430432,58363,95556,93246,92186,54048,26189
2024-06-18,458222,60538,96613,92721,99732,63617,28130
2024-06-25,414291,49845,97991,79576,85680,73544,22288
2024-07-02,450316,44769,108905,96396,86169,78501,24578
2024-07-09,467930,50175,109580,94417,90991,76556,23432
2024-07-16,479858,56222,105941,87380,93024,80103,26624
2024-07-23,430737,53090,83282,58845,94017,82541,21957
2024-07-30,429259,54583,73886,59214,107732,86613,27168
2024-08-06,453022,48231,46293,66894,137437,116832,49207
2024-08-13,400969,35050,58627,60528,100271,76870,36191
2024-08-20,411580,34139,55690,63984,88786,56486,27035
2024-08-27,390505,39891,63699,51539,78438,56259,22018
2024-09-03,380203,44854,49605,54726,98556,57896,21483
2024-09-10,372978,55742,52300,44671,89116,58595,25161
2024-09-17,356068,52638,43724,55590,82809,43572,22279
2024-09-24,317480,45587,41309,69545,74734,25056,25320
2024-10-01,319104,45766,51325,70297,77800,29304,22655
2024-10-08,340586,52813,57084,62300,85306,46391,23557
2024-10-15,331454,58020,50733,66732,88540,37661,28481
2024-10-22,320094,62970,49123,62430,84195,35096,34780
2024-10-29,324187,69195,44985,51519,92139,40480,33256
2024-11-05,344314,72603,36518,38248,95995,47064,33406
2024-11-12,352126,48557,41309,59953,65661,34870,42403
2024-11-19,353760,53907,49347,50826,61304,44343,39418
2024-11-26,311326,48573,55829,49950,56255,28456,23178
2024-12-03,343822,51903,70017,63008,58007,32736,28872
2024-12-10,353746,55895,70799,61541,61397,47163,38614
2024-12-17,341202,60838,65338,48047,71341,57174,34026
2024-12-24,264712,34614,47876,47375,42684,33517,30550
2024-12-31,275406,43141,44832,37006,52064,36333,22225
2025-01-07,292616,43118,43108,38196,60243,45450,26681
2025-01-14,308321,46618,44519,33915,62412,41093,21805
2025-01-21,364909,55755,49658,45649,80950,49629,29009
2025-01-28,330806,62263,57027,38999,81019,56649,12046
2025-02-04,325577,49317,60420,46223,82002,55506,12342
2025-02-11,360209,58655,66627,56087,98103,59569,17674
2025-02-18,399283,72619,69907,61394,102277,75090,37555
2025-02-25,389557,70938,69150,67482,104957,67497,20785
2025-03-04,391037,59064,53730,63872,104162,56541,27540
2025-03-11,384995,53143,34793,59610,102964,53321,39646
2025-03-18,348583,56514,30820,56479,85101,28487,36603
2025-03-25,307181,63708,39016,56256,78296,13337,25660
2025-04-01,323012,67030,55814,53583,82196,31393,22429
2025-04-08,377062,46199,37323,74059,111597,60759,48242
2025-04-15,332536,38108,20846,66918,93815,53466,53533
2025-04-22,273099,39788,18303,47729,83528,33117,30494
2025-04-29,279032,38574,18044,50416,59562,20627,41943
2025-05-06,279106,43852,23615,49651,63456,22730,36581
2025-05-13,276572,43541,31765,52184,44415,17676,45358
2025-05-20,299850,55789,46102,52730,59114,35490,42083
2025-05-27,259527,51749,44610,38402,53010,28992,27654
2025-06-03,284670,54900,45020,39555,63858,45842,34233
2025-06-10,319008,63472,49487,41443,74591,63834,44538
2025-06-17,327474,69420,55073,46151,87582,69033,40609
2025-06-24,314455,66024,54920,43453,84675,60605,30521
2025-07-01,361207,81703,57980,52152,110629,75770,40919
2025-07-08,382750,92549,60184,46109,119286,84328,40146
2025-07-15,411678,83354,62007,58090,120732,94247,48853
2025-07-22,398470,83968,61168,47609,129735,104683,40850
2025-07-29,443023,87956,64574,65732,141035,107879,52809
2025-08-05,451483,83886,61917,67433,147013,107959,45883
2025-08-12,492591,88238,62884,79438,160419,114816,56754
2025-08-19,507099,94423,57393,81385,170437,121333,60149
2025-08-26,469056,89740,59904,51916,157748,124169,45218
2025-09-02,479739,85252,63997,53844,157916,127340,41951
2025-09-09,509393,77908,75077,80461,165670,130214,47950
2025-09-16,522273,82788,77782,70068,160698,135324,50332
2025-09-23,472633,85456,77869,56324,149218,129662,42526
2025-09-30,483764,81640,83051,59800,141005,129850,47358
2025-10-07,504886,80396,91162,64138,158864,140355,49660
2025-10-14,491863,81063,85095,60556,135773,130385,46240
2025-10-21,495118,88646,71145,55759,130377,125065,61517
2025-10-28,440335,78787,74419,57843,125781,114952,49695
2025-11-04,458712,77001,72867,56972,135098,124208,45326
2025-11-10,435756,73864,64736,55670,123742,109859,48579
2025-11-18,476717,78613,58658,46093,133390,116397,42232
2025-11-25,415610,79847,57917,55175,110285,80284,43044
2025-12-02,423342,66556,61683,61347,107307,93416,48535
2025-12-09,408744,64210,64454,62306,105826,94012,51141
2025-12-16,407195,54677,64001,59115,84711,87921,52108
2025-12-23,378125,48367,77079,54273,79302,89630,36132
2025-12-30,401915,47109,83700,56684,83675,95654,34615
2026-01-06,408257,48776,90206,65134,89579,96360,35254
2026-01-13,404046,48382,98565,66312,89969,101522,33134
2026-01-20,397483,52031,94679,49673,86899,109507,31233
2026-01-27,362402,50800,94984,57816,76594,94841,36259
2026-02-03,364584,50997,91767,61447,81148,92918,32865
2026-02-10,371911,53779,83402,58053,80526,95754,39680
2026-02-17,373919,52188,78005,48861,76025,97896,40851
2026-02-24,359373,55602,72982,57593,86973,92690,37253
2026-03-03,390306,52954,77427,76336,107548,99313,36247
2026-03-10,388129,67894,57733,64308,129111,98803,39852
2026-03-17,390595,61562,43154,53142,117767,83279,36467
2026-03-24,342684,52306,48395,61060,101520,69001,32679
2026-03-31,348816,49667,38281,58211,100457,67930,32645
2026-04-07,346605,51483,35913,55648,100607,68838,36037
2026-04-14,365168,48923,47654,65256,95078,77943,51710
2026-04-21,338391,56605,57803,49672,92055,82615,39623
2026-04-28,362343,57703,63482,60287,100608,88618,42449
2026-05-05,387090,57825,67874,77895,116698,97972,47797
2026-05-12,403191,65802,67684,71913,119492,101757,51668
2026-05-19,440161,67076,68963,76102,128006,109466,58669
2026-05-26,384562,67044,66677,65926,115262,94566,42916
2026-06-02,410614,64339,76855,80763,113796,93958,44621
2026-06-09,410407,57458,83852,67684,102974,98659,39646
2026-06-16,408302,43380,73687,86619,99914,88443,44611
2026-06-23,353236,45448,70067,71314,90177,81181,35494
2026-06-30,354497,40440,73098,73565,75582,74221,37072
2026-07-07,372859,42096,80934,85768,80656,75152,38373
2026-07-14,389088,44022,87351,100776,90587,75704,41369
2026-07-21,396485,45770,87309,96868,93770,80571,43931
2026-07-28,343094,48684,79998,79888,92177,75824,29442
2026-08-04,369655,44514,78214,94849,91076,72193,39097
2026-08-11,382010,49073,76177,83434,95561,79670,39502
