1855807833041743947|2024-11-11|00|3 reposts; 12 likes; 1 bookmark; 5073 views|2024-Q4
1868850764388631001|2024-12-17|01|2 replies; 3 reposts; 42 likes; 14 bookmarks; 11819 views|2024-Q4
1864062946608922893|2024-12-03|01|3 replies; 3 reposts; 31 likes; 9 bookmarks; 5057 views|2024-Q4
1870115227498598554|2024-12-20|00|2 reposts; 12 likes; 4074 views|2024-Q4
1866911451572736251|2024-12-11|01|2 replies; 1 repost; 24 likes; 4 bookmarks; 4233 views|2024-Q4
1864130718214844421|2024-12-04|00|7 replies; 1 repost; 12 likes; 4724 views|2024-Q4
1862607515151634461|2024-11-29|11|8 replies; 33 likes; 3 bookmarks; 6037 views|2024-Q4
1878215724277039234|2025-01-11|00|9 replies; 6 reposts; 81 likes; 142 bookmarks; 6503 views|2024-Q4
1878994486254350452|2025-01-14|00|2 replies; 2 reposts; 23 likes; 7 bookmarks; 3381 views|2024-Q4
1861853967380009090|2024-11-27|01|1 reply; 1 repost; 21 likes; 1 bookmark; 6821 views|2024-Q4
1866125975194308829|2024-12-09|00|1 reply; 1 repost; 17 likes; 6 bookmarks; 9785 views|2024-Q4
1855803998827127249|2024-11-11|10|3 reposts; 13 likes; 1889 views|2024-Q4
1870148081947234611|2024-12-20|01|14 likes; 2 bookmarks; 2767 views|2024-Q4
1847042198195298717|2024-10-17|01|3 replies; 20 likes; 10013 views|2024-Q3
1886839160519925849|2025-02-04|00|1 reply; 18 reposts; 166 likes; 160 bookmarks; 117209 views|2025-Q1
1889469214882500972|2025-02-12|00|4 replies; 1 repost; 33 likes; 1 bookmark; 5362 views|2025-Q1
1909641506245558418|2025-04-08|00|2 replies; 3 reposts; 26 likes; 6 bookmarks; 6895 views|2025-Q1
1899519519237820924|2025-03-11|00|3 reposts; 13 likes; 6 bookmarks; 3129 views|2025-Q1
1886539632667713724|2025-02-03|00|5 replies; 1 repost; 35 likes; 5 bookmarks; 8326 views|2025-Q1
1886568609419300963|2025-02-04|00|1 reply; 3 likes; 298 views|2025-Q1
1904945829493747819|2025-03-26|00|6 replies; 2 reposts; 55 likes; 3 bookmarks; 4377 views|2025-Q1
1895489317956710730|2025-02-28|00|5 replies; 4 reposts; 42 likes; 3 bookmarks; 39259 views|2025-Q1
1895489672970998187|2025-02-28|00|4 replies; 2 likes; 703 views|2025-Q1
1903999231565742566|2025-03-24|01|1 reply; 2 reposts; 21 likes; 3 bookmarks; 3786 views|2025-Q1
1901000451497357694|2025-03-15|00|15 replies; 8 reposts; 234 likes; 17 bookmarks; 22082 views|2025-Q1
1901016960881869038|2025-03-15|00|3 replies; 3 likes; 544 views|2025-Q1
1915075050413101498|2025-04-23|00|3 reposts; 40 likes; 13 bookmarks; 4290 views|2025-Q1
1889500178412945799|2025-02-12|00|1 reply; 1 repost; 5 likes; 719 views|2025-Q1
1889504302328066295|2025-02-12|00|1 reply; 2 likes; 343 views|2025-Q1
1893681241611710464|2025-02-23|00|2 replies; 3 reposts; 38 likes; 6 bookmarks; 6293 views|2025-Q1
1892269410187948188|2025-02-19|00|3 replies; 20 likes; 5 bookmarks; 1100 views|2025-Q1
1892322866948927854|2025-02-19|00|1 reply; 2 likes; 143 views|2025-Q1
1909750606698627138|2025-04-08|01|1 reply; 3 reposts; 25 likes; 8 bookmarks; 4774 views|2025-Q1
1910082794585464997|2025-04-09|00|2 reposts; 24 likes; 6 bookmarks; 3670 views|2025-Q1
1932168051098812606|2025-06-09|00|1 reply; 5 reposts; 22 likes; 2 bookmarks; 30519 views|2025-Q2
1948424375314583862|2025-07-24|00|4 replies; 13 likes; 1232 views|2025-Q2
1948452998017155276|2025-07-24|00|1 reply; 2 likes; 216 views|2025-Q2
1918851963850043900|2025-05-04|00|13 replies; 1 repost; 413 likes; 16 bookmarks; 44892 views|2025-Q2
1918852266884239562|2025-05-04|00|4 likes; 1733 views|2025-Q2
1983258718398820619|2025-10-28|01|6 replies; 56 reposts; 383 likes; 492 bookmarks; 59825 views|2025-Q3
1983658157973844157|2025-10-29|00|5 replies; 7 reposts; 124 likes; 73 bookmarks; 18765 views|2025-Q3
1976842135551754332|2025-10-11|00|6 replies; 18 reposts; 160 likes; 113 bookmarks; 10905 views|2025-Q3
1982875322522759389|2025-10-27|01|3 replies; 3 reposts; 65 likes; 26 bookmarks; 20871 views|2025-Q3
1982473364615668056|2025-10-26|00|6 replies; 16 reposts; 156 likes; 133 bookmarks; 13387 views|2025-Q3
1977101901801177564|2025-10-11|00|4 replies; 16 reposts; 127 likes; 71 bookmarks; 6927 views|2025-Q3
1980740780387180682|2025-10-21|11|4 replies; 3 reposts; 50 likes; 13 bookmarks; 27255 views|2025-Q3
1981849575641030958|2025-10-24|11|4 replies; 5 reposts; 42 likes; 5 bookmarks; 20180 views|2025-Q3
1981473205756772676|2025-10-23|11|11 replies; 18 reposts; 161 likes; 139 bookmarks; 52598 views|2025-Q3
1977903534130581885|2025-10-14|11|10 replies; 25 reposts; 167 likes; 104 bookmarks; 44220 views|2025-Q3
1984249216797954285|2025-10-31|10|11 replies; 20 reposts; 221 likes; 100 bookmarks; 34556 views|2025-Q3
1981722354129531280|2025-10-24|00|6 replies; 6 reposts; 120 likes; 34 bookmarks; 5608 views|2025-Q3
1978247014443049337|2025-10-14|00|3 replies; 5 reposts; 84 likes; 27 bookmarks; 21643 views|2025-Q3
1980021450087031170|2025-10-19|00|1 reply; 6 reposts; 54 likes; 16 bookmarks; 8367 views|2025-Q3
1981028021155905725|2025-10-22|00|8 replies; 27 reposts; 177 likes; 118 bookmarks; 9237 views|2025-Q3
1981042415227007275|2025-10-22|01|8 replies; 13 reposts; 95 likes; 34 bookmarks; 22343 views|2025-Q3
1977011308265718191|2025-10-11|00|10 replies; 47 reposts; 373 likes; 447 bookmarks; 36598 views|2025-Q3
1981103271151620292|2025-10-22|00|5 replies; 12 reposts; 155 likes; 91 bookmarks; 77526 views|2025-Q3
1978109791076843619|2025-10-14|01|2 replies; 1 repost; 20 likes; 11 bookmarks; 5485 views|2025-Q3
2001324949886161172|2025-12-17|00|11 replies; 13 reposts; 156 likes; 105 bookmarks; 16407 views|2025-Q4
2014127995313610782|2026-01-22|00|17 replies; 13 reposts; 256 likes; 82 bookmarks; 16167 views|2025-Q4
1997742933102010683|2025-12-07|01|14 replies; 21 reposts; 244 likes; 46 bookmarks; 55284 views|2025-Q4
2009384914207301837|2026-01-08|01|19 replies; 23 reposts; 227 likes; 115 bookmarks; 55386 views|2025-Q4
1985007947391336726|2025-11-02|01|14 replies; 47 reposts; 492 likes; 526 bookmarks; 57179 views|2025-Q4
1995262395300655191|2025-11-30|01|6 replies; 29 reposts; 287 likes; 219 bookmarks; 30740 views|2025-Q4
2045622742930567214|2026-04-18|00|93 replies; 85 reposts; 1382 likes; 127 bookmarks; 49851 views|2026-Q1
2019876019948122622|2026-02-06|00|62 replies; 213 reposts; 1325 likes; 2874 bookmarks; 305061 views|2026-Q1
2045581185057739221|2026-04-18|01|19 replies; 20 reposts; 183 likes; 109 bookmarks; 34053 views|2026-Q1
2033889441257779607|2026-03-17|01|9 replies; 12 reposts; 155 likes; 78 bookmarks; 32907 views|2026-Q1
2029256161355030534|2026-03-04|00|21 replies; 72 reposts; 582 likes; 479 bookmarks; 28872 views|2026-Q1
2047332269782663588|2026-04-23|00|6 replies; 11 reposts; 156 likes; 103 bookmarks; 52609 views|2026-Q1
2032449882997375218|2026-03-13|00|11 replies; 16 reposts; 245 likes; 187 bookmarks; 54240 views|2026-Q1
2038323656942584212|2026-03-29|00|14 replies; 41 reposts; 296 likes; 148 bookmarks; 34286 views|2026-Q1
2028505670039810445|2026-03-02|00|8 replies; 65 reposts; 479 likes; 679 bookmarks; 37622 views|2026-Q1
2065559213938548990|2026-06-12|00|19 replies; 62 reposts; 446 likes; 414 bookmarks; 19577 views|2026-Q2
2060861682822369410|2026-05-30|01|28 replies; 28 reposts; 323 likes; 149 bookmarks; 76704 views|2026-Q2
2072832054149177777|2026-07-02|00|16 replies; 78 reposts; 415 likes; 519 bookmarks; 28453 views|2026-Q2
2052512172475859376|2026-05-07|01|12 replies; 33 reposts; 320 likes; 257 bookmarks; 47478 views|2026-Q2
2055307951712211125|2026-05-15|00|27 replies; 41 reposts; 536 likes; 154 bookmarks; 26280 views|2026-Q2
2081937462369120728|2026-07-28|00|28 replies; 3 reposts; 122 likes; 56 bookmarks; 31764 views|2026-Q2
