setup,ticker,entry,exit,days,R,mfe_R,mae_R,capture%,entry_px,stop,stop_dist%,stop_ATR,vs_ma20%,vs_ma50%,vs_ma200%,ma20_50_gap%,vs_20dhigh%,pos_52w%,rsi14,atr%,trims,dir,machine_guess,trade_id,machine_guess_v2,guess_v2_conf
,HOOD,2026-08-19,2026-08-19,0,-0.33,0.64,1.21,-52.0,96.92,93.0,4.04,0.86,3.6,-2.7,0.4,-6.1,-6.9,36.0,50.0,4.8,1,long,Long below MA200 — counter-trend,HOOD_2026-08-19_001,Pullback — U&R 或 30m Pivot（手标定）,mid
,MRNA,2026-08-19,2026-08-19,0,4.47,11.09,-1.28,40.0,106.34,100.0,5.96,0.55,65.6,66.4,123.4,0.5,-39.8,99.0,92.0,6.7,3,long,Breakout / near 52W high,MRNA_2026-08-19_000,Other — 对不上三类,low
,SOFI,2026-08-19,2026-08-21,2,0.49,0.84,0.98,58.0,18.5,17.7,4.32,1.1,5.3,5.2,-10.3,-0.1,-2.4,20.0,56.0,4.0,1,long,Long below MA200 — counter-trend,SOFI_2026-08-19_000,Counter-trend (below MA200) — 三类之外,high
,SOXL,2026-08-19,2026-08-19,0,-0.53,2.15,1.03,-25.0,122.32,117.0,4.35,0.33,-6.3,-30.2,17.0,-25.5,-24.9,35.0,42.0,13.2,1,long,Pullback below MA50 — risk-on but stretched,SOXL_2026-08-19_000,Other — 对不上三类,low
,HOOD,2026-08-18,2026-08-19,1,-0.33,0.64,1.4,-52.0,96.92,93.0,4.04,0.88,3.1,-2.5,0.2,-5.5,-9.3,31.0,44.0,4.9,1,long,Long below MA200 — counter-trend,HOOD_2026-08-18_001,Pullback — U&R 或 30m Pivot（手标定）,mid
,MRNA,2026-08-18,2026-08-19,1,4.47,11.09,6.97,40.0,106.34,100.0,5.96,1.69,82.1,73.3,126.9,-4.9,62.3,64.0,55.0,6.0,3,long,Long in mixed structure,MRNA_2026-08-18_000,Breakout,high
,SOFI,2026-08-18,2026-08-21,3,0.49,0.84,1.07,58.0,18.5,17.7,4.32,1.08,5.7,5.4,-10.6,-0.3,-2.4,16.0,49.0,4.2,1,long,Long below MA200 — counter-trend,SOFI_2026-08-18_000,Counter-trend (below MA200) — 三类之外,high
,SOXL,2026-08-18,2026-08-19,1,-0.53,2.87,1.03,-19.0,122.32,117.0,4.35,0.32,-7.7,-30.9,17.4,-25.1,-26.2,38.0,44.0,12.8,1,long,Pullback below MA50 — risk-on but stretched,SOXL_2026-08-18_000,Other — 对不上三类,low
,ARM,2026-08-16,2026-08-17,1,-1.0,1.19,1.93,-84.0,281.08,276.0,1.81,0.23,5.4,-9.7,44.1,-14.3,-6.1,51.0,50.0,8.1,1,long,Pullback below MA50 — risk-on but stretched,ARM_2026-08-16_000,Other — 对不上三类,low
,AUR,2026-08-16,2026-08-18,2,-1.11,0.6,2.94,-186.0,6.95,6.6,5.04,0.84,5.9,8.3,32.6,2.2,-4.1,68.0,58.0,5.9,2,long,Long in mixed structure,AUR_2026-08-16_000,Other — 对不上三类,low
,INTC,2026-08-16,2026-08-18,2,-2.4,0.36,3.32,-659.0,104.91,102.0,2.77,0.42,8.4,-4.1,49.6,-11.5,-2.5,67.0,51.0,6.7,2,long,Pullback below MA50 — risk-on but stretched,INTC_2026-08-16_000,Breakout（临界，base 顶下 2-4%）,low
,MRNA,2026-08-13,2026-08-19,4,22.26,41.89,0.7,53.0,62.72,60.0,4.34,0.73,8.3,3.6,35.5,-4.3,-4.0,65.0,57.0,5.9,3,long,Long in mixed structure,MRNA_2026-08-13_000,Breakout（临界，base 顶下 2-4%）,low
,MRNA,2026-08-13,2026-08-18,3,1.14,2.97,3.14,39.0,63.24,62.47,1.22,0.21,9.2,4.5,36.6,-4.3,-3.2,65.0,57.0,5.9,2,long,Long in mixed structure,MRNA_2026-08-13_001,Breakout（临界，base 顶下 2-4%）,low
,STX,2026-08-13,2026-08-18,3,-0.04,2.33,3.07,-2.0,948.23,920.0,2.98,0.36,12.9,6.8,73.8,-5.5,1.3,78.0,58.0,8.5,3,long,Long in mixed structure,STX_2026-08-13_000,Breakout,high
,ARM,2026-08-12,2026-08-18,4,-1.08,1.17,2.81,-93.0,277.71,267.0,3.86,0.45,4.7,-12.2,43.2,-16.2,-7.2,49.0,48.0,8.7,2,long,Pullback below MA50 — risk-on but stretched,ARM_2026-08-12_000,Other — 对不上三类,low
,INTC,2026-08-12,2026-08-14,2,0.0,1.21,0.96,0.0,103.42,100.0,3.31,0.47,7.6,-5.7,48.8,-12.4,-3.2,65.0,50.0,7.2,2,long,Pullback below MA50 — risk-on but stretched,INTC_2026-08-12_000,Breakout（临界，base 顶下 2-4%）,low
,MU,2026-08-12,2026-08-14,2,2.67,3.88,1.03,69.0,917.21,900.0,1.88,0.22,4.3,-5.0,68.3,-8.9,-9.3,70.0,51.0,8.7,2,long,Pullback below MA50 — risk-on but stretched,MU_2026-08-12_000,Other — 对不上三类,low
,ALAB,2026-08-11,2026-08-13,2,-1.27,0.7,2.03,-182.0,329.21,318.0,3.41,0.32,5.3,-7.7,54.2,-12.3,-11.4,53.0,47.0,11.1,1,long,Pullback below MA50 — risk-on but stretched,ALAB_2026-08-11_000,Other — 对不上三类,low
,MU,2026-08-11,2026-08-14,3,1.98,2.97,3.61,67.0,921.18,900.0,2.3,0.27,4.8,-4.8,70.1,-9.2,-9.0,66.0,47.0,9.0,2,long,Pullback below MA50 — risk-on but stretched,MU_2026-08-11_000,Other — 对不上三类,low
,MU,2026-08-11,2026-08-12,1,-1.0,0.65,5.96,-153.0,926.8,913.0,1.49,0.18,5.5,-4.2,71.2,-9.2,-8.4,66.0,47.0,9.0,1,long,Pullback below MA50 — risk-on but stretched,MU_2026-08-11_001,Other — 对不上三类,low
,OUST,2026-08-11,2026-08-18,5,-0.11,2.08,0.91,-5.0,45.2,42.0,7.08,0.73,15.5,6.1,55.6,-8.2,-8.7,61.0,55.0,9.7,1,long,Long in mixed structure,OUST_2026-08-11_000,Other — 对不上三类,low
,ALAB,2026-08-09,2026-08-10,1,-1.0,0.85,1.26,-117.0,332.4,320.0,3.73,0.35,4.8,-7.1,56.9,-11.3,-17.6,59.0,51.0,10.6,1,long,Pullback below MA50 — risk-on but stretched,ALAB_2026-08-09_000,Other — 对不上三类,low
,IOT,2026-08-09,2026-08-10,1,-1.74,-0.27,3.0,,40.62,40.0,1.53,0.26,10.3,15.8,21.0,5.0,-1.8,73.0,63.0,5.9,2,long,Long in mixed structure,IOT_2026-08-09_000,Breakout,high
,AMZU,2026-08-06,2026-08-11,3,-0.31,3.56,2.17,-9.0,42.48,42.0,1.13,0.17,17.4,18.3,21.8,0.7,-8.7,77.0,61.0,6.7,2,long,Long in mixed structure,AMZU_2026-08-06_000,Other — 对不上三类,low
,BLZE,2026-08-05,2026-08-06,1,-0.61,1.18,1.65,-52.0,18.82,18.0,4.36,0.44,29.5,55.5,172.8,20.1,-21.6,74.0,67.0,9.9,1,long,Long in mixed structure,BLZE_2026-08-05_000,Other — 对不上三类,low
,HPE,2026-08-05,2026-08-18,9,4.65,6.6,0.94,70.0,50.9,49.0,3.73,0.66,6.4,8.5,71.4,1.9,-6.8,76.0,65.0,5.4,3,long,Long in mixed structure,HPE_2026-08-05_000,Other — 对不上三类,low
,ARM,2026-08-04,2026-08-05,1,-0.33,1.2,5.08,-28.0,277.12,272.0,1.85,0.21,1.5,-14.5,45.3,-15.7,-18.4,51.0,50.0,8.6,1,long,Pullback below MA50 — risk-on but stretched,ARM_2026-08-04_000,Pullback — U&R 或 30m Pivot（手标定）,mid
,CBRG,2026-08-04,2026-08-05,1,-0.76,0.8,1.57,-95.0,5.09,4.74,6.88,0.33,18.9,-9.5,,-23.9,-20.1,16.0,55.0,20.4,2,long,Long in mixed structure,CBRG_2026-08-04_000,Other — 对不上三类,low
,ARM,2026-08-03,2026-08-07,4,3.23,3.67,4.75,88.0,264.49,255.0,3.59,0.42,-3.5,-18.4,39.0,-15.5,-22.1,39.0,37.0,9.4,1,long,Pullback below MA50 — risk-on but stretched,ARM_2026-08-03_000,Other — 对不上三类,low
,TQQQ,2026-08-03,2026-08-05,2,1.67,2.49,2.68,67.0,70.39,68.0,3.4,0.55,2.2,-5.8,18.9,-7.9,-9.0,61.0,48.0,6.4,3,long,Pullback below MA50 — risk-on but stretched,TQQQ_2026-08-03_000,Pullback — U&R 或 30m Pivot（手标定）,mid
,FNGU,2026-08-02,2026-08-05,3,2.97,3.79,1.02,78.0,28.45,27.0,5.1,0.88,5.7,1.8,12.9,-3.7,-4.8,57.0,50.0,6.2,3,long,Pullback below MA50 — risk-on but stretched,FNGU_2026-08-02_000,Pullback — U&R 或 30m Pivot（手标定）,mid
,HPE,2026-08-02,2026-08-18,12,3.85,5.2,1.01,74.0,49.1,46.34,5.62,0.95,5.4,6.9,67.7,1.5,-3.9,64.0,55.0,6.1,3,long,Pullback in uptrend,HPE_2026-08-02_000,Breakout（临界，base 顶下 2-4%）,low
,SOXL,2026-07-20,2026-07-22,2,-0.28,1.29,3.72,-22.0,158.0,152.0,3.8,0.19,-20.5,-22.7,67.3,-2.8,-47.7,41.0,40.0,23.0,2,long,Pullback below MA50 — risk-on but stretched,SOXL_2026-07-20_000,Other — 对不上三类,low
,SPCX,2026-07-20,2026-07-22,2,-0.83,1.45,3.12,-57.0,125.21,122.0,2.56,0.36,-15.6,,,,-29.2,0.0,64.0,7.4,1,long,Long in mixed structure,SPCX_2026-07-20_000,Other — 对不上三类,low
,IGV,2026-07-19,2026-07-22,3,-1.45,0.27,2.48,-547.0,93.7,91.7,2.13,0.72,2.7,1.0,-2.3,-1.6,-2.6,43.0,52.0,3.0,2,long,Long below MA200 — counter-trend,IGV_2026-07-19_000,Counter-trend (below MA200) — 三类之外,high
,XBI,2026-07-16,2026-07-20,2,-0.07,1.56,1.86,-5.0,153.16,151.0,1.41,0.52,-1.0,8.3,21.4,9.3,-7.6,82.0,52.0,2.7,1,long,Long in mixed structure,XBI_2026-07-16_000,Pullback — U&R 或 30m Pivot（手标定）,mid
,BUG,2026-07-13,2026-07-21,6,-0.67,1.46,1.14,-46.0,40.51,39.0,3.73,1.09,10.1,18.2,30.7,7.4,-2.2,90.0,65.0,3.5,1,long,Breakout / near 52W high,BUG_2026-07-13_000,Breakout（临界，base 顶下 2-4%）,low
,CRWD,2026-07-13,2026-07-22,7,1.9,5.86,2.63,33.0,192.3,188.0,2.24,0.45,5.9,16.7,50.4,10.2,-8.2,83.0,58.0,5.1,3,long,Pullback in uptrend,CRWD_2026-07-13_000,Other — 对不上三类,low
,GOOGL,2026-07-13,2026-07-15,2,1.72,1.96,0.86,88.0,358.0,350.0,2.23,0.8,0.1,-3.9,12.2,-4.0,-4.8,73.0,44.0,2.9,1,long,Pullback below MA50 — risk-on but stretched,GOOGL_2026-07-13_000,Pullback — U&R 或 30m Pivot（手标定）,mid
,MXL,2026-07-13,2026-07-15,2,-0.47,1.57,3.27,-30.0,93.3,90.0,3.54,0.25,-0.6,3.1,153.8,3.7,-27.3,66.0,49.0,14.7,1,long,Pullback below MA50 — risk-on but stretched,MXL_2026-07-13_000,Pullback — U&R 或 30m Pivot（手标定）,mid
,ANET,2026-07-12,2026-07-13,1,-0.54,0.17,1.45,,188.6,183.0,2.97,0.52,12.1,17.6,31.0,5.0,-0.6,96.0,63.0,5.8,2,long,Breakout / near 52W high,ANET_2026-07-12_000,Breakout,high
,AVGO,2026-07-09,2026-07-15,4,-0.52,0.26,0.84,-197.0,401.8,380.0,5.43,1.32,5.4,-1.0,11.3,-6.1,-3.1,56.0,54.0,4.1,3,long,Pullback below MA50 — risk-on but stretched,AVGO_2026-07-09_000,Breakout（临界，base 顶下 2-4%）,low
,GOOGL,2026-07-09,2026-07-16,5,1.93,3.28,0.82,59.0,355.91,350.0,1.66,0.5,-0.5,-4.4,11.9,-3.9,-5.3,76.0,48.0,3.3,1,long,Pullback below MA50 — risk-on but stretched,GOOGL_2026-07-09_000,Pullback — U&R 或 30m Pivot（手标定）,mid
,DOCN,2026-07-08,2026-07-10,2,-1.59,0.72,3.28,-219.0,144.87,140.0,3.36,0.36,-7.7,-4.6,80.9,3.4,-22.7,70.0,44.0,9.7,2,long,Pullback below MA50 — risk-on but stretched,DOCN_2026-07-08_000,Other — 对不上三类,low
,NBIS,2026-07-08,2026-07-09,1,-0.34,0.74,2.55,-46.0,221.18,210.0,5.05,0.39,-9.7,1.3,64.2,12.2,-26.2,65.0,45.0,13.2,1,long,Pullback below MA50 — risk-on but stretched,NBIS_2026-07-08_000,Pullback — U&R 或 30m Pivot（手标定）,mid
,NBIS,2026-07-08,2026-07-10,2,-1.0,1.71,3.41,-59.0,217.2,210.0,3.31,0.25,-11.4,-0.5,61.3,12.2,-27.6,65.0,45.0,13.2,1,long,Pullback below MA50 — risk-on but stretched,NBIS_2026-07-08_001,Pullback — U&R 或 30m Pivot（手标定）,mid
,AMBA,2026-07-07,2026-07-13,4,0.0,1.19,0.5,0.0,73.54,68.0,7.53,0.73,5.0,-0.5,2.7,-5.3,-21.8,49.0,49.0,10.5,1,long,Pullback below MA50 — risk-on but stretched,AMBA_2026-07-07_000,Pullback — U&R 或 30m Pivot（手标定）,mid
,SOXL,2026-07-07,2026-07-08,1,0.0,4.12,4.03,0.0,163.27,160.0,2.0,0.08,-28.3,-17.7,84.4,14.9,-45.9,51.0,43.0,26.3,1,long,Pullback below MA50 — risk-on but stretched,SOXL_2026-07-07_000,Other — 对不上三类,low
,LLY,2026-07-05,2026-07-13,6,-0.35,2.09,1.23,-17.0,1195.1,1170.0,2.1,0.65,4.3,13.5,21.8,8.8,-3.3,96.0,67.0,3.2,2,long,Breakout / near 52W high,LLY_2026-07-05_000,Breakout（临界，base 顶下 2-4%）,low
,FNGU,2026-06-28,2026-06-29,1,0.25,0.64,0.14,39.0,24.58,23.0,6.43,0.66,-14.1,-11.2,-3.7,3.3,-33.2,45.0,41.0,10.0,1,long,Long below MA200 — counter-trend,FNGU_2026-06-28_000,Counter-trend (below MA200) — 三类之外,high
,INTC,2026-06-28,2026-07-02,4,0.0,2.0,1.05,0.0,126.11,118.0,6.43,0.74,5.6,16.4,116.6,10.2,-10.8,89.0,57.0,8.5,1,long,Long in mixed structure,INTC_2026-06-28_000,Other — 对不上三类,low
,TQQQ,2026-06-28,2026-07-02,4,0.8,2.0,0.62,40.0,73.85,70.0,5.21,0.62,-6.2,1.0,30.2,7.6,-16.0,68.0,45.0,8.6,2,long,Pullback below MA50 — risk-on but stretched,TQQQ_2026-06-28_000,Pullback — U&R 或 30m Pivot（手标定）,mid
,BUG,2026-06-25,2026-07-20,17,3.08,4.55,0.52,68.0,34.75,33.0,5.04,1.54,-0.4,10.3,13.0,10.8,-10.3,71.0,55.0,3.3,3,long,Long in mixed structure,BUG_2026-06-25_000,Pullback — U&R 或 30m Pivot（手标定）,mid
,SLV,2026-06-25,2026-07-08,9,-0.53,1.84,0.74,-29.0,52.89,51.0,3.57,0.64,-14.2,-20.8,-14.8,-7.7,-23.7,24.0,29.0,5.7,1,long,Long below MA200 — counter-trend,SLV_2026-06-25_000,Counter-trend (below MA200) — 三类之外,high
,SLV,2026-06-24,2026-07-08,10,-0.23,1.12,0.9,-20.0,53.0,50.0,5.66,1.02,-15.1,-21.1,-14.6,-7.1,-23.6,23.0,27.0,5.7,2,long,Long below MA200 — counter-trend,SLV_2026-06-24_000,Counter-trend (below MA200) — 三类之外,high
,SLV,2026-06-24,2026-07-13,13,-0.26,1.84,1.37,-14.0,52.89,51.0,3.57,0.64,-15.3,-21.3,-14.7,-7.1,-23.7,23.0,27.0,5.7,2,long,Long below MA200 — counter-trend,SLV_2026-06-24_001,Counter-trend (below MA200) — 三类之外,high
,SNDK,2026-06-24,2026-06-25,1,4.1,6.72,1.67,61.0,1958.0,1900.0,2.96,0.3,6.6,33.2,204.5,25.0,-16.8,81.0,56.0,10.0,3,long,Long in mixed structure,SNDK_2026-06-24_000,Other — 对不上三类,low
,SNDK,2026-06-24,2026-06-26,2,0.39,2.83,4.13,14.0,2149.98,2080.0,3.25,0.36,17.0,46.3,234.3,25.0,-8.7,81.0,56.0,10.0,2,long,Long in mixed structure,SNDK_2026-06-24_001,Other — 对不上三类,low
,ACMR,2026-06-23,2026-07-02,7,1.25,4.57,2.41,27.0,104.88,100.0,4.65,0.47,16.1,49.0,108.7,28.3,-5.9,86.0,61.0,10.5,2,long,Long in mixed structure,ACMR_2026-06-23_000,Other — 对不上三类,low
,FPS,2026-06-23,2026-06-25,2,-0.6,0.25,1.56,,62.07,58.3,6.07,0.74,8.0,33.1,,23.2,-6.0,83.0,58.0,8.6,1,long,Long in mixed structure,FPS_2026-06-23_000,Other — 对不上三类,low
,NAIL,2026-06-23,2026-07-07,10,0.9,2.78,1.99,32.0,47.79,45.0,5.84,0.83,17.7,17.0,-13.7,-0.6,0.4,20.0,55.0,7.8,3,long,Long below MA200 — counter-trend,NAIL_2026-06-23_000,Counter-trend (below MA200) — 三类之外,high
,SLV,2026-06-23,2026-07-13,14,-0.22,1.75,1.34,-13.0,53.0,51.0,3.77,0.74,-16.3,-21.5,-14.5,-6.2,-24.0,28.0,32.0,4.8,3,long,Long below MA200 — counter-trend,SLV_2026-06-23_000,Counter-trend (below MA200) — 三类之外,high
,DOCN,2026-06-22,2026-06-24,2,-0.86,2.14,1.82,-40.0,159.3,152.0,4.58,0.47,-5.6,14.4,114.9,21.2,-15.0,87.0,53.0,9.3,2,long,Long in mixed structure,DOCN_2026-06-22_000,Other — 对不上三类,low
,CRWD,2026-06-21,2026-06-22,1,-1.0,,,,699.12,680.0,2.73,1.96,305.7,394.5,471.4,21.9,255.9,77.0,58.0,5.7,1,long,Long in mixed structure,CRWD_2026-06-21_000,Breakout,high
,AVGO,2026-06-16,2026-06-23,5,-0.52,1.13,0.72,-46.0,390.97,370.0,5.36,0.82,-5.6,-4.3,9.4,1.4,-20.9,44.0,41.0,6.8,2,long,Pullback below MA50 — risk-on but stretched,AVGO_2026-06-16_000,Other — 对不上三类,low
,DOCN,2026-06-16,2026-06-23,5,4.23,3.65,5.39,116.0,172.98,169.0,2.3,0.28,4.0,29.0,140.2,24.0,-7.0,92.0,61.0,8.2,3,long,Long in mixed structure,DOCN_2026-06-16_000,Other — 对不上三类,low
,TZA,2026-06-16,2026-06-18,2,-0.52,,,,4.24,4.0,5.66,0.08,-90.4,-91.2,-93.6,-8.7,-92.0,4.0,40.0,7.1,2,long,Long below MA200 — counter-trend,TZA_2026-06-16_000,Counter-trend (below MA200) — 三类之外,high
,DDOG,2026-06-11,2026-06-17,4,-0.66,0.2,1.04,,236.4,225.0,4.82,0.76,2.8,35.1,58.6,31.5,-15.2,75.0,60.0,6.4,1,long,Pullback in uptrend,DDOG_2026-06-11_000,Pullback — U&R 或 30m Pivot（手标定）,mid
,SNDK,2026-06-11,2026-06-24,9,2.91,8.63,5.36,34.0,1929.28,1880.0,2.55,0.33,21.0,52.2,242.4,25.7,1.8,99.0,68.0,7.9,3,long,Breakout / near 52W high,SNDK_2026-06-11_000,Breakout,high
,TQQQ,2026-06-11,2026-06-16,3,1.07,1.37,1.09,78.0,76.25,70.0,8.2,1.23,-3.1,13.5,38.4,17.2,-13.2,76.0,51.0,6.7,3,long,Long in mixed structure,TQQQ_2026-06-11_000,Other — 对不上三类,low
,CRDO,2026-06-10,2026-06-16,4,-1.03,0.97,2.83,-106.0,258.78,247.0,4.55,0.46,24.5,44.7,73.0,16.2,-1.0,86.0,64.0,10.8,2,long,Long in mixed structure,CRDO_2026-06-10_000,Breakout,high
,TQQQ,2026-06-10,2026-06-17,5,1.23,2.1,1.24,59.0,74.78,70.0,6.39,1.0,-5.1,12.5,36.1,18.5,-14.9,63.0,41.0,6.9,2,long,Long in mixed structure,TQQQ_2026-06-10_000,Other — 对不上三类,low
,F,2026-06-08,2026-06-10,2,-0.96,-0.08,2.09,,15.27,14.7,3.73,0.78,5.6,18.4,22.2,12.1,-13.2,60.0,55.0,4.9,2,long,Pullback in uptrend,F_2026-06-08_000,Other — 对不上三类,low
,SNDK,2026-06-08,2026-06-09,1,-0.32,1.69,5.29,-19.0,1738.23,1700.0,2.2,0.31,11.6,44.8,223.0,29.7,-6.6,88.0,58.0,7.6,1,long,Long in mixed structure,SNDK_2026-06-08_000,Other — 对不上三类,low
,SQQQ,2026-06-08,2026-06-09,1,9.1,12.14,3.4,75.0,40.43,40.0,1.06,0.22,0.9,-22.7,-38.4,-23.4,-9.8,9.0,43.0,4.8,2,long,Long below MA200 — counter-trend,SQQQ_2026-06-08_000,Counter-trend (below MA200) — 三类之外,high
,SQQQ,2026-06-08,2026-06-09,1,9.11,12.14,3.4,75.0,40.43,40.0,1.06,0.22,0.9,-22.7,-38.4,-23.4,-9.8,9.0,43.0,4.8,2,long,Long below MA200 — counter-trend,SQQQ_2026-06-08_001,Counter-trend (below MA200) — 三类之外,high
,VECO,2026-06-08,2026-06-29,15,0.6,2.05,1.14,29.0,68.72,60.0,12.69,2.28,15.8,36.0,96.2,17.4,5.7,90.0,58.0,6.3,3,long,Pullback in uptrend,VECO_2026-06-08_000,Breakout,high
,BE,2026-06-07,2026-06-09,2,-1.26,3.25,2.12,-39.0,257.23,250.0,2.81,0.29,-9.7,8.6,,20.2,-20.3,79.0,47.0,9.6,1,long,Long in mixed structure,BE_2026-06-07_000,Other — 对不上三类,low
,DOCN,2026-06-07,2026-06-09,2,-1.48,0.81,1.77,-181.0,168.12,160.0,4.83,0.63,4.5,38.0,,32.1,-8.9,91.0,63.0,7.6,1,long,Long in mixed structure,DOCN_2026-06-07_000,Other — 对不上三类,low
,INTC,2026-06-07,2026-06-09,2,-0.17,1.12,1.96,-15.0,108.72,104.0,4.34,0.53,-6.2,22.5,,30.6,-18.1,69.0,44.0,8.9,2,long,Long in mixed structure,INTC_2026-06-07_000,Other — 对不上三类,low
,CRDO,2026-06-04,2026-06-05,1,-0.12,0.42,1.59,-29.0,227.0,210.0,7.49,0.78,12.4,34.7,,19.9,-7.7,82.0,59.0,10.0,1,long,Long in mixed structure,CRDO_2026-06-04_000,Other — 对不上三类,low
,SOXS,2026-06-04,2026-06-08,2,0.62,,,,5.91,5.5,6.94,0.0,-99.3,-99.8,,-66.7,-99.6,0.0,18.0,310.8,3,long,Long in mixed structure,SOXS_2026-06-04_000,Other — 对不上三类,low
,SOXS,2026-06-04,2026-06-05,1,1.12,,,,5.91,5.5,6.94,0.0,-99.3,-99.8,,-66.7,-99.6,0.0,18.0,310.8,1,long,Long in mixed structure,SOXS_2026-06-04_001,Other — 对不上三类,low
,SOXS,2026-06-04,2026-06-08,2,0.0,,,,5.93,5.5,7.25,0.0,-99.3,-99.8,,-66.7,-99.6,0.0,18.0,310.8,1,long,Long in mixed structure,SOXS_2026-06-04_002,Other — 对不上三类,low
,VIAV,2026-06-04,2026-06-05,1,-0.18,0.56,1.27,-32.0,51.83,47.84,7.7,1.04,1.2,12.5,,11.2,-7.1,86.0,58.0,7.2,1,long,Long in mixed structure,VIAV_2026-06-04_000,Pullback — U&R 或 30m Pivot（手标定）,mid
,NET,2026-06-03,2026-06-05,2,-0.93,0.16,2.35,,274.86,263.0,4.31,0.98,24.2,29.7,,4.4,0.1,92.0,67.0,4.6,1,long,Long in mixed structure,NET_2026-06-03_000,Breakout,high
,SNXX,2026-06-03,2026-06-05,2,-0.82,0.49,3.32,-170.0,31.49,28.4,9.81,0.9,37.5,117.6,,58.2,-4.5,94.0,73.0,11.0,2,long,Extended long — RSI overbought,SNXX_2026-06-03_000,Other — 对不上三类,low
,CRDO,2026-06-02,2026-06-03,1,-0.03,4.07,1.0,-1.0,212.28,204.0,3.9,0.42,6.1,29.5,,22.0,-13.7,89.0,65.0,8.5,1,long,Long in mixed structure,CRDO_2026-06-02_000,Other — 对不上三类,low
,INTC,2026-06-02,2026-06-03,1,0.0,0.76,0.98,0.0,112.12,104.0,7.24,0.94,-3.6,31.9,,36.8,-15.5,77.0,52.0,8.0,1,long,Long in mixed structure,INTC_2026-06-02_000,Other — 对不上三类,low
,VIAV,2026-06-02,2026-06-04,2,-1.77,0.36,2.25,-492.0,53.89,51.2,4.99,0.72,5.1,18.9,,13.1,-5.3,85.0,58.0,7.1,1,long,Long in mixed structure,VIAV_2026-06-02_000,Other — 对不上三类,low
,FLY,2026-06-01,2026-06-03,2,-0.54,0.41,1.14,-130.0,44.56,40.0,10.23,0.77,4.8,19.2,,13.7,-28.3,61.0,52.0,13.5,1,long,Long in mixed structure,FLY_2026-06-01_000,Other — 对不上三类,low
,PL,2026-06-01,2026-06-03,2,-1.0,0.96,2.59,-104.0,48.58,46.3,4.69,0.54,13.2,27.7,,12.8,-6.1,88.0,59.0,9.1,1,long,Long in mixed structure,PL_2026-06-01_000,Other — 对不上三类,low
,TSLL,2026-06-01,2026-06-05,4,-0.83,2.09,4.46,-40.0,14.58,14.1,3.29,0.43,-2.9,10.4,,13.7,-15.6,34.0,49.0,7.8,1,long,Long in mixed structure,TSLL_2026-06-01_000,Pullback — U&R 或 30m Pivot（手标定）,mid
,CRDO,2026-05-31,2026-06-02,2,6.16,16.2,-5.74,38.0,191.37,188.0,1.76,0.18,-2.1,20.3,,22.9,-20.5,97.0,69.0,8.2,2,long,Long in mixed structure,CRDO_2026-05-31_000,Pullback — U&R 或 30m Pivot（手标定）,mid
,DOCN,2026-05-31,2026-06-05,5,1.16,2.81,0.84,41.0,162.73,155.0,4.75,0.73,7.6,44.1,,33.9,-2.0,93.0,63.0,6.8,3,long,Long in mixed structure,DOCN_2026-05-31_000,Breakout,high
,OKLL,2026-05-31,2026-06-02,2,1.13,1.58,1.23,71.0,9.26,8.4,9.29,0.53,-3.5,5.2,,9.0,-31.8,2.0,48.0,18.4,1,long,Long in mixed structure,OKLL_2026-05-31_000,Other — 对不上三类,low
,SKM,2026-05-31,2026-06-03,3,0.76,1.48,1.18,51.0,42.89,40.0,6.74,1.67,13.5,21.1,,6.6,7.3,85.0,51.0,4.6,1,long,Long in mixed structure,SKM_2026-05-31_000,Breakout,high
,CRCL,2026-05-29,2026-05-30,0,0.0,0.35,0.64,0.0,111.73,104.0,6.92,0.71,-2.5,5.5,,8.2,-20.2,58.0,52.0,9.6,1,long,Long in mixed structure,CRCL_2026-05-29_000,Pullback — U&R 或 30m Pivot（手标定）,mid
,OKLL,2026-05-29,2026-06-03,3,-0.42,1.52,1.63,-28.0,9.28,8.4,9.48,0.54,-3.3,5.4,,9.0,-31.6,2.0,48.0,18.4,2,long,Long in mixed structure,OKLL_2026-05-29_000,Other — 对不上三类,low
,ONDS,2026-05-29,2026-06-02,2,2.8,5.74,1.57,49.0,12.15,11.8,2.88,0.28,21.9,22.4,,0.4,-11.8,82.0,69.0,9.4,1,long,Long in mixed structure,ONDS_2026-05-29_000,Other — 对不上三类,low
,PL,2026-05-29,2026-06-01,1,0.45,1.55,0.73,29.0,46.85,44.0,6.08,0.68,10.4,24.4,,12.7,-9.5,99.0,73.0,8.2,2,long,Extended long — RSI overbought,PL_2026-05-29_000,Other — 对不上三类,low
,TSLL,2026-05-29,2026-06-01,1,-0.45,0.37,1.05,-122.0,15.71,14.4,8.34,1.11,5.1,19.2,,13.4,-9.1,44.0,59.0,7.5,1,long,Long in mixed structure,TSLL_2026-05-29_000,Other — 对不上三类,low
,CRCL,2026-05-27,2026-06-02,4,-0.61,1.42,1.05,-43.0,104.78,98.0,6.47,0.62,-7.2,-1.9,,5.7,-25.2,48.0,44.0,10.6,2,long,Long in mixed structure,CRCL_2026-05-27_000,Pullback — U&R 或 30m Pivot（手标定）,mid
,NOWL,2026-05-26,2026-05-27,1,-0.36,1.0,2.0,-37.0,5.12,4.9,4.3,0.42,17.9,1.9,,-13.6,-13.5,6.0,52.0,10.8,1,long,Long in mixed structure,NOWL_2026-05-26_000,Pullback — U&R 或 30m Pivot（手标定）,mid
,ONDS,2026-05-26,2026-06-09,10,2.7,7.98,1.68,34.0,9.93,9.4,5.34,0.59,3.4,1.0,,-2.4,-18.1,53.0,51.0,9.2,3,long,Long in mixed structure,ONDS_2026-05-26_000,Pullback — U&R 或 30m Pivot（手标定）,mid
,ONDS,2026-05-26,2026-05-29,3,0.0,3.2,4.38,0.0,11.89,11.3,4.96,0.65,23.8,20.9,,-2.4,-1.9,53.0,51.0,9.2,1,long,Long in mixed structure,ONDS_2026-05-26_001,Breakout,high
,TSLL,2026-05-26,2026-05-27,1,-0.24,-0.05,1.83,,16.58,15.8,4.7,0.61,15.6,27.1,,10.0,-4.0,43.0,59.0,8.1,1,long,Long in mixed structure,TSLL_2026-05-26_000,Breakout（临界，base 顶下 2-4%）,low
,TSLL,2026-05-26,2026-05-29,3,-0.41,1.55,3.24,-27.0,16.09,15.8,1.8,0.23,12.1,23.4,,10.0,-6.9,43.0,59.0,8.1,1,long,Long in mixed structure,TSLL_2026-05-26_001,Other — 对不上三类,low
,ACMR,2026-05-20,2026-05-27,5,4.78,5.24,1.65,91.0,72.33,69.0,4.6,0.65,24.2,42.4,,14.6,0.9,100.0,75.0,7.2,1,long,Extended long — RSI overbought,ACMR_2026-05-20_000,Breakout,high
,AMZU,2026-05-20,2026-06-01,8,0.03,2.11,1.37,2.0,42.34,41.0,3.16,0.63,-1.2,19.5,,21.0,-9.7,79.0,56.0,5.0,3,long,Long in mixed structure,AMZU_2026-05-20_000,Pullback — U&R 或 30m Pivot（手标定）,mid
,CRDO,2026-05-20,2026-06-03,10,2.12,5.01,2.23,42.0,194.3,184.0,5.3,0.59,5.8,32.9,,25.7,-7.9,76.0,54.0,9.5,2,long,Long in mixed structure,CRDO_2026-05-20_000,Other — 对不上三类,low
,TSLL,2026-05-20,2026-06-01,8,0.5,2.08,1.49,24.0,14.96,14.2,5.08,0.59,7.7,15.3,,7.0,-13.4,35.0,54.0,8.8,1,long,Long in mixed structure,TSLL_2026-05-20_000,Other — 对不上三类,low
,BE,2026-05-19,2026-05-27,6,3.49,6.98,3.32,50.0,267.87,260.0,2.94,0.31,-0.1,31.1,,31.3,-13.6,82.0,54.0,9.8,2,long,Long in mixed structure,BE_2026-05-19_000,Pullback — U&R 或 30m Pivot（手标定）,mid
,CGNX,2026-05-19,2026-06-05,13,-0.03,1.87,1.07,-1.0,63.1,60.0,4.91,0.96,5.9,15.8,,9.3,-12.0,70.0,54.0,5.4,2,long,Long in mixed structure,CGNX_2026-05-19_000,Other — 对不上三类,low
,DOCN,2026-05-19,2026-06-23,25,1.3,5.37,2.83,24.0,155.89,150.0,3.78,0.44,19.9,54.4,,28.8,-5.4,89.0,65.0,8.9,2,long,Long in mixed structure,DOCN_2026-05-19_000,Other — 对不上三类,low
,NOWL,2026-05-19,2026-05-21,2,-1.31,3.31,1.79,-40.0,5.06,4.8,5.14,0.53,19.9,-3.0,,-19.1,-14.5,7.0,56.0,9.7,1,long,Long in mixed structure,NOWL_2026-05-19_000,Pullback — U&R 或 30m Pivot（手标定）,mid
,ALAB,2026-05-18,2026-05-27,7,3.16,4.1,1.27,77.0,237.78,216.0,9.16,1.16,15.7,48.0,,27.9,-0.8,71.0,60.0,8.7,3,long,Long in mixed structure,ALAB_2026-05-18_000,Breakout,high
,CLSK,2026-05-18,2026-05-29,9,3.25,5.83,1.69,56.0,13.97,13.2,5.51,0.73,7.7,25.7,,16.7,-7.1,35.0,57.0,7.9,3,long,Long in mixed structure,CLSK_2026-05-18_000,Other — 对不上三类,low
,FIG,2026-05-18,2026-05-19,1,-0.44,0.4,0.91,-109.0,24.54,21.3,13.2,2.05,27.1,15.7,,-9.0,0.5,12.0,67.0,6.5,1,long,Long in mixed structure,FIG_2026-05-18_000,Breakout,high
,HD,2026-05-18,2026-05-27,7,1.35,2.04,1.72,66.0,301.43,293.0,2.8,1.09,-5.3,-7.8,,-2.7,-14.1,2.0,33.0,2.6,2,long,Long in mixed structure,HD_2026-05-18_000,Other — 对不上三类,low
,NBIS,2026-05-18,2026-06-05,14,7.98,15.73,2.32,51.0,195.31,190.0,2.72,0.27,13.1,36.8,,20.9,-16.4,80.0,62.0,9.8,2,long,Long in mixed structure,NBIS_2026-05-18_000,Other — 对不上三类,low
,NOWL,2026-05-18,2026-05-21,3,-1.14,3.0,1.73,-38.0,5.08,4.8,5.51,0.64,20.0,-3.8,,-19.9,-11.3,8.0,58.0,8.4,2,long,Long in mixed structure,NOWL_2026-05-18_000,Other — 对不上三类,low
,RIG,2026-05-18,2026-05-20,2,-0.36,0.4,1.17,-89.0,7.47,7.0,6.29,1.42,13.7,15.1,,1.2,-2.2,99.0,71.0,4.4,1,long,Extended long — RSI overbought,RIG_2026-05-18_000,Breakout（临界，base 顶下 2-4%）,low
,SOXS,2026-05-17,2026-05-18,1,1.33,,,,9.13,8.3,9.09,0.0,-99.5,-99.8,,-51.5,-99.7,1.0,29.0,14.1,3,long,Long in mixed structure,SOXS_2026-05-17_000,Other — 对不上三类,low
,SOXS,2026-05-17,2026-05-19,2,1.5,,,,9.88,9.2,6.88,0.0,-99.5,-99.7,,-51.5,-99.7,1.0,29.0,14.1,3,long,Long in mixed structure,SOXS_2026-05-17_001,Other — 对不上三类,low
,TZA,2026-05-17,2026-05-20,3,0.44,,,,4.97,4.7,5.43,0.11,-89.7,-91.6,,-18.0,-90.7,8.0,45.0,4.9,1,long,Long in mixed structure,TZA_2026-05-17_000,Other — 对不上三类,low
,ALAB,2026-05-14,2026-05-18,2,-0.49,0.64,1.5,-76.0,230.89,217.0,6.02,0.8,15.1,47.5,,28.2,-0.4,79.0,69.0,7.6,1,long,Long in mixed structure,ALAB_2026-05-14_000,Breakout,high
,CRCL,2026-05-14,2026-05-18,2,-1.32,12.32,3.65,-11.0,112.98,111.4,1.4,0.14,3.8,5.3,,1.5,-19.3,68.0,59.0,9.3,1,long,Long in mixed structure,CRCL_2026-05-14_000,Other — 对不上三类,low
,DDOG,2026-05-14,2026-05-29,11,7.39,13.49,2.35,55.0,205.3,202.0,1.61,0.29,33.2,52.8,,14.7,-0.1,98.0,82.0,5.7,2,long,Extended long — RSI overbought,DDOG_2026-05-14_000,Breakout,high
,DDOG,2026-05-14,2026-05-18,2,-0.6,0.19,1.57,,209.81,202.0,3.72,0.68,36.2,56.2,,14.7,2.1,98.0,82.0,5.7,1,long,Extended long — RSI overbought,DDOG_2026-05-14_001,Breakout,high
,FIG,2026-05-14,2026-05-19,3,0.49,1.49,2.24,33.0,23.12,21.3,7.87,1.5,22.7,7.8,,-12.2,7.5,6.0,52.0,6.0,2,long,Long in mixed structure,FIG_2026-05-14_000,Breakout,high
,OUST,2026-05-14,2026-05-18,2,-2.08,1.29,2.83,-162.0,33.77,32.0,5.24,0.54,22.3,43.6,,17.4,-4.9,73.0,71.0,9.3,1,long,Extended long — RSI overbought,OUST_2026-05-14_000,Other — 对不上三类,low
,OUST,2026-05-14,2026-05-15,1,0.0,1.12,1.78,0.0,34.12,32.4,5.04,0.53,23.6,45.1,,17.4,-3.9,73.0,71.0,9.3,1,long,Extended long — RSI overbought,OUST_2026-05-14_001,Breakout（临界，base 顶下 2-4%）,low
,SLV,2026-05-14,2026-05-18,2,-0.39,4.02,0.7,-10.0,69.85,68.0,2.65,0.63,-1.2,0.0,,1.3,-13.6,55.0,58.0,3.9,1,long,Long in mixed structure,SLV_2026-05-14_000,Pullback — U&R 或 30m Pivot（手标定）,mid
,SOXS,2026-05-14,2026-05-19,3,1.81,,,,9.12,8.2,10.09,0.0,-99.5,-99.8,,-50.8,-99.7,0.0,25.0,15.8,3,long,Long in mixed structure,SOXS_2026-05-14_000,Other — 对不上三类,low
,ALAB,2026-05-12,2026-06-23,30,21.01,27.97,1.89,75.0,208.32,200.0,3.99,0.49,6.8,37.1,,28.4,-10.1,65.0,61.0,8.4,3,long,Long in mixed structure,ALAB_2026-05-12_000,Other — 对不上三类,low
,ALAB,2026-05-12,2026-06-01,14,13.59,15.98,1.81,85.0,209.1,200.0,4.35,0.53,7.2,37.7,,28.4,-9.8,65.0,61.0,8.4,2,long,Long in mixed structure,ALAB_2026-05-12_001,Other — 对不上三类,low
,CWEB,2026-05-12,2026-05-15,3,-1.08,0.12,1.49,,30.09,27.0,10.27,2.83,8.8,7.9,,-0.8,-2.3,7.0,49.0,4.0,1,long,Long in mixed structure,CWEB_2026-05-12_000,Breakout（临界，base 顶下 2-4%）,low
,NBIS,2026-05-12,2026-06-23,30,1.42,7.26,1.53,20.0,194.51,180.0,7.46,0.94,19.5,46.0,,22.1,-1.7,86.0,61.0,8.6,3,long,Long in mixed structure,NBIS_2026-05-12_000,Breakout,high
,NEBX,2026-05-12,2026-05-15,3,0.96,,,,115.42,100.0,13.36,3.31,361.2,536.2,,37.9,222.9,77.0,59.0,16.1,3,long,Long in mixed structure,NEBX_2026-05-12_000,Breakout,high
,AKAM,2026-05-10,2026-05-12,2,-1.03,0.54,1.64,-190.0,153.4,148.0,3.52,0.77,49.0,44.4,,-3.1,2.4,97.0,78.0,4.8,1,long,Extended long — RSI overbought,AKAM_2026-05-10_000,Breakout,high
,ALAB,2026-05-10,2026-05-12,2,-0.83,1.17,1.4,-71.0,204.49,196.0,4.15,0.5,6.9,37.7,,28.9,-11.8,62.0,60.0,8.6,1,long,Long in mixed structure,ALAB_2026-05-10_000,Other — 对不上三类,low
,CRCL,2026-05-10,2026-05-15,5,-1.33,1.19,2.61,-111.0,129.12,120.0,7.06,1.07,23.7,23.2,,-0.4,5.1,58.0,57.0,7.5,1,long,Long in mixed structure,CRCL_2026-05-10_000,Breakout,high
,GLW,2026-05-10,2026-05-15,5,-0.91,0.48,1.63,-188.0,206.1,195.0,5.39,0.94,22.9,36.3,,10.9,4.1,92.0,67.0,6.3,1,long,Long in mixed structure,GLW_2026-05-10_000,Breakout,high
,NOK,2026-05-10,2026-05-12,2,0.0,7.69,2.23,0.0,13.05,12.92,1.0,0.17,14.2,36.4,,19.4,-6.7,88.0,68.0,6.1,1,long,Long in mixed structure,NOK_2026-05-10_000,Other — 对不上三类,low
,NVTS,2026-05-10,2026-05-15,5,4.24,5.94,1.0,71.0,18.95,18.13,4.33,0.35,24.5,63.8,,31.5,-4.2,89.0,63.0,13.0,3,long,Long in mixed structure,NVTS_2026-05-10_000,Other — 对不上三类,low
,NVTS,2026-05-10,2026-05-11,1,1.66,2.6,1.65,64.0,20.34,19.0,6.59,0.56,33.6,75.8,,31.5,2.8,89.0,63.0,13.0,1,long,Long in mixed structure,NVTS_2026-05-10_001,Breakout,high
,TSLL,2026-05-10,2026-05-15,5,-0.32,0.34,0.73,-94.0,16.45,14.0,14.89,2.72,28.7,28.5,,-0.2,4.8,42.0,69.0,5.8,1,long,Long in mixed structure,TSLL_2026-05-10_000,Breakout,high
,ALB,2026-05-07,2026-05-12,3,-0.04,1.82,1.09,-2.0,203.78,194.62,4.5,0.86,5.8,13.7,,7.4,-7.6,85.0,56.0,5.4,2,long,Long in mixed structure,ALB_2026-05-07_000,Other — 对不上三类,low
,BE,2026-05-07,2026-05-08,1,0.0,9.44,1.27,0.0,253.37,250.0,1.33,0.15,6.0,36.9,,29.2,-16.4,83.0,60.0,8.6,1,long,Long in mixed structure,BE_2026-05-07_000,Other — 对不上三类,low
,BE,2026-05-07,2026-06-05,21,1.67,4.23,0.89,39.0,255.84,240.0,6.19,0.71,7.0,38.2,,29.2,-15.6,83.0,60.0,8.6,2,long,Long in mixed structure,BE_2026-05-07_001,Other — 对不上三类,low
,BE,2026-05-07,2026-05-08,1,0.0,4.89,2.15,0.0,260.12,255.0,1.97,0.23,8.8,40.5,,29.2,-14.1,83.0,60.0,8.6,1,long,Long in mixed structure,BE_2026-05-07_002,Other — 对不上三类,low
,BE,2026-05-07,2026-05-08,1,4.72,11.82,5.2,40.0,260.12,258.0,0.82,0.09,8.8,40.5,,29.2,-14.1,83.0,60.0,8.6,1,long,Long in mixed structure,BE_2026-05-07_003,Other — 对不上三类,low
,GLW,2026-05-07,2026-05-08,1,-0.56,1.28,2.58,-43.0,191.23,186.0,2.73,0.47,14.5,27.1,,11.0,-2.2,90.0,65.0,6.1,1,long,Long in mixed structure,GLW_2026-05-07_000,Breakout（临界，base 顶下 2-4%）,low
,GLW,2026-05-07,2026-05-11,2,2.54,2.68,1.29,95.0,187.78,180.0,4.14,0.7,12.5,24.8,,11.0,-4.0,90.0,65.0,6.1,1,long,Long in mixed structure,GLW_2026-05-07_001,Breakout（临界，base 顶下 2-4%）,low
,PL,2026-05-07,2026-05-12,3,2.02,4.01,0.49,50.0,35.82,34.0,5.08,0.55,-2.3,11.8,,14.5,-14.1,82.0,50.0,9.3,2,long,Long in mixed structure,PL_2026-05-07_000,Pullback — U&R 或 30m Pivot（手标定）,mid
,SLV,2026-05-07,2026-05-18,7,-1.23,2.47,1.46,-50.0,73.13,70.0,4.28,1.22,5.8,4.4,,-1.4,-2.7,49.0,56.0,3.6,2,long,Long in mixed structure,SLV_2026-05-07_000,Breakout（临界，base 顶下 2-4%）,low
,ACMR,2026-05-06,2026-06-05,22,3.45,5.73,1.08,60.0,59.12,53.0,10.35,1.71,15.5,21.7,,5.4,3.2,65.0,61.0,6.5,3,long,Long in mixed structure,ACMR_2026-05-06_000,Breakout,high
,BE,2026-05-06,2026-05-07,1,-0.34,11.75,2.59,-3.0,263.98,261.0,1.13,0.14,12.7,43.9,,27.7,-12.9,93.0,73.0,7.5,1,long,Extended long — RSI overbought,BE_2026-05-06_000,Other — 对不上三类,low
,SOXS,2026-05-06,2026-05-11,3,-1.1,,,,10.34,10.0,3.29,0.0,-99.6,-99.8,,-42.7,-99.7,0.0,22.0,15.0,3,long,Long in mixed structure,SOXS_2026-05-06_000,Other — 对不上三类,low
,METU,2026-05-05,2026-05-06,1,-0.04,0.23,1.32,,25.12,24.0,4.46,0.69,-11.5,-7.3,,4.8,-21.7,18.0,38.0,6.7,2,long,Long in mixed structure,METU_2026-05-05_000,Other — 对不上三类,low
,NVDL,2026-05-05,2026-05-08,3,3.17,,,,95.75,92.77,3.11,1.47,206.1,240.6,,11.3,159.7,48.0,49.0,6.7,3,long,Long in mixed structure,NVDL_2026-05-05_000,Breakout,high
,OKLO,2026-05-05,2026-05-07,2,0.01,0.1,0.11,,73.4,7.0,90.46,9.54,13.3,21.6,,7.3,-9.9,16.0,54.0,10.2,2,long,Long in mixed structure,OKLO_2026-05-05_000,Other — 对不上三类,low
,SATL,2026-05-05,2026-05-06,1,0.0,1.64,1.5,0.0,7.08,6.8,3.95,0.39,2.6,34.3,,30.9,-15.2,81.0,58.0,10.3,1,long,Long in mixed structure,SATL_2026-05-05_000,Pullback — U&R 或 30m Pivot（手标定）,mid
,ALMU,2026-05-04,2026-05-06,2,0.07,0.82,1.2,8.0,26.34,23.42,11.09,0.99,51.7,66.4,,9.7,0.5,80.0,64.0,12.9,1,long,Long in mixed structure,ALMU_2026-05-04_000,Breakout,high
,APLD,2026-05-04,2026-05-19,11,2.02,7.47,3.64,27.0,37.18,35.76,3.82,0.53,18.9,30.0,,9.4,-3.5,77.0,62.0,7.6,3,long,Long in mixed structure,APLD_2026-05-04_000,Breakout（临界，base 顶下 2-4%）,low
,CIFR,2026-05-04,2026-05-15,9,2.85,6.38,2.03,45.0,18.5,17.8,3.78,0.47,5.1,17.2,,11.5,-8.6,64.0,55.0,8.3,3,long,Long in mixed structure,CIFR_2026-05-04_000,Other — 对不上三类,low
,CYTK,2026-05-04,2026-05-06,2,0.21,1.28,2.56,17.0,74.48,70.0,6.02,1.74,15.0,16.9,,1.7,9.7,87.0,55.0,3.9,1,long,Long in mixed structure,CYTK_2026-05-04_000,Breakout,high
,GLW,2026-05-04,2026-05-29,19,1.93,6.85,1.46,28.0,167.43,161.0,3.84,0.7,1.6,12.3,,10.6,-6.4,83.0,52.0,5.8,2,long,Long in mixed structure,GLW_2026-05-04_000,Pullback — U&R 或 30m Pivot（手标定）,mid
,NBIS,2026-05-04,2026-05-07,3,0.85,5.22,4.33,16.0,177.0,173.0,2.26,0.32,18.1,43.7,,21.6,-1.3,97.0,69.0,7.1,1,long,Long in mixed structure,NBIS_2026-05-04_000,Breakout,high
,OPEN,2026-05-04,2026-05-08,4,-0.5,2.5,1.6,-20.0,5.1,4.9,3.92,0.49,0.6,1.3,,0.8,-15.0,37.0,50.0,7.9,1,long,Long in mixed structure,OPEN_2026-05-04_000,Pullback — U&R 或 30m Pivot（手标定）,mid
,USAR,2026-05-04,2026-05-11,5,-0.11,0.59,1.0,-19.0,27.25,24.8,8.99,1.01,30.8,42.0,,8.6,-0.3,43.0,64.0,9.5,2,long,Long in mixed structure,USAR_2026-05-04_000,Breakout,high
,FSLY,2026-05-03,2026-05-07,4,-0.68,9.12,15.02,-7.0,27.39,26.8,2.15,0.24,4.8,10.5,,5.4,-21.3,76.0,56.0,8.8,2,long,Long in mixed structure,FSLY_2026-05-03_000,Other — 对不上三类,low
,NBIS,2026-05-03,2026-07-15,53,4.22,12.82,1.03,33.0,170.12,160.0,5.95,0.88,16.0,39.8,,20.5,0.8,87.0,60.0,7.5,2,long,Long in mixed structure,NBIS_2026-05-03_000,Breakout,high
,AEHR,2026-04-30,2026-05-04,2,-1.86,3.35,4.39,-56.0,92.17,90.0,2.35,0.24,19.0,71.9,,44.5,-10.1,86.0,68.0,10.2,2,long,Long in mixed structure,AEHR_2026-04-30_000,Other — 对不上三类,low
,DXYZ,2026-04-30,2026-05-11,7,7.3,18.0,1.73,41.0,34.34,32.29,5.97,1.37,16.7,22.6,,5.0,2.0,60.0,64.0,4.6,3,long,Long in mixed structure,DXYZ_2026-04-30_000,Breakout,high
,NOK,2026-04-30,2026-05-07,5,-0.67,10.53,1.93,-6.0,12.4,12.25,1.21,0.23,20.7,39.1,,15.2,-4.0,100.0,82.0,5.1,1,long,Extended long — RSI overbought,NOK_2026-04-30_000,Breakout（临界，base 顶下 2-4%）,low
,ONDS,2026-04-30,2026-05-05,3,-1.14,0.3,1.59,-384.0,10.34,9.6,7.16,0.91,3.3,2.5,,-0.7,-10.9,55.0,49.0,8.1,2,long,Long in mixed structure,ONDS_2026-04-30_000,Pullback — U&R 或 30m Pivot（手标定）,mid
,AAOI,2026-04-29,2026-04-30,1,-0.53,0.74,3.03,-72.0,160.35,153.0,4.58,0.42,14.9,47.2,,28.1,-7.5,87.0,58.0,11.5,1,long,Long in mixed structure,AAOI_2026-04-29_000,Other — 对不上三类,low
,BB,2026-04-29,2026-05-06,5,1.06,3.0,0.9,35.0,5.31,5.0,5.84,0.89,19.0,39.6,,17.4,-8.3,85.0,71.0,6.5,1,long,Extended long — RSI overbought,BB_2026-04-29_000,Other — 对不上三类,low
,FSLY,2026-04-29,2026-04-30,1,-1.03,0.49,1.28,-212.0,26.12,24.6,5.82,0.55,-2.4,6.8,,9.4,-25.0,70.0,52.0,10.5,1,long,Long in mixed structure,FSLY_2026-04-29_000,Pullback — U&R 或 30m Pivot（手标定）,mid
,FSLY,2026-04-29,2026-04-30,1,-0.32,0.28,1.24,-116.0,26.37,24.6,6.71,0.64,-1.4,7.8,,9.4,-24.3,70.0,52.0,10.5,1,long,Long in mixed structure,FSLY_2026-04-29_001,Pullback — U&R 或 30m Pivot（手标定）,mid
,FSLY,2026-04-29,2026-05-07,6,4.28,9.83,7.75,44.0,24.81,24.0,3.26,0.29,-7.3,1.4,,9.4,-28.7,70.0,52.0,10.5,2,long,Long in mixed structure,FSLY_2026-04-29_002,Pullback — U&R 或 30m Pivot（手标定）,mid
,NOK,2026-04-29,2026-05-07,6,4.11,8.95,3.68,46.0,12.28,12.09,1.55,0.3,22.3,39.5,,14.0,-2.5,98.0,80.0,5.1,2,long,Extended long — RSI overbought,NOK_2026-04-29_000,Breakout（临界，base 顶下 2-4%）,low
,ONDS,2026-04-29,2026-05-05,4,-1.13,2.74,1.77,-41.0,9.71,9.4,3.19,0.4,-2.4,-3.9,,-1.5,-16.4,51.0,44.0,8.2,1,long,Long in mixed structure,ONDS_2026-04-29_000,Pullback — U&R 或 30m Pivot（手标定）,mid
,USAR,2026-04-29,2026-05-12,9,3.6,10.11,6.32,36.0,24.24,23.8,1.82,0.2,26.0,29.6,,2.9,-6.6,33.0,57.0,9.8,2,long,Long in mixed structure,USAR_2026-04-29_000,Other — 对不上三类,low
,NBIS,2026-04-28,2026-04-29,1,-0.22,1.7,1.08,-13.0,136.97,133.0,2.9,0.33,-2.6,15.0,,18.1,-18.8,69.0,49.0,8.8,1,long,Long in mixed structure,NBIS_2026-04-28_000,Pullback — U&R 或 30m Pivot（手标定）,mid
,ONDS,2026-04-28,2026-04-29,1,-0.5,7.25,1.05,-7.0,9.62,9.42,2.08,0.27,-3.1,-4.9,,-1.9,-17.1,59.0,53.0,7.1,1,long,Long in mixed structure,ONDS_2026-04-28_000,Other — 对不上三类,low
,ALM,2026-04-27,2026-04-29,2,-0.67,3.5,2.87,-19.0,20.28,19.86,2.07,0.23,4.5,11.2,,6.4,-16.9,86.0,58.0,8.5,1,long,Long in mixed structure,ALM_2026-04-27_000,Other — 对不上三类,low
,CIFR,2026-04-23,2026-04-24,1,-1.0,1.87,2.27,-53.0,19.21,18.66,2.86,0.36,19.9,23.7,,3.2,-5.1,67.0,60.0,8.2,1,long,Long in mixed structure,CIFR_2026-04-23_000,Other — 对不上三类,low
,NBIS,2026-04-23,2026-04-24,1,-0.55,4.18,1.81,-13.0,151.84,148.5,2.2,0.31,13.1,30.8,,15.6,-10.0,89.0,67.0,6.8,1,long,Long in mixed structure,NBIS_2026-04-23_000,Other — 对不上三类,low
,ONDS,2026-04-23,2026-04-29,4,-0.74,0.53,1.26,-141.0,10.58,9.65,8.79,1.28,9.7,5.5,,-3.8,-8.9,60.0,55.0,6.9,2,long,Long in mixed structure,ONDS_2026-04-23_000,Other — 对不上三类,low
,OPEN,2026-04-23,2026-05-08,11,-1.0,0.85,1.56,-118.0,5.39,5.0,7.24,1.09,12.0,9.6,,-2.2,-10.2,38.0,56.0,6.9,2,long,Long in mixed structure,OPEN_2026-04-23_000,Other — 对不上三类,low
,NBIS,2026-04-22,2026-04-23,1,-0.27,2.01,1.23,-13.0,159.13,155.0,2.6,0.39,20.4,38.6,,15.1,-5.7,88.0,66.0,6.9,1,long,Long in mixed structure,NBIS_2026-04-22_000,Other — 对不上三类,low
,SQQQ,2026-04-22,2026-04-24,2,-0.57,0.2,1.13,,55.52,52.0,6.34,1.12,-19.4,-20.7,,-1.7,-37.8,0.0,28.0,5.8,1,long,Long in mixed structure,SQQQ_2026-04-22_000,Other — 对不上三类,low
,ACMR,2026-04-21,2026-04-28,5,-1.42,1.17,1.67,-121.0,53.35,50.0,6.28,1.15,17.8,3.8,,-11.9,0.8,56.0,59.0,5.7,1,long,Long in mixed structure,ACMR_2026-04-21_000,Breakout,high
,NBIS,2026-04-21,2026-04-23,2,-0.51,1.28,1.17,-40.0,160.44,155.0,3.39,0.53,23.4,41.3,,14.6,-4.9,88.0,67.0,6.6,2,long,Long in mixed structure,NBIS_2026-04-21_000,Other — 对不上三类,low
,NMAX,2026-04-21,2026-04-23,2,4.37,7.64,3.02,57.0,7.84,7.4,5.61,0.99,28.6,24.4,,-3.3,2.9,20.0,66.0,6.1,3,long,Long in mixed structure,NMAX_2026-04-21_000,Breakout,high
,NMAX,2026-04-21,2026-04-22,1,-0.21,0.78,3.85,-27.0,10.5,9.6,8.57,2.03,72.3,66.6,,-3.3,37.8,20.0,66.0,6.1,1,long,Long in mixed structure,NMAX_2026-04-21_001,Breakout,high
,NMAX,2026-04-21,2026-04-22,1,-0.27,1.72,3.43,-16.0,9.81,9.0,8.26,1.83,61.0,55.7,,-3.3,28.7,20.0,66.0,6.1,1,long,Long in mixed structure,NMAX_2026-04-21_002,Breakout,high
,NMAX,2026-04-21,2026-04-22,1,-0.35,6.1,7.34,-6.0,9.31,9.0,3.33,0.7,52.7,47.7,,-3.3,22.2,20.0,66.0,6.1,1,long,Long in mixed structure,NMAX_2026-04-21_003,Breakout,high
,SNXX,2026-04-21,2026-04-22,1,-1.0,,,,72.85,71.65,1.65,1.11,961.4,1165.6,,19.2,618.9,81.0,64.0,12.2,1,long,Long in mixed structure,SNXX_2026-04-21_000,Breakout,high
,SNXX,2026-04-21,2026-04-23,2,2.68,,,,71.78,69.5,3.18,2.12,945.8,1147.0,,19.2,608.3,81.0,64.0,12.2,2,long,Long in mixed structure,SNXX_2026-04-21_001,Breakout,high
,CAR,2026-04-20,2026-04-21,1,0.21,10.57,8.94,2.0,633.14,648.0,-2.35,-0.25,137.4,275.7,,58.3,3.4,99.0,95.0,9.9,1,short,Short in mixed structure,CAR_2026-04-20_000,Short — 三类之外,low
,CAR,2026-04-20,2026-04-21,1,-0.69,15.0,14.55,-5.0,623.19,633.0,-1.57,-0.16,133.7,269.8,,58.3,1.7,99.0,95.0,9.9,1,short,Short in mixed structure,CAR_2026-04-20_001,Short — 三类之外,low
,OPEN,2026-04-20,2026-04-23,3,-1.0,2.12,1.06,-47.0,5.32,5.0,6.02,1.0,11.3,8.9,,-2.1,-3.6,40.0,60.0,6.0,1,long,Long in mixed structure,OPEN_2026-04-20_000,Breakout（临界，base 顶下 2-4%）,low
,OPEN,2026-04-20,2026-04-21,1,0.19,0.47,0.82,41.0,5.68,5.0,11.97,2.14,18.8,16.2,,-2.1,2.9,40.0,60.0,6.0,1,long,Long in mixed structure,OPEN_2026-04-20_001,Breakout,high
,CWEB,2026-04-16,2026-04-21,3,-0.73,0.1,0.98,,30.54,28.0,8.32,2.22,13.4,-1.4,,-13.0,1.1,14.0,56.0,3.9,1,long,Long in mixed structure,CWEB_2026-04-16_000,Breakout,high
,ARM,2026-04-15,2026-04-17,2,0.09,0.38,0.44,24.0,162.78,148.0,9.08,1.6,11.1,23.6,,11.2,-2.3,71.0,64.0,5.8,1,long,Long in mixed structure,ARM_2026-04-15_000,Breakout（临界，base 顶下 2-4%）,low
,CAR,2026-04-15,2026-04-16,1,-1.0,1.52,3.4,-66.0,371.23,395.0,-6.4,-0.55,81.8,156.6,,41.2,-10.6,94.0,89.0,10.9,1,short,Short in mixed structure,CAR_2026-04-15_000,Short — 三类之外,low
,CIEN,2026-04-15,2026-04-28,9,-0.67,1.66,1.22,-40.0,485.52,460.0,5.26,0.72,12.3,33.3,,18.7,-5.4,91.0,62.0,7.5,1,long,Long in mixed structure,CIEN_2026-04-15_000,Other — 对不上三类,low
,CAR,2026-04-14,2026-04-15,1,-0.2,3.64,2.77,-5.0,377.3,391.0,-3.63,-0.36,99.1,171.3,,36.3,-9.1,99.0,95.0,9.3,1,short,Short in mixed structure,CAR_2026-04-14_000,Short — 三类之外,low
,CCJ,2026-04-14,2026-04-28,10,-0.57,1.71,0.88,-33.0,120.34,114.0,5.27,1.26,9.6,5.4,,-3.8,0.5,71.0,56.0,4.3,1,long,Long in mixed structure,CCJ_2026-04-14_000,Breakout,high
,DOCN,2026-04-14,2026-07-09,62,17.44,28.32,2.85,62.0,82.7,79.0,4.47,0.49,-1.2,17.4,,18.8,-12.6,67.0,45.0,10.3,3,long,Long in mixed structure,DOCN_2026-04-14_000,Pullback — U&R 或 30m Pivot（手标定）,mid
,ARM,2026-04-12,2026-04-23,9,3.15,4.09,0.46,77.0,153.92,140.0,9.04,1.27,9.3,19.7,,9.5,-7.7,59.0,59.0,7.3,2,long,Long in mixed structure,ARM_2026-04-12_000,Other — 对不上三类,low
,IREN,2026-04-12,2026-04-16,4,4.06,6.0,2.21,68.0,41.4,40.0,3.38,0.46,7.4,-0.3,,-7.2,-8.7,37.0,51.0,7.7,3,long,Long in mixed structure,IREN_2026-04-12_000,Pullback — U&R 或 30m Pivot（手标定）,mid
,MU,2026-04-12,2026-04-28,12,10.36,23.34,1.73,44.0,416.9,412.0,1.18,0.18,4.9,3.5,,-1.3,-11.5,86.0,57.0,6.5,3,long,Long in mixed structure,MU_2026-04-12_000,Other — 对不上三类,low
,PL,2026-04-12,2026-05-27,33,5.28,6.65,1.05,79.0,34.5,32.0,7.25,0.67,10.5,28.1,,16.0,-9.7,89.0,59.0,10.8,2,long,Long in mixed structure,PL_2026-04-12_000,Other — 对不上三类,low
,BE,2026-04-08,2026-04-28,14,7.33,9.31,0.26,79.0,147.2,137.0,6.93,0.69,1.4,-2.4,,-3.7,-12.9,75.0,51.0,10.1,3,long,Long in mixed structure,BE_2026-04-08_000,Pullback — U&R 或 30m Pivot（手标定）,mid
,KLIC,2026-04-08,2026-04-28,14,1.88,2.63,0.58,71.0,73.9,68.0,7.98,1.61,12.5,11.8,,-0.6,1.1,89.0,62.0,5.1,2,long,Long in mixed structure,KLIC_2026-04-08_000,Breakout,high
,YSS,2026-04-08,2026-04-28,14,2.52,19.23,2.29,13.0,28.77,27.95,2.85,0.3,29.4,,,,-5.3,51.0,64.0,9.7,1,long,Long in mixed structure,YSS_2026-04-08_000,Other — 对不上三类,low
,CENX,2026-04-07,2026-04-14,5,-0.41,0.91,1.38,-45.0,65.7,62.4,5.02,0.74,19.1,25.1,,5.1,-2.9,97.0,70.0,6.8,1,long,Long in mixed structure,CENX_2026-04-07_000,Breakout（临界，base 顶下 2-4%）,low
,DE,2026-04-07,2026-04-13,4,-0.28,0.99,2.59,-28.0,603.9,590.0,2.3,0.9,5.6,3.9,,-1.7,0.7,60.0,50.0,2.7,1,long,Long in mixed structure,DE_2026-04-07_000,Breakout,high
,LLY,2026-04-07,2026-04-13,4,-0.8,0.05,1.63,,959.0,920.0,4.07,1.54,3.0,-2.9,,-5.7,-4.9,54.0,46.0,2.7,1,long,Long in mixed structure,LLY_2026-04-07_000,Pullback — U&R 或 30m Pivot（手标定）,mid
,METU,2026-04-07,2026-04-21,10,2.37,5.83,2.89,41.0,25.1,23.9,4.78,0.79,2.5,-11.7,,-13.9,-17.2,13.0,40.0,6.8,3,long,Long in mixed structure,METU_2026-04-07_000,Pullback — U&R 或 30m Pivot（手标定）,mid
,CAR,2026-04-06,2026-04-07,1,1.14,25.22,15.99,5.0,228.2,230.0,-0.79,-0.12,83.6,98.1,,7.9,6.2,98.0,85.0,6.9,2,short,Short in mixed structure,CAR_2026-04-06_000,Short — 三类之外,low
,ARKK,2026-04-05,2026-04-09,4,0.25,2.78,5.45,9.0,69.0,69.8,-1.16,-0.31,-1.4,-4.4,,-3.0,-7.4,19.0,46.0,3.8,1,short,Short in mixed structure,ARKK_2026-04-05_000,Short — 三类之外,low
,BE,2026-04-05,2026-04-06,1,0.11,1.33,1.16,8.0,136.7,134.0,1.98,0.19,-6.6,-9.5,,-3.1,-19.2,67.0,45.0,10.6,1,long,Long in mixed structure,BE_2026-04-05_000,Other — 对不上三类,low
,BE,2026-04-05,2026-04-06,1,-0.23,0.36,1.37,-64.0,138.9,135.0,2.81,0.27,-5.1,-8.0,,-3.1,-17.9,67.0,45.0,10.6,1,long,Long in mixed structure,BE_2026-04-05_001,Other — 对不上三类,low
,NBIS,2026-04-05,2026-04-28,17,5.94,11.1,0.91,54.0,112.1,107.0,4.55,0.51,3.1,12.1,,8.8,-15.3,59.0,52.0,9.3,2,long,Long in mixed structure,NBIS_2026-04-05_000,Other — 对不上三类,low
,AXTI,2026-03-31,2026-04-06,4,4.32,7.81,2.46,55.0,55.48,57.5,-3.64,-0.23,8.9,55.7,,43.0,-22.4,79.0,58.0,15.5,3,short,Short in mixed structure,AXTI_2026-03-31_000,Short — 三类之外,low
,MRNA,2026-03-31,2026-04-06,4,-1.12,0.52,1.42,-214.0,51.48,49.0,4.82,0.88,-2.7,5.1,,8.1,-13.6,77.0,50.0,5.6,1,long,Long in mixed structure,MRNA_2026-03-31_000,Pullback — U&R 或 30m Pivot（手标定）,mid
,MRVL,2026-03-31,2026-04-13,9,5.72,8.76,2.72,65.0,102.5,99.0,3.41,0.67,13.8,22.2,,7.4,1.9,91.0,62.0,5.3,3,long,Long in mixed structure,MRVL_2026-03-31_000,Breakout,high
,PL,2026-03-31,2026-04-01,1,-0.6,2.25,3.87,-27.0,29.38,28.58,2.72,0.22,5.0,13.6,,8.2,-20.7,70.0,50.0,13.2,1,long,Long in mixed structure,PL_2026-03-31_000,Other — 对不上三类,low
,PL,2026-03-31,2026-06-05,48,6.92,27.27,3.8,25.0,29.4,28.58,2.79,0.22,5.1,13.7,,8.2,-20.6,70.0,50.0,13.2,3,long,Long in mixed structure,PL_2026-03-31_001,Other — 对不上三类,low
,APA,2026-03-30,2026-04-01,2,2.18,3.34,1.4,65.0,43.5,44.6,-2.53,-0.66,20.9,42.2,,17.7,-3.4,93.0,85.0,3.9,1,short,Short in mixed structure,APA_2026-03-30_000,Short — 三类之外,low
,APA,2026-03-30,2026-04-02,3,-0.19,2.49,1.32,-8.0,43.23,44.6,-3.17,-0.82,20.1,41.4,,17.7,-4.0,93.0,85.0,3.9,1,short,Short in mixed structure,APA_2026-03-30_001,Short — 三类之外,low
,APA,2026-03-30,2026-04-02,3,0.0,3.27,3.1,0.0,42.5,43.32,-1.93,-0.49,18.1,39.0,,17.7,-5.6,93.0,85.0,3.9,1,short,Short in mixed structure,APA_2026-03-30_002,Short — 三类之外,low
,ARM,2026-03-30,2026-04-02,3,0.58,1.01,0.57,57.0,144.1,130.0,9.78,1.58,12.0,17.4,,4.9,-13.6,44.0,55.0,6.5,2,long,Long in mixed structure,ARM_2026-03-30_000,Other — 对不上三类,low
,TQQQ,2026-03-30,2026-03-31,1,1.11,2.0,2.67,55.0,39.9,38.9,2.51,0.43,-12.7,-18.7,,-6.9,-21.1,2.0,29.0,6.2,2,long,Long in mixed structure,TQQQ_2026-03-30_000,Other — 对不上三类,low
,USO,2026-03-30,2026-04-02,3,-1.0,5.84,10.09,-17.0,128.9,130.0,-0.85,-0.15,14.7,40.9,,22.8,-0.9,100.0,72.0,5.6,1,short,Short in mixed structure,USO_2026-03-30_000,Short — 三类之外,low
,AXTI,2026-03-29,2026-03-30,1,27.38,29.43,3.19,93.0,69.32,70.0,-0.98,-0.09,39.0,101.5,,45.0,-2.2,85.0,63.0,12.8,1,short,Short in mixed structure,AXTI_2026-03-29_000,Short — 三类之外,low
,AXTI,2026-03-29,2026-03-30,1,3.92,9.36,2.31,42.0,67.1,69.0,-2.83,-0.25,34.5,95.0,,45.0,-5.3,85.0,63.0,12.8,1,short,Short in mixed structure,AXTI_2026-03-29_001,Short — 三类之外,low
,AXTI,2026-03-26,2026-03-30,2,11.3,12.88,6.74,88.0,63.87,65.0,-1.77,-0.14,31.1,89.9,,44.9,-9.9,82.0,61.0,13.4,1,short,Short in mixed structure,AXTI_2026-03-26_000,Short — 三类之外,low
,ARKK,2026-03-25,2026-04-09,11,1.7,6.76,6.59,25.0,68.22,69.0,-1.14,-0.34,-5.4,-7.7,,-2.4,-9.9,15.0,44.0,3.3,3,short,Short in mixed structure,ARKK_2026-03-25_000,Short — 三类之外,low
,ARM,2026-03-25,2026-03-26,1,0.0,2.51,2.22,0.0,156.9,153.0,2.49,0.48,24.5,30.4,,4.7,-5.9,69.0,77.0,5.2,1,long,Extended long — RSI overbought,ARM_2026-03-25_000,Other — 对不上三类,low
,AXTI,2026-03-25,2026-03-31,4,5.12,8.05,3.63,64.0,64.6,66.5,-2.94,-0.25,35.5,96.4,,44.9,-8.9,95.0,72.0,11.4,2,short,Short in mixed structure,AXTI_2026-03-25_000,Short — 三类之外,low
,FCEL,2026-03-25,2026-03-27,2,-0.6,0.84,2.8,-71.0,7.1,6.85,3.52,0.54,-3.9,-8.8,,-5.1,-21.9,40.0,47.0,6.6,1,long,Long in mixed structure,FCEL_2026-03-25_000,Other — 对不上三类,low
,LXU,2026-03-25,2026-03-27,2,0.13,2.37,4.13,6.0,16.32,15.94,2.33,0.37,18.1,43.5,,21.5,3.2,100.0,73.0,6.4,1,long,Extended long — RSI overbought,LXU_2026-03-25_000,Breakout,high
,PLTR,2026-03-24,2026-03-26,2,2.08,2.19,1.6,95.0,156.0,160.0,-2.56,-0.62,3.7,3.5,,-0.2,-3.9,35.0,54.0,4.2,1,short,Short in mixed structure,PLTR_2026-03-24_000,Short — 三类之外,low
,PLTR,2026-03-24,2026-04-01,6,2.79,7.21,3.67,39.0,153.6,156.0,-1.56,-0.37,2.1,1.9,,-0.2,-5.4,35.0,54.0,4.2,1,short,Short in mixed structure,PLTR_2026-03-24_001,Short — 三类之外,low
,PL,2026-03-24,2026-03-27,3,1.61,8.25,1.46,20.0,31.52,30.85,2.13,0.22,18.7,23.8,,4.3,-13.1,85.0,64.0,9.6,3,long,Long in mixed structure,PL_2026-03-24_000,Other — 对不上三类,low
,PL,2026-03-24,2026-03-27,3,-0.59,0.78,1.14,-75.0,34.4,31.0,9.88,1.11,29.5,35.1,,4.3,-5.2,85.0,64.0,9.6,3,long,Long in mixed structure,PL_2026-03-24_001,Other — 对不上三类,low
,SOXL,2026-03-24,2026-03-25,1,-1.0,0.71,4.88,-141.0,57.4,56.2,2.09,0.22,2.8,-4.1,,-6.7,-20.7,64.0,48.0,9.8,1,long,Long in mixed structure,SOXL_2026-03-24_000,Pullback — U&R 或 30m Pivot（手标定）,mid
,AXTI,2026-03-23,2026-03-26,3,5.75,10.34,2.0,56.0,68.02,69.45,-2.1,-0.19,52.2,118.9,,43.7,4.3,99.0,72.0,11.7,1,short,Short in mixed structure,AXTI_2026-03-23_000,Short — 三类之外,low
,AXTI,2026-03-23,2026-03-30,5,14.32,15.42,2.18,93.0,68.74,70.0,-1.83,-0.17,53.9,121.2,,43.7,5.4,99.0,72.0,11.7,1,short,Short in mixed structure,AXTI_2026-03-23_001,Short — 三类之外,low
,CIEN,2026-03-23,2026-03-26,3,5.36,14.32,6.93,37.0,406.8,404.0,0.69,0.09,16.2,35.3,,16.5,-3.1,96.0,68.0,7.6,3,long,Long in mixed structure,CIEN_2026-03-23_000,Breakout（临界，base 顶下 2-4%）,low
,PLTR,2026-03-23,2026-03-24,1,-1.0,0.74,3.56,-134.0,153.5,156.0,-1.63,-0.4,2.9,1.5,,-1.4,-4.9,43.0,61.0,3.9,1,short,Short in mixed structure,PLTR_2026-03-23_000,Short — 三类之外,low
,RCAT,2026-03-23,2026-03-25,2,-0.69,0.4,2.1,-174.0,16.3,14.77,9.39,0.7,11.1,17.0,,5.3,-13.2,72.0,53.0,14.5,1,long,Long in mixed structure,RCAT_2026-03-23_000,Other — 对不上三类,low
,PL,2026-03-22,2026-03-24,2,0.67,3.84,1.19,17.0,32.29,31.3,3.07,0.37,25.6,28.9,,2.6,-11.0,92.0,71.0,8.0,2,long,Extended long — RSI overbought,PL_2026-03-22_000,Other — 对不上三类,low
,AGRO,2026-03-19,2026-04-09,15,0.08,0.77,0.75,10.0,14.34,12.5,12.83,2.35,40.9,55.6,,10.5,-2.0,98.0,91.0,5.4,1,long,Extended long — RSI overbought,AGRO_2026-03-19_000,Breakout,high
,ARKK,2026-03-19,2026-03-31,8,2.51,3.57,0.5,70.0,70.8,73.0,-3.11,-0.87,-2.4,-5.4,,-3.1,-6.4,19.0,45.0,3.5,3,short,Short in mixed structure,ARKK_2026-03-19_000,Short — 三类之外,low
,ARKK,2026-03-19,2026-03-31,8,1.22,2.47,0.62,49.0,70.1,73.0,-4.14,-1.15,-3.4,-6.3,,-3.1,-7.4,19.0,45.0,3.5,1,short,Short in mixed structure,ARKK_2026-03-19_001,Short — 三类之外,low
,PLTR,2026-03-19,2026-03-23,2,-2.07,1.47,2.81,-141.0,153.2,156.0,-1.83,-0.44,4.3,0.7,,-3.5,-5.1,36.0,57.0,4.1,1,short,Short in mixed structure,PLTR_2026-03-19_000,Short — 三类之外,low
,PL,2026-03-19,2026-03-24,3,0.49,2.31,2.94,21.0,30.85,28.5,7.62,1.04,22.4,24.2,,1.5,11.9,84.0,57.0,8.4,1,long,Long in mixed structure,PL_2026-03-19_000,Breakout,high
,PL,2026-03-19,2026-03-24,3,0.32,2.57,3.93,12.0,31.4,29.5,6.05,0.84,24.6,26.5,,1.5,13.9,84.0,57.0,8.4,1,long,Long in mixed structure,PL_2026-03-19_001,Breakout,high
,PL,2026-03-19,2026-03-20,1,-0.34,0.26,2.68,-131.0,35.2,31.0,11.93,1.85,39.6,41.8,,1.5,27.7,84.0,57.0,8.4,1,long,Long in mixed structure,PL_2026-03-19_002,Breakout,high
,VG,2026-03-19,2026-03-31,8,-0.25,2.45,0.99,-10.0,14.9,13.8,7.38,0.76,29.1,49.0,,15.4,-11.2,77.0,68.0,10.1,1,long,Long in mixed structure,VG_2026-03-19_000,Other — 对不上三类,low
,BE,2026-03-18,2026-03-24,4,-2.62,4.43,4.25,-59.0,152.7,149.0,2.42,0.26,-3.3,2.2,,5.6,-15.6,82.0,52.0,9.2,1,long,Long in mixed structure,BE_2026-03-18_000,Pullback — U&R 或 30m Pivot（手标定）,mid
,RIVN,2026-03-18,2026-03-19,1,0.75,0.65,1.38,115.0,16.6,15.8,4.82,0.94,7.6,4.0,,-3.3,-5.4,36.0,49.0,5.5,1,long,Long in mixed structure,RIVN_2026-03-18_000,Other — 对不上三类,low
,VG,2026-03-18,2026-03-19,1,1.2,2.37,5.3,51.0,15.6,15.1,3.21,0.4,37.8,58.3,,14.9,3.5,96.0,74.0,8.5,2,long,Extended long — RSI overbought,VG_2026-03-18_000,Breakout,high
,AMDL,2026-03-17,2026-03-19,2,0.1,2.02,1.52,5.0,11.84,11.4,3.72,0.44,-3.3,-20.8,,-18.0,-17.7,16.0,42.0,8.7,2,long,Long in mixed structure,AMDL_2026-03-17_000,Other — 对不上三类,low
,BE,2026-03-17,2026-03-23,4,-1.79,0.88,2.83,-203.0,162.5,155.0,4.62,0.5,2.9,9.5,,6.4,-10.2,85.0,53.0,9.4,1,long,Long in mixed structure,BE_2026-03-17_000,Pullback — U&R 或 30m Pivot（手标定）,mid
,BE,2026-03-17,2026-03-23,4,-1.22,1.08,1.95,-113.0,159.2,150.0,5.78,0.61,0.8,7.3,,6.4,-12.0,85.0,53.0,9.4,1,long,Long in mixed structure,BE_2026-03-17_001,Pullback — U&R 或 30m Pivot（手标定）,mid
,GLW,2026-03-17,2026-03-19,2,-0.86,0.17,1.15,,133.6,125.0,6.44,0.91,-3.9,13.1,,17.7,-17.3,67.0,49.0,7.3,1,long,Long in mixed structure,GLW_2026-03-17_000,Other — 对不上三类,low
,SOLS,2026-03-17,2026-03-19,2,-0.48,0.36,1.6,-132.0,75.25,72.0,4.32,0.81,-1.4,10.8,,12.4,-9.0,79.0,55.0,5.4,1,long,Long in mixed structure,SOLS_2026-03-17_000,Pullback — U&R 或 30m Pivot（手标定）,mid
,RKLB,2026-03-16,2026-03-19,3,-1.25,0.58,1.62,-216.0,75.86,71.0,6.41,0.97,7.0,-1.7,,-8.1,-3.0,54.0,49.0,7.1,2,long,Long in mixed structure,RKLB_2026-03-16_000,Breakout（临界，base 顶下 2-4%）,low
,VRT,2026-03-16,2026-03-19,3,-0.81,1.11,1.25,-73.0,265.9,258.0,2.97,0.52,4.6,24.4,,18.9,-3.9,92.0,63.0,5.7,1,long,Long in mixed structure,VRT_2026-03-16_000,Breakout（临界，base 顶下 2-4%）,low
,DOCN,2026-03-15,2026-03-30,11,6.34,14.11,1.03,45.0,70.35,69.04,1.86,0.26,14.8,21.1,,5.5,-0.1,96.0,62.0,7.4,2,long,Long in mixed structure,DOCN_2026-03-15_000,Breakout,high
,NVTS,2026-03-15,2026-03-16,1,-0.46,0.38,1.92,-122.0,11.4,10.79,5.35,0.6,28.0,24.0,,-3.1,4.8,38.0,57.0,10.1,1,long,Long in mixed structure,NVTS_2026-03-15_000,Breakout,high
,RCAT,2026-03-13,2026-03-14,0,-0.45,0.36,1.62,-123.0,16.85,16.0,5.04,0.41,23.3,26.7,,2.8,-10.3,78.0,61.0,13.0,1,long,Long in mixed structure,RCAT_2026-03-13_000,Other — 对不上三类,low
,ARKK,2026-03-12,2026-03-17,3,-0.67,0.92,1.47,-72.0,71.3,72.8,-2.1,-0.57,-1.4,-5.7,,-4.4,-5.8,17.0,43.0,3.7,3,short,Short in mixed structure,ARKK_2026-03-12_000,Short — 三类之外,low
,AXTI,2026-03-12,2026-03-17,3,-0.67,1.08,1.38,-62.0,48.7,45.0,7.6,0.56,38.3,84.1,,33.1,-4.5,91.0,65.0,14.1,3,long,Long in mixed structure,AXTI_2026-03-12_000,Other — 对不上三类,low
,DELL,2026-03-10,2026-03-13,3,0.0,1.11,2.83,0.0,147.9,144.0,2.64,0.49,13.6,19.7,,5.4,-3.3,59.0,62.0,5.6,1,long,Long in mixed structure,DELL_2026-03-10_000,Breakout（临界，base 顶下 2-4%）,low
,PLTR,2026-03-09,2026-03-17,6,-0.67,0.48,1.25,-140.0,151.3,157.0,-3.77,-0.83,8.2,-3.4,,-10.8,-6.3,37.0,60.0,4.4,3,short,Short in mixed structure,PLTR_2026-03-09_000,Short — 三类之外,low
,VRT,2026-03-05,2026-03-13,6,0.16,0.28,0.12,56.0,250.1,344.0,-37.54,-6.99,5.4,24.9,,18.5,-5.5,90.0,63.0,5.4,1,long,Long in mixed structure,VRT_2026-03-05_000,Other — 对不上三类,low
,AMD,2026-03-04,2026-03-05,1,-0.67,2.57,4.76,-26.0,198.9,197.0,0.96,0.2,-2.5,-8.9,,-6.5,-9.4,45.0,45.0,4.7,3,long,Long in mixed structure,AMD_2026-03-04_000,Pullback — U&R 或 30m Pivot（手标定）,mid
,BE,2026-03-04,2026-03-07,2,-0.67,0.18,1.48,,162.5,144.0,11.38,1.17,5.4,18.6,,12.5,-10.2,88.0,55.0,9.6,3,long,Long in mixed structure,BE_2026-03-04_000,Other — 对不上三类,low
,PLTR,2026-03-04,2026-03-06,2,-0.67,1.1,2.95,-60.0,151.7,155.0,-2.18,-0.48,10.9,-4.6,,-14.0,-2.7,33.0,58.0,4.5,3,short,Short in mixed structure,PLTR_2026-03-04_000,Short — 三类之外,low
,SOLS,2026-03-04,2026-03-05,1,-0.67,0.63,1.41,-105.0,76.9,74.0,3.77,0.64,3.0,21.2,,17.6,-8.8,79.0,57.0,6.0,3,long,Long in mixed structure,SOLS_2026-03-04_000,Pullback — U&R 或 30m Pivot（手标定）,mid
,BE,2026-03-01,2026-03-03,2,-0.62,0.79,0.95,-79.0,157.8,147.0,6.84,0.68,2.6,19.3,,16.3,-12.8,82.0,53.0,10.2,1,long,Long in mixed structure,BE_2026-03-01_000,Pullback — U&R 或 30m Pivot（手标定）,mid
,FSLY,2026-03-01,2026-03-03,2,-0.16,0.53,0.55,-31.0,19.94,17.5,12.24,1.14,44.5,74.5,,20.8,-1.6,92.0,75.0,11.2,1,long,Extended long — RSI overbought,FSLY_2026-03-01_000,Breakout,high
,SOLS,2026-03-01,2026-03-03,2,-0.67,0.16,2.51,,78.52,76.0,3.21,0.53,7.8,27.1,,17.9,-6.8,87.0,67.0,6.0,3,long,Long in mixed structure,SOLS_2026-03-01_000,Other — 对不上三类,low
,NAIL,2026-02-26,2026-03-02,2,-0.67,0.15,1.86,,65.74,62.0,5.69,0.7,-4.2,5.2,,9.7,-18.7,37.0,46.0,8.3,3,long,Long in mixed structure,NAIL_2026-02-26_000,Other — 对不上三类,low
,IAG,2026-02-25,2026-03-03,4,-0.67,1.61,1.27,-41.0,23.1,22.0,4.76,0.8,10.6,22.2,,10.5,-1.1,98.0,62.0,6.0,3,long,Long in mixed structure,IAG_2026-02-25_000,Breakout,high
,PL,2026-02-25,2026-02-27,2,-0.67,0.27,1.47,-251.0,25.35,23.6,6.9,0.9,7.7,10.6,,2.7,-10.7,75.0,54.0,7.9,3,long,Long in mixed structure,PL_2026-02-25_000,Other — 对不上三类,low
,ERO,2026-02-24,2026-03-03,5,-0.67,0.34,1.43,-198.0,34.47,31.0,10.07,1.6,5.9,14.1,,7.7,-13.4,76.0,58.0,6.5,3,long,Long in mixed structure,ERO_2026-02-24_000,Other — 对不上三类,low
,CCJ,2026-02-23,2026-03-03,6,-0.67,1.07,1.24,-63.0,119.87,114.0,4.9,0.9,-0.0,10.5,,10.5,-11.4,75.0,53.0,5.5,3,long,Long in mixed structure,CCJ_2026-02-23_000,Pullback — U&R 或 30m Pivot（手标定）,mid
,MOD,2026-02-23,2026-02-26,3,-0.67,0.53,1.06,-126.0,235.2,219.0,6.89,1.29,17.3,45.0,,23.7,0.1,90.0,78.0,5.6,3,long,Extended long — RSI overbought,MOD_2026-02-23_000,Breakout,high
,VRT,2026-02-23,2026-03-03,6,-0.57,1.76,1.47,-32.0,248.31,239.0,3.75,0.6,17.7,33.7,,13.6,-2.8,93.0,72.0,6.4,1,long,Extended long — RSI overbought,VRT_2026-02-23_000,Breakout（临界，base 顶下 2-4%）,low
,ERO,2026-02-22,2026-03-03,7,-0.67,2.72,1.0,-25.0,31.15,29.5,5.3,0.75,-4.5,4.1,,9.1,-21.7,63.0,47.0,7.3,3,long,Long in mixed structure,ERO_2026-02-22_000,Other — 对不上三类,low
,GLW,2026-02-22,2026-03-03,7,-0.26,1.37,0.58,-19.0,146.8,136.0,7.36,1.45,24.5,45.7,,17.0,5.0,99.0,75.0,5.4,1,long,Extended long — RSI overbought,GLW_2026-02-22_000,Breakout,high
,SNDK,2026-02-22,2026-02-26,4,-0.67,2.46,4.58,-27.0,662.0,650.0,1.81,0.2,13.8,59.7,,40.3,-8.7,89.0,66.0,9.4,3,long,Long in mixed structure,SNDK_2026-02-22_000,Other — 对不上三类,low
,SNDK,2026-02-22,2026-02-24,2,-0.67,0.89,2.69,-75.0,672.0,650.0,3.27,0.36,15.5,62.1,,40.3,-7.3,89.0,66.0,9.4,3,long,Long in mixed structure,SNDK_2026-02-22_001,Other — 对不上三类,low
,AAOI,2026-02-18,2026-02-26,6,2.13,4.35,0.54,49.0,44.41,41.0,7.68,0.59,5.0,18.1,,12.5,-12.6,77.0,54.0,13.2,3,long,Long in mixed structure,AAOI_2026-02-18_000,Other — 对不上三类,low
,PL,2026-02-17,2026-03-16,19,0.02,2.21,1.42,1.0,23.87,22.2,7.0,0.79,-1.8,10.3,,12.4,-19.7,65.0,47.0,9.5,1,long,Long in mixed structure,PL_2026-02-17_000,Pullback — U&R 或 30m Pivot（手标定）,mid
,ARKK,2026-02-16,2026-02-25,7,-0.67,0.99,6.27,-68.0,69.23,70.0,-1.11,-0.26,-7.9,-11.8,,-4.2,-16.2,16.0,39.0,4.2,3,short,Short in mixed structure,ARKK_2026-02-16_000,Short — 三类之外,low
,ARKK,2026-02-12,2026-02-13,1,-0.67,1.49,1.77,-45.0,69.33,70.5,-1.69,-0.41,-8.5,-11.9,,-3.7,-17.2,9.0,33.0,4.1,3,short,Short in mixed structure,ARKK_2026-02-12_000,Short — 三类之外,low
,ARKK,2026-02-10,2026-02-13,3,-0.02,0.7,1.03,-3.0,69.93,73.27,-4.78,-1.29,-9.3,-11.5,,-2.4,-16.5,24.0,40.0,3.6,1,short,Short in mixed structure,ARKK_2026-02-10_000,Short — 三类之外,low
,BE,2026-02-10,2026-02-11,1,-0.56,1.26,0.65,-44.0,144.95,133.0,8.24,0.72,-2.6,20.5,,23.7,-17.9,79.0,54.0,11.2,1,long,Long in mixed structure,BE_2026-02-10_000,Pullback — U&R 或 30m Pivot（手标定）,mid
,GFS,2026-02-10,2026-02-26,12,-0.21,0.75,1.36,-28.0,47.6,43.19,9.26,2.01,10.9,19.8,,8.1,-1.8,61.0,51.0,5.3,1,long,Long in mixed structure,GFS_2026-02-10_000,Breakout,high
,Q,2026-02-10,2026-02-12,2,-0.47,1.06,1.43,-45.0,113.16,109.0,3.68,0.72,15.7,27.1,,9.9,0.8,93.0,66.0,5.3,1,long,Long in mixed structure,Q_2026-02-10_000,Breakout,high
,AA,2026-02-09,2026-02-12,3,-0.63,0.38,0.9,-164.0,62.75,58.0,7.57,1.27,3.0,15.3,,11.9,-6.0,88.0,57.0,6.0,1,long,Long in mixed structure,AA_2026-02-09_000,Pullback — U&R 或 30m Pivot（手标定）,mid
,FTAI,2026-02-09,2026-02-11,2,-0.62,0.95,1.11,-65.0,267.82,256.0,4.41,0.78,-1.8,21.4,,23.6,-13.3,80.0,61.0,5.5,1,long,Long in mixed structure,FTAI_2026-02-09_000,Pullback — U&R 或 30m Pivot（手标定）,mid
,METU,2026-02-08,2026-02-11,3,0.0,0.15,1.35,,32.66,31.0,5.08,0.68,5.0,4.6,,-0.3,-16.6,24.0,47.0,7.9,1,long,Long in mixed structure,METU_2026-02-08_000,Other — 对不上三类,low
,TER,2026-02-08,2026-02-11,3,-0.11,0.53,0.84,-21.0,313.98,293.0,6.68,1.27,29.4,45.6,,12.6,4.3,99.0,76.0,5.5,1,long,Extended long — RSI overbought,TER_2026-02-08_000,Breakout,high
,IGV,2026-02-04,2026-02-05,1,-0.67,4.23,3.64,-16.0,81.8,81.1,0.86,0.26,-15.8,-20.3,,-5.3,-23.8,6.0,18.0,3.2,3,long,Long in mixed structure,IGV_2026-02-04_000,Other — 对不上三类,low
,META,2026-02-04,2026-02-11,5,-0.67,0.55,1.19,-123.0,674.3,650.0,3.6,1.0,2.8,3.4,,0.5,-9.2,41.0,51.0,3.6,3,long,Long in mixed structure,META_2026-02-04_000,Pullback — U&R 或 30m Pivot（手标定）,mid
,META,2026-02-04,2026-02-11,5,-0.56,2.77,0.97,-20.0,656.3,645.0,1.72,0.47,0.1,0.6,,0.5,-11.6,41.0,51.0,3.6,1,long,Long in mixed structure,META_2026-02-04_001,Pullback — U&R 或 30m Pivot（手标定）,mid
,PLTR,2026-02-04,2026-02-06,2,-0.06,2.49,10.02,-2.0,133.8,136.0,-1.64,-0.26,-19.5,-23.1,,-4.5,-28.6,5.0,30.0,6.1,2,short,Short with RSI oversold — risky,PLTR_2026-02-04_000,Short — 三类之外,low
,BABA,2026-02-02,2026-02-04,2,-0.67,0.48,1.22,-138.0,164.43,157.0,4.52,1.23,0.2,4.5,,4.3,-8.4,68.0,54.0,3.6,3,long,Long in mixed structure,BABA_2026-02-02_000,Pullback — U&R 或 30m Pivot（手标定）,mid
,NAIL,2026-02-02,2026-02-12,8,1.67,1.99,1.54,84.0,66.43,59.17,10.93,1.61,7.5,13.8,,5.9,-7.7,24.0,46.0,7.8,2,long,Long in mixed structure,NAIL_2026-02-02_000,Other — 对不上三类,low
,ASTS,2026-01-28,2026-01-30,2,-0.35,1.76,1.18,-20.0,117.2,110.0,6.14,0.62,18.4,47.4,,24.5,-5.7,96.0,65.0,9.6,1,long,Long in mixed structure,ASTS_2026-01-28_000,Other — 对不上三类,low
,FIGR,2026-01-27,2026-01-29,2,-0.67,0.15,1.52,,67.3,61.0,9.36,0.97,17.3,45.3,,23.9,-13.7,68.0,59.0,10.3,3,long,Long in mixed structure,FIGR_2026-01-27_000,Other — 对不上三类,low
,LEU,2026-01-27,2026-01-30,3,-1.1,0.74,1.52,-150.0,318.64,290.0,8.99,0.91,8.0,17.9,,9.1,-7.8,49.0,55.0,10.1,1,long,Long in mixed structure,LEU_2026-01-27_000,Other — 对不上三类,low
,RMBS,2026-01-27,2026-01-29,2,-0.67,0.6,1.04,-111.0,121.7,115.0,5.51,0.89,18.4,23.8,,4.6,-10.3,71.0,62.0,6.5,3,long,Long in mixed structure,RMBS_2026-01-27_000,Other — 对不上三类,low
,TTMI,2026-01-27,2026-01-29,2,-0.43,1.12,1.14,-39.0,98.1,94.4,3.77,0.52,16.8,30.8,,12.0,-8.0,82.0,65.0,7.5,1,long,Long in mixed structure,TTMI_2026-01-27_000,Other — 对不上三类,low
,CRWV,2026-01-26,2026-01-28,2,0.98,2.21,1.43,44.0,104.5,100.0,4.31,0.56,22.9,29.4,,5.3,-3.8,39.0,62.0,8.1,1,long,Long in mixed structure,CRWV_2026-01-26_000,Breakout（临界，base 顶下 2-4%）,low
,SNOW,2026-01-26,2026-01-28,2,1.0,1.9,1.33,53.0,214.5,210.0,2.1,0.59,-1.1,-6.5,,-5.4,-9.2,25.0,43.0,3.6,1,long,Long in mixed structure,SNOW_2026-01-26_000,Pullback — U&R 或 30m Pivot（手标定）,mid
,APLD,2026-01-25,2026-01-26,1,-0.67,1.19,2.2,-56.0,39.54,37.8,4.4,0.49,24.0,38.5,,11.7,0.1,91.0,64.0,9.4,3,long,Long in mixed structure,APLD_2026-01-25_000,Breakout,high
,CSIQ,2026-01-25,2026-01-28,3,-0.63,0.31,1.01,-202.0,22.7,21.2,6.61,0.79,1.7,-6.2,,-7.7,-13.1,52.0,50.0,8.5,1,long,Long in mixed structure,CSIQ_2026-01-25_000,Pullback — U&R 或 30m Pivot（手标定）,mid
,CSIQ,2026-01-22,2026-01-28,4,-0.67,0.7,2.65,-95.0,22.93,22.0,4.06,0.49,2.4,-6.0,,-8.1,-12.9,48.0,46.0,8.9,3,long,Long in mixed structure,CSIQ_2026-01-22_000,Pullback — U&R 或 30m Pivot（手标定）,mid
,FRMI,2026-01-22,2026-01-30,6,-0.5,0.63,0.99,-79.0,9.62,8.7,9.56,0.94,7.7,-23.7,,-29.2,-9.0,6.0,41.0,10.6,1,long,Long in mixed structure,FRMI_2026-01-22_000,Other — 对不上三类,low
,ALAB,2026-01-21,2026-01-23,2,-0.67,1.68,1.52,-40.0,173.68,167.0,3.85,0.47,1.6,8.2,,6.5,-8.5,34.0,54.0,8.1,3,long,Long in mixed structure,ALAB_2026-01-21_000,Pullback — U&R 或 30m Pivot（手标定）,mid
,MU,2026-01-21,2026-01-28,5,6.66,13.18,3.14,50.0,380.42,376.0,1.16,0.23,18.0,40.2,,18.7,-3.4,98.0,77.0,4.9,2,long,Extended long — RSI overbought,MU_2026-01-21_000,Breakout（临界，base 顶下 2-4%）,low
,ARM,2026-01-20,2026-01-28,6,0.8,1.9,1.92,42.0,114.0,109.0,4.39,1.12,2.7,-10.0,,-12.3,-6.9,6.0,31.0,4.2,2,long,Long in mixed structure,ARM_2026-01-20_000,Pullback — U&R 或 30m Pivot（手标定）,mid
,BABA,2026-01-20,2026-04-23,67,-5.68,1.68,7.95,-337.0,168.5,162.0,3.86,1.02,9.2,8.5,,-0.7,-1.9,60.0,55.0,3.9,1,long,Long in mixed structure,BABA_2026-01-20_000,Breakout,high
,GEV,2026-01-15,2026-01-22,5,-0.54,0.3,0.94,-179.0,685.3,636.0,7.19,2.27,4.9,10.3,,5.1,-1.8,56.0,49.0,3.4,2,long,Long in mixed structure,GEV_2026-01-15_000,Breakout,high
,APLD,2026-01-14,2026-01-20,4,-0.65,0.83,1.2,-78.0,35.9,34.0,5.29,0.68,25.1,28.0,,2.3,-9.1,85.0,65.0,7.8,1,long,Long in mixed structure,APLD_2026-01-14_000,Other — 对不上三类,low
,BABA,2026-01-14,2026-04-23,71,-2.69,0.5,3.68,-542.0,172.0,157.0,8.72,2.61,13.5,10.7,,-2.4,0.5,70.0,64.0,3.4,1,long,Long in mixed structure,BABA_2026-01-14_000,Breakout,high
,FLNC,2026-01-14,2026-02-03,14,2.17,5.14,1.91,42.0,25.55,24.0,6.07,0.92,21.5,25.5,,3.3,1.3,83.0,56.0,7.5,2,long,Long in mixed structure,FLNC_2026-01-14_000,Breakout,high
,MU,2026-01-14,2026-01-30,12,5.94,7.71,1.07,77.0,343.5,329.0,4.22,0.93,15.2,31.6,,14.3,-2.1,92.0,66.0,4.7,2,long,Long in mixed structure,MU_2026-01-14_000,Breakout（临界，base 顶下 2-4%）,low
,RKLB,2026-01-14,2026-01-20,4,1.81,4.04,3.14,45.0,91.1,89.0,2.31,0.34,20.6,53.0,,26.9,-1.2,99.0,74.0,6.8,2,long,Extended long — RSI overbought,RKLB_2026-01-14_000,Breakout,high
,CRWV,2026-01-13,2026-02-04,16,1.02,5.66,2.45,18.0,91.12,87.0,4.52,0.74,18.0,9.1,,-7.6,-0.9,26.0,57.0,6.3,3,long,Long in mixed structure,CRWV_2026-01-13_000,Breakout,high
,EOSE,2026-01-13,2026-01-21,6,-0.3,0.64,0.95,-48.0,17.37,15.5,10.77,1.92,31.5,22.4,,-6.9,-2.2,78.0,67.0,5.8,1,long,Long in mixed structure,EOSE_2026-01-13_000,Breakout（临界，base 顶下 2-4%）,low
,SILJ,2026-01-13,2026-01-15,2,-0.67,1.1,2.06,-61.0,32.1,32.6,-1.56,-0.35,11.3,25.6,,12.8,-3.1,94.0,72.0,4.5,3,short,Short in mixed structure,SILJ_2026-01-13_000,Short — 三类之外,low
,RDDT,2026-01-12,2026-01-14,2,-0.67,1.35,1.72,-49.0,253.34,245.96,2.91,0.66,7.7,16.1,,7.9,-3.9,64.0,58.0,4.6,3,long,Long in mixed structure,RDDT_2026-01-12_000,Breakout（临界，base 顶下 2-4%）,low
,APP,2026-01-11,2026-01-14,3,0.0,2.58,2.82,0.0,640.0,624.64,2.4,0.49,-5.5,0.5,,6.3,-13.3,73.0,48.0,4.8,1,long,Long in mixed structure,APP_2026-01-11_000,Pullback — U&R 或 30m Pivot（手标定）,mid
,BABA,2026-01-11,2026-04-23,74,-4.23,6.11,12.47,-69.0,158.87,155.5,2.12,0.77,6.2,2.0,,-4.0,0.9,45.0,47.0,2.9,2,long,Long in mixed structure,BABA_2026-01-11_000,Breakout,high
,HUN,2026-01-08,2026-01-13,3,5.6,6.66,18.62,84.0,11.35,11.3,0.44,0.12,11.4,21.7,,9.3,-0.3,96.0,70.0,3.9,1,long,Long in mixed structure,HUN_2026-01-08_000,Breakout,high
,HUT,2026-01-08,2026-01-13,3,0.0,0.7,1.93,0.0,61.3,59.0,3.75,0.46,27.8,36.4,,6.7,1.5,94.0,65.0,8.6,1,long,Long in mixed structure,HUT_2026-01-08_000,Breakout,high
,UEC,2026-01-08,2026-01-30,16,2.83,4.78,1.49,59.0,15.61,14.62,6.34,1.26,21.8,21.9,,0.0,6.7,62.0,64.0,5.4,2,long,Long in mixed structure,UEC_2026-01-08_000,Breakout,high
,PLTR,2026-01-07,2026-01-15,6,-0.44,1.2,2.96,-37.0,177.79,181.0,-1.81,-0.44,-3.5,-1.7,,1.9,-10.6,57.0,51.0,4.0,1,short,Short in mixed structure,PLTR_2026-01-07_000,Short — 三类之外,low
,APLD,2026-01-06,2026-01-20,10,2.4,6.73,2.93,36.0,32.1,31.0,3.43,0.48,18.7,14.9,,-3.2,-7.9,63.0,59.0,7.6,3,long,Long in mixed structure,APLD_2026-01-06_000,Other — 对不上三类,low
,FLY,2026-01-06,2026-01-08,2,0.23,2.42,1.23,9.0,27.11,25.4,6.31,0.68,18.0,25.8,,6.6,-5.7,31.0,59.0,9.5,1,long,Long in mixed structure,FLY_2026-01-06_000,Other — 对不上三类,low
,FLY,2026-01-06,2026-01-07,1,1.26,0.43,1.16,296.0,27.93,25.4,9.06,1.01,21.6,29.6,,6.6,-2.8,31.0,59.0,9.5,1,long,Long in mixed structure,FLY_2026-01-06_001,Breakout（临界，base 顶下 2-4%）,low
,MDB,2026-01-06,2026-01-08,2,-0.67,0.62,3.51,-108.0,439.74,431.7,1.83,0.6,3.8,15.3,,11.1,-0.2,98.0,61.0,3.1,3,long,Long in mixed structure,MDB_2026-01-06_000,Breakout,high
,WGMI,2026-01-06,2026-01-30,18,4.23,8.54,1.06,49.0,43.81,42.85,2.19,0.36,5.0,-5.8,,-10.3,-10.6,47.0,55.0,5.9,3,long,Long in mixed structure,WGMI_2026-01-06_000,Other — 对不上三类,low
,AEO,2026-01-05,2026-01-12,5,-2.78,0.34,3.18,-829.0,27.51,26.26,4.54,1.26,7.7,31.3,,21.9,-0.4,92.0,67.0,3.8,1,long,Long in mixed structure,AEO_2026-01-05_000,Breakout,high
,AEVA,2026-01-05,2026-01-06,1,-0.67,0.63,3.43,-106.0,17.48,15.97,8.64,1.5,23.6,30.9,,6.0,0.9,36.0,48.0,7.7,3,long,Long in mixed structure,AEVA_2026-01-05_000,Breakout,high
,BABA,2026-01-05,2026-01-07,2,-0.67,0.27,1.18,-248.0,153.29,146.48,4.44,1.87,1.6,-2.8,,-4.3,-3.8,52.0,54.0,2.4,3,long,Long in mixed structure,BABA_2026-01-05_000,Breakout（临界，base 顶下 2-4%）,low
,PATH,2026-01-05,2026-01-09,4,-0.67,2.06,2.79,-32.0,16.95,16.47,2.83,0.55,-0.2,8.7,,8.9,-14.6,60.0,49.0,5.5,3,long,Long in mixed structure,PATH_2026-01-05_000,Pullback — U&R 或 30m Pivot（手标定）,mid
,XOM,2025-12-31,2026-01-20,14,3.84,3.67,1.5,105.0,120.61,118.0,2.16,1.48,3.4,4.8,,1.4,0.4,92.0,59.0,1.5,1,long,Long in mixed structure,XOM_2025-12-31_000,Breakout,high
