perf_1w,perf_1m,perf_3m,perf_6m,perf_1w_pctile,perf_3m_pctile,rs_1m,rs_3m,rs_6m,h_score,rel_volume,adr_pct,market_cap,vcs,atr_from_sma50,ema21_atr_dist,sma50_dist,sma20_dist,sma200_dist,high_52w,change_pct,avg_volume,pp_count_10d,dcr_pct,vol_5d_50d,close,his,day,t,rs21,rs126,px21,px63,px126,dollar_vol
0.0542265012,0.1623681445,0.1810600859,0.1435986015,0.7893,0.7806,85,71,62,73,0.6902529041,4.1504,2120000000.0,16.0,3.1387,1.6866,0.1497784987,0.0885137921,0.0689191359,-0.2625511203,0.0107033168,1331239.6,4.0,0.8281,,19.83,False,2026-08-11,ALKT,100.0,91.26984126984127,100.0,100.0,100.0,26398481.268
0.2221984045,0.2837351069,0.8110530021,0.7178227545,0.9676,0.9763,95,97,93,66,1.0061135751,5.6172,1940000000.0,8.7,3.4226,2.7537,0.2380131106,0.2283765159,0.6450383769,-0.039605604,0.0083163979,285381.3,1.0,0.2061,,113.97,False,2026-08-11,ALNT,100.0,100.0,100.0,100.0,100.0,32524906.761
0.2677321968,0.3095975366,1.0533980474,0.7359780684,0.9767,0.9858,95,98,94,86,1.1131522825,5.2026,1590000000.0,8.6,6.3007,4.2599,0.4876555686,0.3129170235,0.4767275263,-0.0139860378,0.0410172286,2122582.9,4.0,0.7465,,12.69,True,2026-08-11,AMPL,100.0,100.0,100.0,100.0,100.0,26935577.001
0.0027368534,0.0836939156,0.388031538,0.3792262831,0.5332,0.9167,68,90,84,61,0.6690372242,5.4302,249530000000.0,12.6,2.4024,1.5128,0.15002462,0.1079781971,0.3412691337,-0.0792963532,0.0330513873,7783569.9,2.0,0.8732,,197.85,True,2026-08-11,ANET,100.0,100.0,100.0,100.0,100.0,1539979304.715
0.0778438055,0.2702702458,0.614700317,0.2818646396,0.8484,0.9592,94,95,79,76,0.9743124248,3.9338,5240000000.0,18.0,5.3816,3.0133,0.2685546568,0.1509773698,0.2781321651,-0.1137405103,-0.0047245218,968254.1,3.0,0.5724,,117.97,False,2026-08-11,ANF,95.23809523809523,99.20634920634922,95.23809523809523,98.4126984126984,99.20634920634922,114224936.177
0.0519171206,0.163705127,0.3066031529,0.0781731332,0.7831,0.8817,85,85,51,74,0.9285121431,4.4313,7190000000.0,4.9,3.5259,2.026,0.1851770789,0.1140973155,0.0659176434,-0.2968638559,0.0174401679,455785.1,3.0,0.9861,,203.02,False,2026-08-11,APPF,100.0,92.06349206349206,100.0,100.0,100.0,92533491.002
0.1852469762,0.4102461434,0.7305067022,0.3512175568,0.9573,0.9696,98,97,83,82,0.5869204353,5.9291,2540000000.0,0.6,4.8664,3.2411,0.4055461288,0.2802854993,0.2628886673,-0.2290323329,-0.001967496,916067.95,2.0,0.2614,,35.51,False,2026-08-11,APPN,100.0,100.0,95.23809523809523,98.4126984126984,99.20634920634922,32529572.904499996
0.0238963743,0.189609285,0.1689444647,0.0695644905,0.6747,0.7645,88,69,49,60,0.9920578145,3.7382,46990000000.0,3.8,3.2926,2.1998,0.1403629773,0.1030437515,0.0860386902,-0.2400144178,0.0395902717,2291799.9,4.0,0.7646,,143.11,False,2026-08-11,ARES,100.0,94.44444444444444,100.0,100.0,100.0,327979483.689
0.0416666532,0.2399463744,0.5391014389,0.1253040997,0.7508,0.9471,92,94,59,78,0.6973921197,6.2192,2130000000.0,8.9,2.749,1.7159,0.2062175676,0.1456527157,0.0089496553,-0.4112030568,0.0021668969,5334564.15,0.0,0.437,,9.25,True,2026-08-11,ASAN,100.0,100.0,95.23809523809523,98.4126984126984,99.20634920634922,49344718.3875
0.12173956,0.214527021,0.4289796266,0.6789259567,0.9144,0.9269,91,91,93,73,0.805592886,4.4138,31330000000.0,4.5,3.5638,2.657,0.1866595827,0.1571228992,0.5552718858,-0.0382476866,0.0082825688,1637852.1,2.0,0.6395,,230.08,True,2026-08-11,ATI,100.0,100.0,100.0,100.0,100.0,376837011.16800004
0.1076576265,0.350357023,0.3578133254,0.466308854,0.8994,0.9064,96,89,87,67,1.6713021467,5.6989,5670000000.0,0.5,4.6322,3.0466,0.3586686429,0.2421387687,,-0.3774683506,0.0349326564,1466388.95,3.0,0.7573,,24.59,True,2026-08-11,BETA,100.0,99.20634920634922,100.0,100.0,100.0,36058504.2805
0.0240066195,0.1960357945,0.200097019,-0.0223276241,0.6754,0.8064,89,75,33,69,0.853800941,4.028,4930000000.0,33.4,4.703,1.9736,0.2337121469,0.0790182349,0.1300325234,-0.1351162326,0.0044661232,2366798.75,3.0,0.5763,,49.48,False,2026-08-11,BILL,95.23809523809523,88.09523809523809,100.0,100.0,99.20634920634922,117109202.14999999
0.2241512133,0.4785648134,0.7530386118,0.3965669235,0.9681,0.9719,98,97,84,84,1.4609212431,5.296,12010000000.0,1.6,6.3815,3.9838,0.5104920137,0.3106695556,0.4737540985,-0.0502843554,0.028525094,8590475.4,3.0,0.5856,,31.73,True,2026-08-11,CHYM,100.0,100.0,100.0,100.0,100.0,272575784.44200003
0.1435668861,0.16350774,0.4333749205,0.8291617313,0.9331,0.9277,85,92,95,71,1.1410985648,4.6359,4050000000.0,36.8,3.5704,1.9811,0.1983529409,0.0828609995,0.5897351203,-0.0286919951,0.0125357308,1350831.6,1.0,0.2,,46.04,True,2026-08-11,CLMT,100.0,100.0,100.0,100.0,100.0,62192286.864
0.0573715489,0.0530062089,0.6251052537,1.1471248558,0.7985,0.9608,58,95,97,81,0.7547456573,4.2787,225950000000.0,19.2,3.5868,2.2513,0.1812943158,0.1183827255,0.6340550176,-0.0220361399,-0.0144786361,7994282.5,2.0,0.4236,,221.9,False,2026-08-11,CRWD,95.23809523809523,99.20634920634922,95.23809523809523,98.4126984126984,99.20634920634922,1773931286.75
0.0152010224,0.2007054818,0.3448067426,0.1178700294,0.6288,0.9016,89,88,58,61,0.3743563257,4.1451,5720000000.0,0.1,4.2659,2.2993,0.2148128171,0.1298056705,0.2389460274,-0.0117938428,0.0103249819,178613.25,0.0,0.4374,,351.29,False,2026-08-11,CSW,100.0,97.61904761904762,100.0,100.0,100.0,62745048.5925
0.0861350838,0.0816325736,0.7306121178,0.8148741145,0.8646,0.9699,68,97,95,75,0.8087461128,4.5255,3350000000.0,47.6,2.9732,1.745,0.1554707138,0.0838791594,0.5649617521,-0.0269650724,0.0278787324,1146584.8,5.0,0.7119,,33.92,False,2026-08-11,CXW,100.0,100.0,100.0,100.0,100.0,38892156.416
0.0288962719,0.1689481156,0.36013236,0.6279606956,0.6966,0.9071,86,89,92,67,0.5458374362,4.3423,2980000000.0,24.8,2.8993,1.5227,0.1440309534,0.0858627197,0.5080618519,-0.0624079325,0.0123684287,300655.45,0.0,0.5206,,197.26,False,2026-08-11,DCO,95.23809523809523,99.20634920634922,95.23809523809523,98.4126984126984,99.20634920634922,59307294.067
0.1488660046,0.2358421592,0.3583618315,0.8149837832,0.9375,0.9069,92,89,95,63,0.7809557986,4.359,3170000000.0,1.7,3.8119,2.8848,0.1992699601,0.1887948055,0.5610452477,-0.0375402423,0.0100302336,351401.45,2.0,0.6182,,83.58,False,2026-08-11,DGII,100.0,100.0,100.0,100.0,100.0,29370133.191
0.1050875941,0.1422413417,0.3236762934,0.358974359,0.8961,0.8907,82,87,83,81,1.9933957831,3.7256,2049999999.9999998,8.9,4.3424,2.8869,0.1930058372,0.1382672452,0.2475813407,-0.1940389556,0.0022692687,4637976.1,6.0,0.75,,13.25,False,2026-08-11,DV,100.0,100.0,100.0,100.0,100.0,61453183.324999996
0.1581636019,0.1925146459,0.3561444405,0.3111006899,0.9427,0.9059,88,89,81,68,1.0991350118,5.0635,3030000000.0,0.9,2.9255,2.1601,0.1738940431,0.1385132805,0.3987634265,-0.0625,0.0121983191,139903.65,4.0,0.1987,,195.0,False,2026-08-11,DXPE,95.23809523809523,99.20634920634922,95.23809523809523,98.4126984126984,99.20634920634922,27281211.75
0.0998031127,0.3147404549,0.7066115365,0.2966147296,0.8884,0.968,95,96,80,73,0.400274959,5.0791,5610000000.0,27.1,4.699,2.2009,0.3134860555,0.139973453,0.2483974185,-0.3708855261,-0.0026249476,2713859.5,2.0,0.665,,94.99,False,2026-08-11,ELF,95.23809523809523,92.06349206349206,90.47619047619048,96.82539682539682,98.4126984126984,257789513.90499997
0.0950946233,0.2251283512,0.5242563035,0.2046386429,0.8793,0.9447,92,94,71,80,0.5326870644,4.2511,7940000000.0,2.8,4.2869,2.8786,0.2228560945,0.1668780595,0.1925066296,-0.2052670062,0.0003930658,1732612.0,4.0,0.5094,,76.35,True,2026-08-11,ESTC,100.0,100.0,100.0,100.0,100.0,132284926.19999999
0.0293776567,0.1080575138,0.1466641402,0.2269373709,0.6982,0.738,75,65,73,58,0.7214192423,3.8912,178390000000.0,1.9,2.7677,2.0395,0.1206944748,0.1063549088,0.2256532655,-0.0096172322,0.0322051811,2505832.8,1.0,0.7414,,459.29,True,2026-08-11,ETN,100.0,98.4126984126984,100.0,100.0,100.0,1150903946.712
0.004410948,0.2057608863,0.4527347494,0.3349744284,0.5513,0.9329,90,92,82,80,0.8335956527,4.0401,38530000000.0,19.0,4.4504,2.2201,0.219215852,0.114118496,0.2826991132,-0.0309075799,0.0224833519,1670673.3,4.0,0.6814,,321.07,False,2026-08-11,EXPE,95.23809523809523,99.20634920634922,100.0,100.0,100.0,536403076.431
0.1056473272,0.3770335508,0.5123489043,2.1661166341,0.8966,0.9425,97,93,99,86,1.1328530036,6.954,4580000000.0,2.8,4.3641,2.9963,0.435705102,0.2955502375,0.661473403,-0.1734634997,0.0371171419,6709668.4,5.0,0.7933,,28.78,False,2026-08-11,FSLY,100.0,83.33333333333334,100.0,100.0,92.06349206349206,193104256.55200002
0.038323145,0.1752724634,0.2844137623,0.1457974093,0.7398,0.871,87,84,62,64,0.7083677094,3.664,4840000000.0,1.1,3.6533,2.6777,0.1545433249,0.1337988791,0.2897072326,-0.0167633757,0.0186068406,329080.5,2.0,0.5394,,106.75,False,2026-08-11,GFF,95.23809523809523,99.20634920634922,95.23809523809523,98.4126984126984,99.20634920634922,35129343.375
0.164546482,0.2768344813,0.8245234294,0.3347068662,0.9475,0.977,94,98,82,82,1.0842208495,5.0,7110000000.0,16.1,4.838,3.2517,0.3190909716,0.2189985622,0.322398678,-0.196067206,0.0338816863,4143445.5,3.0,0.9241,,42.11,True,2026-08-11,GTLB,100.0,100.0,100.0,100.0,100.0,174480490.005
0.0189300826,0.2476694928,0.582047365,-0.0271241808,0.6498,0.9546,93,95,32,74,0.4318451133,3.6443,3570000000.0,25.7,5.6776,2.5154,0.2608914974,0.1126089796,0.2466857977,-0.0442633197,0.0108185091,640556.05,5.0,0.3551,,49.52,False,2026-08-11,HNI,95.23809523809523,88.09523809523809,95.23809523809523,98.4126984126984,97.61904761904762,31720335.596000005
0.0130308412,0.1615728905,0.2348767665,-0.0464191487,0.6184,0.835,85,79,29,54,0.4182008783,4.7256,5720000000.0,12.4,2.7238,1.5294,0.1477337247,0.0854085718,0.2341281854,-0.0830233484,0.0074811753,546548.35,0.0,0.5479,,171.03,False,2026-08-11,HRI,100.0,96.03174603174604,100.0,100.0,96.82539682539682,93476164.30049999
0.4564130599,0.5352649077,0.6037909065,0.8015109057,0.9929,0.9578,98,95,95,75,2.6135654308,4.825,1160000000.0,2.5,6.6875,5.6931,0.4763906681,0.4327656882,0.7801848103,0.0,0.0065234106,771216.2,2.0,1.0,,52.46,False,2026-08-11,HZO,100.0,100.0,100.0,100.0,100.0,40458001.852
0.0798160399,0.438716661,0.7527447978,0.5626467665,0.8532,0.9717,98,97,90,85,0.670867034,5.093,3080000000.0,9.2,6.0442,3.5516,0.4447372525,0.2542820258,0.2971606075,-0.1673273609,0.0302012937,841910.5,3.0,0.9745,,39.91,False,2026-08-11,INTA,100.0,100.0,100.0,100.0,100.0,33600648.055
0.0523509329,0.1437185538,0.1199259843,0.0409663105,0.7843,0.704,82,61,43,57,1.7712317432,3.5631,99610000000.0,9.6,3.4454,2.2811,0.1399453045,0.0914273433,0.0450941673,-0.2651254304,0.0687662454,4691501.85,5.0,0.9518,,110.97,False,2026-08-11,KKR,100.0,87.3015873015873,100.0,100.0,100.0,520615960.29449993
0.1094804536,0.0656592067,0.2359241822,0.4453713595,0.9021,0.8364,62,79,86,53,1.5069210198,4.9654,6420000000.0,36.4,2.5895,1.6677,0.1475490259,0.0891745056,0.2723670477,-0.0464772311,0.0269245454,305189.85,1.0,0.3708,,83.91,False,2026-08-11,LB,100.0,90.47619047619048,100.0,100.0,100.0,25608480.3135
0.0643204735,0.1236387765,0.2636888163,0.0409495857,0.8176,0.8574,78,82,43,71,0.7730406466,3.8709,6640000000.0,5.4,3.6656,2.2107,0.1653556568,0.1074281719,0.0736579454,-0.3132341313,0.0162225193,12759344.6,1.0,0.6446,,17.54,True,2026-08-11,LYFT,100.0,99.20634920634922,100.0,100.0,100.0,223798904.28399998
0.1668615707,0.2741462458,0.4225187935,0.1640778039,0.9495,0.9245,94,91,65,77,1.2503336548,4.7538,35320000000.0,5.2,4.4943,3.829,0.2716978708,0.2820131169,0.3075840177,-0.0125022431,0.053975543,1412387.8,5.0,0.9906,,439.16,True,2026-08-11,MDB,100.0,100.0,100.0,100.0,100.0,620264226.248
0.046292973,0.1213178744,0.5646295653,1.5853441814,0.7651,0.9519,78,94,98,84,0.6638702727,5.212,7360000000.0,31.4,3.0445,1.4735,0.1886077794,0.0918217222,,-0.0317938046,0.0087168758,2921143.0,1.0,0.7064,,28.93,False,2026-08-11,NAVN,95.23809523809523,99.20634920634922,95.23809523809523,98.4126984126984,99.20634920634922,84508666.99
0.2792184302,0.2294297438,0.3416541772,0.7476340268,0.9779,0.9002,92,88,94,60,1.4676173661,5.1779,3630000000.0,4.6,4.7383,3.7148,0.3251051829,0.264640238,0.6754076923,-0.0206664399,0.0061468958,2159652.15,4.0,0.5706,,36.01,False,2026-08-11,NESR,100.0,100.0,100.0,100.0,100.0,77769073.9215
0.047822263,0.089511983,0.643396393,0.7055784449,0.7704,0.9632,70,96,93,82,1.4350340607,5.5622,109310000000.0,29.0,2.7492,1.482,0.1805194564,0.0957168328,0.4197032032,-0.0546916182,-0.0116552212,3895902.65,3.0,0.6278,,306.97,False,2026-08-11,NET,95.23809523809523,99.20634920634922,95.23809523809523,98.4126984126984,99.20634920634922,1195925236.4705
0.076062149,0.2603323134,0.734658731,0.6012517484,0.8443,0.9703,93,97,91,82,0.8044851876,4.3004,4430000000.0,10.2,4.7816,2.8427,0.2588565882,0.17360304,0.6302008578,-0.0322477171,-0.0244927518,474272.25,4.0,0.0363,,150.95,False,2026-08-11,NSIT,95.23809523809523,99.20634920634922,95.23809523809523,98.4126984126984,99.20634920634922,71591396.13749999
0.063611976,0.1370380851,0.7127488615,0.8940977139,0.8162,0.9689,81,97,96,83,0.8294538624,4.0329,38950000000.0,26.2,3.7636,2.3945,0.1789443699,0.1277601644,0.6165338531,-0.0187867848,-0.0012580515,2427672.1,2.0,0.6274,,198.47,True,2026-08-11,NTAP,100.0,100.0,95.23809523809523,98.4126984126984,99.20634920634922,481820081.68700004
0.093039803,0.0784863244,0.4236817526,0.2594108025,0.8751,0.9251,67,91,77,77,1.0851730509,5.711,6220000000.0,16.3,4.2845,2.4146,0.3239507187,0.1700530567,0.1233166943,-0.4501607549,-0.0178685215,4599714.3,2.0,0.6667,,15.39,False,2026-08-11,NTSK,95.23809523809523,99.20634920634922,95.23809523809523,98.4126984126984,99.20634920634922,70789603.077
0.3061858138,0.4199662338,0.3126124427,0.4853340326,0.9818,0.8856,98,86,88,64,2.0868677909,5.1151,36360000000.0,3.0,5.8419,4.7418,0.4261611172,0.3861097248,0.473259259,-0.0019162249,0.1163502093,2629741.1,2.0,0.9794,,109.38,True,2026-08-11,P,100.0,100.0,100.0,100.0,100.0,287641081.518
0.0582914684,0.0875909543,0.780148316,1.3188931214,0.8021,0.9737,69,97,98,83,0.9026145355,4.0247,312800000000.0,29.6,4.0953,2.364,0.1973529375,0.1094890256,0.7459576418,-0.0087810545,-0.0032204985,6151920.65,3.0,0.6983,,383.8,False,2026-08-11,PANW,95.23809523809523,99.20634920634922,95.23809523809523,98.4126984126984,99.20634920634922,2361107145.4700003
0.1374819547,0.3165829832,0.5704295612,0.2138996524,0.9293,0.9527,96,95,72,80,0.8079351724,5.0612,8140000000.000001,0.3,4.9637,3.2421,0.3355082274,0.2332797479,0.2343498088,-0.207661283,0.0083386859,80173421.35,0.0,0.5,,15.72,True,2026-08-11,PATH,100.0,100.0,100.0,100.0,100.0,1260326183.622
0.0152500153,0.4359971579,0.5301431503,0.6070439206,0.6291,0.9459,98,94,91,84,0.6765460315,5.8448,5110000000.0,12.8,5.4082,2.4524,0.4622009908,0.1890087899,0.4358194921,-0.1037298747,0.041549086,1221448.3,2.0,0.9183,,40.61,False,2026-08-11,PAY,95.23809523809523,99.20634920634922,95.23809523809523,98.4126984126984,99.20634920634922,49603015.463
0.0201149617,0.3898299328,0.3973274762,0.7724203333,0.6547,0.919,97,91,94,59,0.6933853142,6.0633,2350000000.0,0.2,3.7727,3.0097,0.2966021296,0.3059628719,0.6572761233,-0.0326559577,0.0392105655,107937.1,0.0,0.5161,,480.77,False,2026-08-11,PLPC,100.0,100.0,100.0,100.0,100.0,51892919.567
0.0276125378,0.1473921713,1.0895471795,0.6607284467,0.6909,0.987,83,98,92,83,0.8474378083,5.4595,6510000000.0,11.9,4.8678,2.8001,0.3619439573,0.2076533997,0.5621850004,-0.0656445181,0.0135091198,836389.4,1.0,0.8598,,188.31,False,2026-08-11,QLYS,100.0,100.0,100.0,100.0,100.0,157500487.914
0.1429077125,0.1008517541,0.6029435811,0.7361633016,0.9327,0.9576,73,95,94,82,1.2985399734,4.8857,19950000000.0,7.3,3.9807,3.1531,0.2414445037,0.2231840956,0.4501372313,-0.0302150749,-0.010009226,2694885.85,3.0,0.3266,,96.93,False,2026-08-11,RBRK,95.23809523809523,99.20634920634922,95.23809523809523,98.4126984126984,99.20634920634922,261215285.44050002
0.0341455666,0.5394495922,0.520815319,1.2057535255,0.7252,0.9441,99,93,97,86,0.3692542744,4.7851,5300000000.0,8.8,6.2484,3.158,0.4265169968,0.224651607,0.7555936111,-0.0230946306,-0.0101403702,2635758.25,3.0,0.4508,,63.45,False,2026-08-11,RNG,95.23809523809523,99.20634920634922,95.23809523809523,98.4126984126984,99.20634920634922,167238860.9625
0.0695237659,0.1275099899,0.4269377008,0.6358339281,0.8308,0.9258,79,91,92,81,1.6497407759,4.0811,7700000000.0,13.9,5.1823,2.9302,0.268224338,0.1455384474,0.4364103257,-0.0068538885,0.0103463584,6537248.25,3.0,0.7867,,22.46,True,2026-08-11,S,100.0,100.0,100.0,100.0,100.0,146826595.695
0.0664977956,0.1727019885,0.3472000122,0.0794871629,0.8243,0.9028,86,88,51,63,0.8559373052,4.364,1580000000.0,24.4,3.3442,1.6933,0.1708755253,0.0877850404,0.1513270452,-0.0602678526,0.0053731434,1493909.65,2.0,0.3077,,16.84,False,2026-08-11,SBH,100.0,83.33333333333334,100.0,100.0,100.0,25157438.505999997
0.1444607982,0.2033122281,0.3696104885,0.1604164156,0.9342,0.9116,89,90,65,77,3.0221429672,3.811,74560000000.0,24.1,6.2274,4.2931,0.3111821262,0.2068735511,0.2077486072,-0.3401405294,0.145557413,4868782.9,3.0,0.942,,131.51,False,2026-08-11,SE,100.0,100.0,100.0,100.0,100.0,640293639.179
0.0580282501,0.2142743495,0.5285457353,0.1993870102,0.8009,0.9457,91,94,70,80,0.4992832575,4.8977,196350000000.0,0.9,4.2648,2.7339,0.2640268006,0.1825282444,0.1513208822,-0.1623579858,-0.0165613622,11766639.3,4.0,0.3052,,152.61,False,2026-08-11,SHOP,95.23809523809523,98.4126984126984,95.23809523809523,98.4126984126984,99.20634920634922,1795706823.5730002
0.0330188063,0.1564533687,0.3653761998,0.0449400277,0.7192,0.9092,84,89,44,70,0.5966894847,3.9891,5110000000.0,13.4,3.147,2.1809,0.1435586744,0.1119376414,0.1528869693,-0.0504184743,0.0126895401,662706.5,4.0,0.601,,94.17,False,2026-08-11,SKY,95.23809523809523,84.92063492063492,95.23809523809523,98.4126984126984,93.65079365079364,62407071.105000004
0.0305858659,0.2521181763,0.7312054823,0.5819284697,0.7056,0.9701,93,97,90,86,0.9263790812,3.5322,26440000000.0,16.2,5.9942,3.333,0.2685914909,0.155487092,0.5657091693,-0.0185127524,0.008110837,1793167.65,2.0,0.5426,,187.68,False,2026-08-11,SN,100.0,100.0,100.0,100.0,100.0,336541704.552
0.0546017501,0.2109154588,1.1985789186,0.830101935,0.7914,0.9888,90,99,95,86,0.6652346062,4.2411,115810000000.0,26.3,4.8308,2.6614,0.257667109,0.1455155612,0.5663689358,-0.0186783711,-0.0016731328,5028791.3,3.0,0.6116,,334.14,True,2026-08-11,SNOW,100.0,100.0,95.23809523809523,98.4126984126984,99.20634920634922,1680320324.9819999
0.359689395,0.7296811705,0.8127059039,0.6582006551,0.9891,0.9765,99,98,92,86,0.8394589331,5.9483,39100000000.0,0.3,6.3587,4.6602,0.6083154959,0.4613916474,0.4281106629,-0.1626086857,0.0145519641,5240405.25,5.0,0.7093,,154.08,True,2026-08-11,TEAM,100.0,100.0,100.0,100.0,100.0,807441640.9200001
0.0782395313,0.1066499281,0.1122320159,0.0756097439,0.8494,0.6932,74,59,51,52,0.8278301718,5.6148,3220000000.0,0.9,3.2167,2.3918,0.2204233703,0.180801888,0.3234995763,-0.0464865195,0.005701167,6407422.9,1.0,0.625,,8.82,False,2026-08-11,TGB,100.0,88.09523809523809,100.0,100.0,99.20634920634922,56513469.97800001
0.0218497039,0.1036334553,0.5372173807,0.3669965107,0.6661,0.9468,74,94,83,81,1.6442404803,5.4219,8430000000.0,21.1,2.7737,1.5197,0.1770063575,0.1083455007,0.1269771297,-0.2633552716,0.0172632065,1382639.6,2.0,0.5704,,88.39,False,2026-08-11,TTAN,95.23809523809523,95.23809523809523,100.0,100.0,100.0,122211514.244
0.3246558086,0.1749988284,0.3276792124,1.1551868672,0.9843,0.8934,87,87,97,82,1.1411201386,5.2305,39310000000.0,5.6,3.739,3.4322,0.2431129594,0.2558665405,0.6679526102,-0.0092993546,0.0235543447,2328902.9,1.0,0.8315,,255.95,True,2026-08-11,TWLO,100.0,100.0,100.0,100.0,100.0,596082697.255
0.2368197751,0.3817322498,0.6345006961,0.5096352284,0.9719,0.9616,97,96,89,85,0.8933944247,5.0123,19310000000.0,0.3,5.9718,4.0099,0.4271864557,0.3072693521,0.3917506618,-0.1587728159,0.0178654405,11357815.45,8.0,0.9888,,43.87,False,2026-08-11,U,100.0,100.0,100.0,100.0,100.0,498267363.7914999
0.1638576732,0.3315479651,0.760623287,0.1923261465,0.9466,0.9728,96,97,69,81,1.0036888252,5.7701,2020000000.0,17.5,4.8609,3.0115,0.3898051559,0.2381094982,0.0715863957,-0.5585153613,0.0664951171,863025.45,4.0,0.8434,,24.86,True,2026-08-11,VIA,100.0,100.0,100.0,100.0,100.0,21454812.687
0.0711994369,0.0787640663,0.3220977191,0.6376780982,0.835,0.89,67,87,92,78,0.745776718,3.5798,93270000000.0,47.4,3.9269,1.9068,0.1635693384,0.0579024846,0.4604367619,-0.0014019985,0.028480714,2864602.7,1.0,0.9568,,323.92,False,2026-08-11,VLO,95.23809523809523,99.20634920634922,100.0,100.0,100.0,927902106.5840001
0.1208343329,0.1598081886,0.3283697461,0.1457202192,0.9137,0.8938,84,87,62,60,1.2087281652,4.8827,6790000000.0,17.9,3.1208,2.6116,0.179768345,0.1786726049,0.2492317569,-0.002948013,0.0930706143,438820.75,1.0,0.9574,,241.82,False,2026-08-11,VSEC,100.0,82.53968253968253,100.0,100.0,100.0,106115633.765
0.0622949187,0.2965453647,0.5281571411,0.1829929474,0.8128,0.9455,95,94,68,80,0.6826844694,5.0781,44770000000.0,9.5,4.1954,2.323,0.2707201265,0.1575166714,0.1095261802,-0.2744846914,-0.0158531849,4393224.3,1.0,0.3461,,181.27,False,2026-08-11,WDAY,95.23809523809523,99.20634920634922,95.23809523809523,98.4126984126984,99.20634920634922,796359768.8610001
0.0381311355,0.472684707,0.5842673733,0.4930038065,0.7395,0.955,98,95,88,63,0.6260180096,3.7843,18120000000.0,0.6,7.7938,4.6349,0.4183152416,0.2684084891,0.5404351069,-0.0053131124,0.013171845,877171.25,2.0,0.7684,,383.06,False,2026-08-11,ZBRA,100.0,100.0,100.0,100.0,100.0,336009219.025
0.0768378259,0.2938303919,0.7938461304,0.6977285666,0.8459,0.9749,95,97,93,84,0.9725378504,5.6037,7320000000.0,1.3,4.5754,3.3522,0.3447928919,0.2752367712,0.5259343209,-0.001028125,0.0584603722,9448969.0,3.0,0.9862,,29.15,True,2026-08-11,ZETA,100.0,100.0,100.0,100.0,100.0,275437446.34999996
0.0532185083,0.1726863144,0.2540736916,0.2325029617,0.8439,0.8455,84,80,71,77,0.7601978013,4.0002,2220000000.0,23.1,4.1574,2.3813,0.1994782209,0.1249154555,0.1202941808,-0.2272219725,0.02820394,1292913.5,3.0,0.8471,,20.78,True,2026-08-13,ALKT,100.0,97.61904761904762,100.0,100.0,100.0,26866742.53
0.1811722842,0.3796680204,1.2240802924,0.9821162616,0.9705,0.9886,96,99,95,87,1.316736035,5.1577,1660000000.0,3.9,6.7195,4.2341,0.5303891706,0.3268818387,0.5415955717,-0.0016513556,0.0743134142,2264818.4,5.0,0.9754,,13.3,True,2026-08-13,AMPL,100.0,100.0,100.0,100.0,100.0,30122084.72
0.0792388673,0.2079971409,0.3775793145,0.5069567975,0.8935,0.9056,88,88,87,79,0.9988634535,5.2363,256810000000.0,7.2,2.8341,1.6537,0.1742655484,0.1172534161,0.375371683,-0.0524454572,-0.0326841087,7906979.65,3.0,0.0107,,203.62,False,2026-08-13,ANET,95.23809523809523,99.20634920634922,95.23809523809523,98.4126984126984,99.20634920634922,1610019196.3330002
0.0263157672,0.1337965989,0.2783279289,0.1097992746,0.7328,0.8599,79,82,53,73,0.8553712454,4.7193,7220000000.0,14.9,3.2867,1.7082,0.183582692,0.0997095354,0.0673047764,-0.2935736521,0.0365909274,472539.85,2.0,0.8011,,203.97,False,2026-08-13,APPF,95.23809523809523,91.26984126984127,100.0,100.0,100.0,96383953.20449999
0.0684179842,0.4120564523,0.9255983165,0.6537086555,0.8788,0.9817,97,98,91,84,0.7571791548,5.8023,2650000000.0,2.3,5.3079,3.2878,0.4450482828,0.2872819142,0.3140946789,-0.1964654065,0.0628948491,936915.65,2.0,0.9622,,37.01,False,2026-08-13,APPN,100.0,100.0,100.0,100.0,100.0,34675248.2065
0.0920715402,0.2423108326,0.2207305285,0.1169478664,0.9117,0.8166,91,76,54,63,1.1482049778,3.7116,49360000000.0,5.2,4.1331,2.8038,0.181197581,0.1295143384,0.1319420848,-0.1926600742,0.0498769971,2462555.95,5.0,0.9449,,149.45,True,2026-08-13,ARES,100.0,98.4126984126984,100.0,100.0,100.0,368028986.7275
0.5658106075,0.4625187411,0.460329396,0.7129060264,0.9959,0.9293,98,91,92,84,12.7703333496,6.3338,4260000000.0,9.9,4.8676,4.9146,0.4457206501,0.4657050664,0.4429352894,-0.3598031178,0.4335048289,5409101.4,2.0,0.3529,,19.51,False,2026-08-13,ARX,100.0,100.0,100.0,100.0,100.0,105531568.31400001
0.0658746913,0.2918848244,0.6987951778,0.3107569204,0.8729,0.9671,94,96,78,83,1.2961531541,6.129,2280000000.0,19.8,3.6024,2.3159,0.2833515285,0.1952046407,0.0826938873,-0.3717377555,0.0978865558,5507343.0,0.0,0.9912,,9.87,True,2026-08-13,ASAN,100.0,100.0,100.0,100.0,100.0,54357475.41
0.1911254098,0.285714316,0.5310770636,0.4930562598,0.9728,0.9437,93,93,86,67,2.3391202767,5.6202,3970000000.0,9.9,3.5586,3.2059,0.2500012949,0.2634982586,0.5879666234,-0.0195849936,0.0537035073,648059.45,2.0,0.804,,92.61,False,2026-08-13,ATRO,100.0,100.0,100.0,100.0,100.0,60016785.6645
0.1161207791,0.4875283832,0.5797711503,0.4716769424,0.9365,0.9518,98,94,86,67,1.4912927062,6.4034,6060000000.0,0.1,4.6855,3.0325,0.4286336468,0.2806871847,,-0.3356962083,0.1034482344,1640222.6,3.0,0.949,,26.24,False,2026-08-13,BETA,100.0,100.0,100.0,100.0,100.0,43039441.024
0.0691810706,0.1971535381,0.2363855753,0.0108353639,0.8798,0.8313,87,78,36,70,1.831525287,4.3777,5110000000.0,37.8,4.9366,2.2166,0.2756827507,0.1067373014,0.1692308713,-0.1031287853,0.0535934409,2453089.8,3.0,0.7505,,51.31,False,2026-08-13,BILL,100.0,94.44444444444444,100.0,100.0,100.0,125868037.638
0.0855473239,0.4879825919,1.8101788664,4.1331658812,0.904,0.9938,98,99,99,86,0.8067240605,8.4605,1260000000.0,13.9,4.0634,2.2883,0.5238990492,0.3247309132,1.8445125521,-0.1483951438,0.0563598833,2986457.35,2.0,0.7767,,20.43,True,2026-08-13,BLZE,100.0,100.0,100.0,100.0,100.0,61013323.6605
0.12547098,0.1396414301,0.5373134519,0.6866178647,0.9435,0.9444,80,93,91,83,1.0852490975,5.5331,3360000000.0,21.2,3.6168,2.2637,0.2501883846,0.1562282582,0.2204764177,-0.1997749321,0.0791185155,2131579.75,0.0,0.9212,,29.87,True,2026-08-13,BRZE,100.0,100.0,100.0,100.0,100.0,63670287.1325
0.0443466292,0.1218181957,0.557294357,0.8406921217,0.8166,0.9483,76,94,94,83,0.6422981362,4.6826,4300000000.0,44.3,3.8903,1.7547,0.2227410139,0.0972595297,0.3194897541,-0.1132509465,-0.005159621,1246088.0,3.0,0.4556,,30.85,False,2026-08-13,BWIN,95.23809523809523,99.20634920634922,95.23809523809523,98.4126984126984,99.20634920634922,38441814.800000004
0.0289017062,0.1729818261,0.5752212203,0.2898550562,0.7467,0.9508,84,94,77,81,0.5479578353,4.5028,4190000000.0000005,29.6,4.9451,2.3398,0.2864524869,0.1264931404,0.1319464694,-0.2974839936,0.0215208178,9399347.3,2.0,0.9733,,7.12,False,2026-08-13,CCC,100.0,88.09523809523809,100.0,100.0,100.0,66923352.77600001
0.1058419204,0.456767772,0.8504888692,0.559108588,0.9277,0.9781,97,97,88,85,1.4343914671,5.0264,12180000000.0,1.2,6.6268,3.6801,0.4994501775,0.2768574542,0.4864462334,-0.0368153112,0.0183544277,9103192.05,3.0,0.5232,,32.18,False,2026-08-13,CHYM,100.0,100.0,100.0,100.0,100.0,292940720.169
0.2358156404,0.2326932455,0.5095916267,0.8940217578,0.9797,0.9394,90,93,95,65,0.8887900398,4.4429,4290000000.0,26.1,4.7939,2.7216,0.2706258819,0.1434397157,0.6896150782,-0.0075264226,0.0339055379,1436308.85,1.0,0.8681,,48.79,False,2026-08-13,CLMT,100.0,100.0,100.0,100.0,100.0,70077508.7915
0.0612083039,0.0553360304,0.6440887401,0.1919643401,0.8615,0.962,58,95,66,59,0.774486084,4.7897,10250000000.0,42.7,3.7208,1.933,0.2168666293,0.1119903755,0.3511188859,-0.0433536041,0.0487039169,11646268.65,1.0,0.9355,,13.35,False,2026-08-13,COMP,100.0,99.20634920634922,100.0,100.0,100.0,155477686.4775
0.0518141997,0.1068414059,0.5555133652,1.1920590377,0.8413,0.9474,73,94,97,82,0.7599868568,4.042,229650000000.0,14.2,4.0034,2.3009,0.1930569587,0.1262393806,0.649550882,-0.0060378808,0.0169086483,7644740.1,2.0,0.8211,,225.53,False,2026-08-13,CRWD,95.23809523809523,99.20634920634922,100.0,100.0,100.0,1724118234.753
0.0247813517,0.2226087321,0.437627894,0.2376761307,0.7218,0.9227,89,91,72,80,0.9707278225,3.8161,1650000000.0,27.6,4.8175,2.3793,0.2252510162,0.1077844677,0.1278859282,-0.2052006786,0.0430267728,2849220.9,2.0,0.9024,,7.03,False,2026-08-13,CXM,100.0,91.26984126984127,100.0,100.0,100.0,20030022.927
0.0,0.1372527889,0.4507277379,0.2324613495,0.4778,0.9277,79,91,71,69,0.75265762,3.9129,93710000000.0,23.3,3.8968,1.8676,0.1799097448,0.0985164726,0.1441110988,-0.2425219107,0.0177419592,4169162.6,3.0,0.7424,,216.26,False,2026-08-13,DASH,95.23809523809523,99.20634920634922,100.0,100.0,100.0,901623103.8759999
0.0321746305,0.1799671397,0.3713740175,0.478600882,0.7648,0.9035,86,88,86,80,1.1486246728,3.6299,8080000000.0,24.0,4.843,2.4983,0.2132938958,0.1096012978,0.3179698665,-0.0011120632,0.0683912924,4550182.6,2.0,0.9829,,35.93,False,2026-08-13,DBX,100.0,100.0,100.0,100.0,100.0,163488060.818
0.0897812146,0.2655913583,0.9981732444,3.404004482,0.9102,0.9842,92,98,99,84,1.3303245505,6.9291,320580000000.0,34.0,2.1656,1.6012,0.1765462098,0.1464471485,1.1742566754,-0.0379182689,0.0206604949,6040404.95,1.0,0.2749,,494.51,True,2026-08-13,DELL,100.0,100.0,100.0,100.0,100.0,2987040651.8245
0.0421052946,0.2855200827,0.3557324908,0.8928412685,0.8086,0.8989,93,87,95,61,0.6139291688,4.0969,3230000000.0,0.7,4.231,2.8574,0.2096877217,0.1813268743,0.5892526505,-0.0195761978,-0.0011731403,370111.1,2.0,0.6429,,85.14,False,2026-08-13,DGII,95.23809523809523,99.20634920634922,95.23809523809523,98.4126984126984,99.20634920634922,31511259.053999998
0.0635578846,0.20063685,0.4085713481,0.4652490599,0.8674,0.9173,88,90,85,82,1.6982463154,4.3639,12240000000.0,26.9,5.0475,2.9573,0.2824950388,0.1591502384,0.1828781888,-0.2603578164,0.1030980727,3053701.9,1.0,0.9827,,64.09,False,2026-08-13,DOCU,100.0,100.0,100.0,100.0,100.0,195711754.771
0.0595470863,0.2606857675,0.7091182549,0.393668543,0.8574,0.9677,92,96,82,64,1.1537436664,4.5157,10230000000.0,25.3,5.4089,2.395,0.3231867326,0.1442862429,0.5630373511,-0.059514927,-0.0296067298,1184198.05,2.0,0.1216,,238.61,False,2026-08-13,EAT,95.23809523809523,99.20634920634922,95.23809523809523,98.4126984126984,99.20634920634922,282561496.7105
0.0333009625,0.1259467616,0.2163385071,0.6405160442,0.7728,0.8127,77,76,90,63,1.4196311629,3.8926,2450000000.0,25.8,3.5787,3.563,0.1618480156,0.0775636458,0.4199961884,-0.0295787683,0.1091445639,524489.05,2.0,0.337,,63.92,False,2026-08-13,ECO,100.0,100.0,100.0,100.0,100.0,33525340.076000005
0.0108782834,0.1141788234,0.2302927082,0.7373928343,0.6114,0.8235,75,77,92,75,0.9715156302,4.3183,2150000000.0,35.6,2.8718,1.5797,0.1415710502,0.0800753004,0.4625764485,-0.005009844,0.0388718043,383845.6,1.0,0.9288,,101.29,False,2026-08-13,ECPG,100.0,100.0,100.0,100.0,100.0,38879720.824
0.1453867405,0.3851231353,0.7282041159,0.4248094942,0.9563,0.9689,96,96,84,84,2.2142323977,4.2599,8940000000.0,2.5,6.2877,4.4899,0.365846047,0.2769210009,0.3449752788,-0.1045071401,0.114955867,1852745.45,4.0,0.927,,86.03,True,2026-08-13,ESTC,100.0,100.0,100.0,100.0,100.0,159391691.0635
0.0567465086,0.211699512,0.5149747235,0.4509804953,0.8512,0.9408,88,93,85,80,0.4622918195,3.9075,39400000000.0,28.8,4.7538,2.3393,0.2281342253,0.1167994461,0.3058336959,-0.0090549637,0.0084159787,1657267.05,3.0,0.8833,,328.31,True,2026-08-13,EXPE,100.0,100.0,100.0,100.0,100.0,544097345.1855
0.0709459579,0.2110792724,0.4917647418,0.4524628832,0.8831,0.9373,88,92,85,83,0.8662161104,4.787,3310000000.0,39.0,3.7685,2.134,0.2200989412,0.1214540151,0.2611268865,-0.0981507876,0.0888793308,11414334.0,0.0,0.8968,,12.68,True,2026-08-13,FRSH,100.0,100.0,100.0,100.0,100.0,144733755.12
0.3074913613,0.4773622494,0.6979637975,0.871570994,0.9876,0.9669,98,96,94,86,0.6870649303,6.7974,4780000000.0,0.8,4.7046,2.9912,0.4701345578,0.2981060464,0.7122706843,-0.1378517886,0.052225718,6748616.9,5.0,0.9728,,30.02,False,2026-08-13,FSLY,100.0,84.92063492063492,100.0,100.0,94.44444444444444,202593479.338
0.0898083105,0.0898083105,0.3757962194,0.055718541,0.9106,0.9051,68,88,44,46,2.4332787724,4.3258,1070000000.0000001,29.6,2.7319,2.2267,0.134013067,0.122456962,0.1464785823,-0.4383775118,0.0619469134,2706486.85,2.0,0.6765,,10.8,False,2026-08-13,GO,100.0,90.47619047619048,100.0,100.0,100.0,29230057.980000004
0.1011379332,0.1781588315,0.4138372612,0.3847497424,0.9236,0.9191,85,90,82,80,0.7817852331,3.5905,25090000000.0,39.4,5.4432,2.9455,0.2429159608,0.1157783464,0.2785978853,-0.0078468297,0.0711623533,3343432.3,3.0,0.8926,,94.83,False,2026-08-13,GPN,100.0,100.0,100.0,100.0,100.0,317057685.009
0.1123940753,0.3651393362,0.918141493,0.4655171936,0.9333,0.9813,96,98,85,83,1.5381232322,5.0127,7320000000.0,12.1,5.0876,3.172,0.342333788,0.220318902,0.3640138986,-0.1723940895,0.062239574,4281964.45,4.0,0.939,,43.35,False,2026-08-13,GTLB,100.0,100.0,100.0,100.0,100.0,185623158.90750003
0.1240134972,0.3255040611,0.7578381044,1.7199039658,0.9424,0.9716,95,97,98,64,1.4453658827,5.3762,79210000000.0,22.3,3.546,2.6153,0.2355419929,0.1928334154,0.9496708211,-0.0662254389,0.0175199654,16346250.65,3.0,0.0372,,59.82,True,2026-08-13,HPE,100.0,100.0,100.0,100.0,100.0,977832713.883
0.0415973388,0.2966031495,0.5253291498,0.7061531126,0.8063,0.9422,94,93,92,81,1.5425380278,4.3637,28620000000.0,28.2,4.3865,2.6404,0.2367264768,0.1407744597,0.4149264571,-0.0276483202,0.0689890199,15191351.9,3.0,0.6704,,31.3,False,2026-08-13,HPQ,100.0,100.0,100.0,100.0,100.0,475489314.47
0.1547954479,0.2745520214,0.5101393719,0.9285751575,0.9614,0.9397,93,93,95,81,1.134476286,4.4555,6760000000.0,14.3,5.328,3.3068,0.3112803561,0.1896955527,0.4091989874,-0.09084708,-0.0155038787,2549449.5,3.0,0.5728,,53.34,False,2026-08-13,HRB,95.23809523809523,99.20634920634922,95.23809523809523,98.4126984126984,99.20634920634922,135987636.33
0.0983707255,0.3666922416,0.5641703235,0.507500582,0.9209,0.9497,96,94,87,72,1.054296402,3.8669,2920000000.0,28.7,4.9173,2.7842,0.2347911137,0.1376330706,0.3913633629,-0.0046720241,0.037802,1802941.75,2.0,0.8507,,53.26,False,2026-08-13,IMAX,100.0,100.0,100.0,100.0,100.0,96024677.60499999
0.0871985411,0.4362745527,0.7220823251,0.6825267379,0.9065,0.9685,97,96,91,86,0.8459635668,4.9916,3160000000.0,15.0,6.3784,3.422,0.4670958636,0.2471686466,0.3261068948,-0.1441685751,0.0376929351,810367.05,2.0,0.9537,,41.02,False,2026-08-13,INTA,100.0,100.0,100.0,100.0,100.0,33241256.391000003
0.0063600371,0.1292890213,0.4949127437,0.4825225005,0.5672,0.9374,78,92,86,80,0.7323975301,5.5506,24050000000.0,27.9,2.4965,1.4023,0.1608613999,0.097154422,0.2239293792,-0.1333474124,0.0457549372,5550301.35,1.0,0.8717,,41.14,False,2026-08-13,IOT,95.23809523809523,99.20634920634922,100.0,100.0,100.0,228339397.53899997
0.123617458,0.188345961,0.1636250157,0.0815842918,0.9421,0.7565,86,68,48,60,1.1730033163,3.6746,103500000000.0,8.6,4.0773,2.6899,0.1762271699,0.1154056347,0.0841413671,-0.23645094,0.0396753964,5053371.05,5.0,0.7562,,115.3,False,2026-08-13,KKR,100.0,95.23809523809523,100.0,100.0,100.0,582653682.0649999
0.0156111566,0.301623248,0.770020552,0.70946948,0.6516,0.9724,94,97,92,83,1.0100116761,3.9283,2260000000.0,26.1,5.431,2.4206,0.2712082924,0.1298620182,0.7974622639,-0.0134478172,0.0075978466,856619.8,5.0,0.55,,34.48,False,2026-08-13,LIND,95.23809523809523,99.20634920634922,100.0,100.0,100.0,29536250.704
0.0439929637,0.1440464358,1.331010287,1.0700585854,0.8153,0.9906,81,99,96,87,0.7398395974,4.2261,2750000000.0,52.3,6.4198,2.6115,0.3723222437,0.0916312586,0.8315085931,-0.0001691763,0.0510494285,1311749.2,0.0,0.996,,59.09,False,2026-08-13,MAN,95.23809523809523,99.20634920634922,100.0,100.0,100.0,77511260.228
0.029145124,0.2691554625,0.4587962274,0.3539995889,0.7476,0.9287,92,91,81,82,1.1056047635,4.7694,11710000000.0,23.1,4.438,2.0304,0.2684968017,0.1263594451,0.2891254459,-0.0891699465,0.0430358359,984106.65,0.0,0.8076,,200.92,False,2026-08-13,MANH,95.23809523809523,99.20634920634922,95.23809523809523,98.4126984126984,99.20634920634922,197726708.118
0.1842778912,0.4372793663,0.5582500718,0.3239054254,0.9708,0.9485,97,94,79,81,1.4464868579,4.5481,37990000000.0,1.6,5.8101,4.4829,0.3591501801,0.3304730968,0.4010850502,-6.35137e-05,0.0787063998,1481735.55,6.0,0.999,,472.29,True,2026-08-13,MDB,100.0,100.0,100.0,100.0,100.0,699808882.9095
0.189935849,0.115375732,0.3014082694,0.7775330943,0.9724,0.8749,75,84,93,56,1.6044852219,5.0049,5200000000.0,27.6,2.6651,2.1332,0.1539142454,0.1269448368,0.5528687111,-0.0403183137,0.0172923296,718082.65,2.0,0.0898,,72.36,False,2026-08-13,MRX,100.0,99.20634920634922,100.0,100.0,100.0,51960460.554
0.0216643453,0.1747725587,0.6441615709,1.787054363,0.7001,0.9621,85,95,98,85,0.6993459094,4.9556,7560000000.0,44.1,3.5243,1.7372,0.2116046117,0.1075076068,,-0.009171303,0.0323140506,2779874.7,1.0,0.7586,,29.71,True,2026-08-13,NAVN,100.0,100.0,100.0,100.0,100.0,82590077.33700001
0.0777256007,0.1376651994,0.4140999543,0.3034699905,0.8918,0.9193,80,90,78,80,1.4294580132,4.1833,2260000000.0,39.4,4.2436,2.4296,0.2158376639,0.1223685984,0.0612463948,-0.3909197829,0.087368413,2063456.2,1.0,0.9232,,20.66,True,2026-08-13,NCNO,100.0,99.20634920634922,100.0,100.0,100.0,42631005.092
0.1017750647,0.211653883,0.7175267104,0.7466341808,0.9246,0.9682,88,96,92,83,1.1321249426,5.2011,117800000000.0,24.3,3.9994,2.4544,0.2626491535,0.1608028997,0.524665434,-0.0041840186,0.0622249915,3966498.6,3.0,0.9276,,330.83,True,2026-08-13,NET,100.0,100.0,100.0,100.0,100.0,1312236731.838
0.0487543425,0.2904821432,0.774906496,0.6971931484,0.8319,0.9728,94,97,91,78,0.6027245213,4.134,4600000000.0,11.7,5.4983,3.1016,0.2941657261,0.1861300456,0.6859921211,-0.0018802267,0.0124782308,482547.15,4.0,0.9213,,156.6,False,2026-08-13,NSIT,100.0,100.0,100.0,100.0,100.0,75566883.69
0.0816272735,0.1743913028,0.7690149462,0.9563213503,0.8958,0.9721,85,97,95,84,1.2275567585,3.8222,40230000000.0,23.6,4.4861,2.7403,0.2069572573,0.1405885912,0.6645725524,-0.0194680576,0.0145508656,2499541.45,3.0,0.3295,,204.99,False,2026-08-13,NTAP,100.0,100.0,100.0,100.0,100.0,512381001.83550006
0.0887693785,0.1992592988,0.4826007711,0.4090514235,0.909,0.9342,87,92,83,81,1.182979201,5.5646,6540000000.0,13.7,4.9296,2.7908,0.3780013887,0.2104899561,0.1879038199,-0.4215791116,0.080053421,4381596.9,3.0,0.8553,,16.19,True,2026-08-13,NTSK,100.0,100.0,100.0,100.0,100.0,70938053.811
0.3031648473,0.7163959889,0.400357926,0.6572518362,0.987,0.9149,99,90,91,81,1.3140526835,4.8637,39010000000.0,0.7,6.9081,5.0816,0.5059970199,0.4071924378,0.5762214027,-0.0122885204,0.0534111029,2716035.7,4.0,0.7851,,117.35,False,2026-08-13,P,100.0,100.0,100.0,100.0,100.0,318726789.395
0.0883307204,0.1186756997,0.662398677,1.4322830658,0.9081,0.9636,76,96,97,83,0.7452428613,3.7956,322740000000.0,22.0,4.7738,2.7281,0.2212896745,0.1324801651,0.7871935406,-0.0071953146,0.0232293481,6046796.6,2.0,0.7502,,396.0,True,2026-08-13,PANW,100.0,100.0,100.0,100.0,100.0,2394531453.6
0.1083056541,0.386533722,0.7249224585,0.4919498971,0.9293,0.9687,97,96,86,83,1.34678205,5.214,8640000000.0,1.9,5.4916,3.4984,0.4012097013,0.2689718349,0.3097196667,-0.1592741846,0.0930537389,77625131.7,1.0,0.9681,,16.68,True,2026-08-13,PATH,100.0,100.0,100.0,100.0,100.0,1294787196.756
0.093855301,0.4578437404,0.5819272031,0.6991541988,0.9149,0.9525,98,94,91,84,0.6111673159,5.4429,5310000000.0,25.0,6.1625,2.7295,0.5047113108,0.2034514341,0.4864269248,-0.0688590301,0.0453418729,1190685.4,1.0,0.7511,,42.19,False,2026-08-13,PAY,95.23809523809523,99.20634920634922,95.23809523809523,98.4126984126984,99.20634920634922,50235017.02599999
0.0404298983,0.526484675,0.6197647377,0.7373760077,0.8013,0.9588,98,95,92,86,1.2014771702,4.6833,9900000000.0,0.6,7.0128,4.0479,0.4890460895,0.2873347747,0.5395841295,-0.0393331969,0.0584532666,1011244.35,2.0,0.9401,,223.63,True,2026-08-13,PAYC,100.0,100.0,100.0,100.0,100.0,226144573.9905
0.0438893687,0.0696088943,0.1223962685,0.1644238169,0.8143,0.6984,63,59,62,44,1.6352206228,3.6102,4570000000.0,38.4,2.5332,1.4504,0.1006593136,0.0544871404,0.1163034317,-0.0826635663,0.0484788349,404894.6,2.0,0.9416,,178.86,False,2026-08-13,PJT,95.23809523809523,96.82539682539682,100.0,100.0,100.0,72419448.156
0.0687697241,0.263236445,0.6087370336,1.3016304656,0.8795,0.9561,92,95,97,75,0.8699290934,5.6097,1920000000.0,21.5,3.9933,2.2227,0.2886735601,0.1792346433,0.6613544362,-0.1284214954,0.0482673697,1751671.5,5.0,0.7541,,16.94,False,2026-08-13,PRCH,100.0,100.0,100.0,100.0,100.0,29673315.21
0.0441176327,0.1700235438,0.5766654289,0.0429004472,0.8157,0.9509,84,94,42,72,0.8756334831,4.1996,1830000000.0,44.1,4.4338,1.9522,0.2288056354,0.0927613358,0.2099588178,-0.055731464,0.0263881979,551307.15,1.0,0.8209,,44.73,False,2026-08-13,PRGS,95.23809523809523,92.06349206349206,100.0,100.0,100.0,24659968.8195
0.0675823493,0.1935170041,1.1735463705,0.7274892489,0.8777,0.9876,87,98,92,84,0.7776300407,5.1508,6780000000.0,10.6,5.516,3.0496,0.3968819445,0.2179092947,0.6184023042,-0.0280836985,0.0466471348,826994.8,1.0,0.9281,,195.88,False,2026-08-13,QLYS,100.0,100.0,100.0,100.0,100.0,161991741.424
0.0542907144,0.191435751,0.4689440668,0.2625357532,0.8457,0.9309,86,92,74,80,0.7067727554,4.0505,4130000000.0,37.0,5.1238,2.3428,0.2618909921,0.1078117438,0.1603060613,-0.2226787261,0.058673094,1015112.7,0.0,0.9844,,66.22,False,2026-08-13,QTWO,100.0,100.0,100.0,100.0,100.0,67220762.994
0.1667591506,0.3165872806,0.6734076053,0.9757473031,0.9659,0.9648,95,96,95,85,1.5835471514,4.646,21630000000.0,1.8,5.3914,4.0503,0.3341915203,0.2922225188,0.5665947594,-0.0018047345,0.086426059,2782740.0,4.0,0.9773,,105.09,True,2026-08-13,RBRK,100.0,100.0,100.0,100.0,100.0,292438146.6
0.1260593598,0.07775504,0.5593147904,0.7519600284,0.9438,0.9486,65,94,93,82,1.3784651693,4.775,1180000000.0,37.2,3.2518,1.8499,0.1838118946,0.1068996944,0.4469221125,-0.0017599144,0.0707128637,283719.9,1.0,0.9673,,73.74,False,2026-08-13,RDVT,100.0,100.0,100.0,100.0,100.0,20921505.426
0.0243331086,0.0592788976,0.8132667644,0.8077549081,0.7183,0.9762,59,97,94,84,0.590114807,4.8311,4480000000.0,43.0,3.8605,1.868,0.2292641978,0.085180969,0.5532944291,-0.009053905,0.0536702667,2301409.8,0.0,0.9651,,43.78,False,2026-08-13,RHI,95.23809523809523,99.20634920634922,100.0,100.0,100.0,100755721.044
0.0757022788,0.626001648,0.7286403258,1.3994232132,0.8891,0.9691,98,96,97,87,0.5029544211,4.6562,5660000000.0,21.8,7.1585,3.773,0.4999509007,0.2498838749,0.8569379787,-0.0097881402,0.0779261709,2638604.9,2.0,0.8782,,67.78,True,2026-08-13,RNG,100.0,100.0,100.0,100.0,100.0,178844640.122
0.1140187186,0.2144677112,0.4439733387,0.7911344403,0.9353,0.925,89,91,93,83,1.1511221068,4.0014,8170000000.0,10.4,6.1961,3.6559,0.3296596916,0.1948078304,0.5192648525,-0.0045929272,0.0690583394,6312906.3,4.0,0.9357,,23.84,True,2026-08-13,S,100.0,100.0,100.0,100.0,100.0,150499686.192
0.071275452,0.2604035437,0.516691905,0.3134033785,0.8839,0.941,92,93,78,80,1.6811370822,4.8488,11340000000.0,22.3,4.4961,2.8521,0.2787789043,0.1911749226,0.238819854,-0.1670833429,0.0672717704,3302093.6,3.0,0.7409,,19.99,False,2026-08-13,SAIL,100.0,99.20634920634922,100.0,100.0,100.0,66008851.063999996
0.0843305332,0.099143982,0.3957673226,0.6175856299,0.9014,0.9131,71,90,89,77,0.94422583,4.1209,1310000000.0,28.6,3.4532,2.3649,0.1659174128,0.1243316848,0.4068774038,-0.0126783443,0.0293571106,111294.35,3.0,0.6227,,193.9,False,2026-08-13,SENEA,100.0,100.0,100.0,100.0,100.0,21579974.465000004
0.0459193186,0.2676315518,0.6272839433,0.4325862419,0.8219,0.9591,92,95,84,83,0.6478410969,4.64,203970000000.0,0.4,4.954,3.0522,0.298474714,0.2003437414,0.1973845222,-0.1298644456,0.0539857384,11730143.45,4.0,0.9737,,158.53,True,2026-08-13,SHOP,100.0,100.0,100.0,100.0,100.0,1859579641.1285
0.0174307398,0.1196233587,0.3839632509,0.0467339998,0.6669,0.9085,76,89,43,63,1.0104000683,3.7037,5230000000.0,9.9,3.6576,2.4502,0.1566906703,0.1236335013,0.1764403796,-0.0288393734,0.0258841114,675048.45,5.0,0.9818,,96.31,False,2026-08-13,SKY,100.0,88.09523809523809,100.0,100.0,97.61904761904762,65013916.2195
0.0165480379,0.2590293397,0.7544887905,0.5774988835,0.6594,0.9714,92,97,89,84,0.7258715255,3.5987,26570000000.0,18.6,5.8714,2.8313,0.2679018006,0.1373141153,0.5726933609,-0.0137538169,0.0132165228,1801674.2,2.0,0.724,,188.59,False,2026-08-13,SN,95.23809523809523,99.20634920634922,100.0,100.0,100.0,339777737.378
0.0208478769,0.2494630717,1.2378616157,0.9511884665,0.6929,0.989,91,99,95,86,0.5312487161,4.065,116940000000.0,27.2,5.0407,2.4988,0.2577111367,0.1318381201,0.5756956928,-0.0133645479,0.0154096038,5035859.7,1.0,0.7352,,337.38,True,2026-08-13,SNOW,100.0,100.0,100.0,100.0,100.0,1698998345.586
0.0816299498,0.2071483307,0.5886710208,0.2257915482,0.896,0.9533,88,94,70,80,1.0347263143,4.1878,2860000000.0,23.5,5.1112,2.7193,0.2723385044,0.1423595968,0.1449228623,-0.323762453,0.0387383712,633927.05,6.0,0.9754,,79.37,False,2026-08-13,SPSC,100.0,100.0,100.0,100.0,100.0,50314789.958500005
0.2058823942,0.2244898056,0.3731509419,0.3176218683,0.9756,0.9044,89,88,79,67,5.1253859432,4.158,5930000000.0,22.8,3.879,3.5988,0.1923052855,0.1902314072,0.3630715826,-0.0114526761,0.1631206064,602274.45,2.0,0.8836,,49.2,False,2026-08-13,TBBB,100.0,100.0,100.0,100.0,100.0,29631902.939999998
0.1134365571,0.7970982528,1.0526835824,0.9192875727,0.9342,0.9849,99,98,95,87,1.0121058462,5.5144,42120000000.0,0.1,7.4573,5.0281,0.6984307645,0.4781599607,0.5388658746,-0.0979348058,0.0691831349,5406966.1,4.0,0.9075,,165.98,True,2026-08-13,TEAM,100.0,100.0,100.0,100.0,100.0,897448233.2779999
0.0849350768,0.1851135797,0.0445124903,0.2769074918,0.9026,0.5823,86,43,75,52,1.2084648069,3.7664,2900000000.0,28.3,3.299,2.1744,0.1418819958,0.1000344982,0.2433911752,-0.0082507234,0.0327605581,328456.4,2.0,0.7742,,83.54,False,2026-08-13,TNK,100.0,77.77777777777779,100.0,100.0,100.0,27439247.656000003
0.0214617659,0.1612265516,0.5266580705,0.3473604454,0.6993,0.9433,83,93,80,80,0.5557205884,3.9018,20460000000.0,34.3,4.4681,1.8348,0.2111500517,0.0848606516,0.1644284416,-0.2283084642,0.0340575397,10349794.7,2.0,0.9633,,35.22,False,2026-08-13,TOST,95.23809523809523,98.4126984126984,95.23809523809523,98.4126984126984,99.20634920634922,364519769.334
0.1269646294,0.2502264329,0.2765317707,0.1627185063,0.9447,0.8589,91,82,62,66,2.0208873227,3.6752,21230000000.0,0.1,5.7833,4.3024,0.26991938,0.2025178381,0.1356558914,-0.1947868042,0.0851021632,2859284.6,6.0,0.983,,55.21,True,2026-08-13,TPG,100.0,99.20634920634922,100.0,100.0,100.0,157861102.766
0.0916928224,0.1699338398,0.6295651643,0.4491183366,0.9115,0.9598,84,95,85,83,0.8626702085,5.54,8940000000.0,25.7,3.4575,2.032,0.2369293676,0.1512965565,0.1921915547,-0.2191016033,0.0184782277,1392273.65,2.0,0.9746,,93.7,False,2026-08-13,TTAN,100.0,99.20634920634922,100.0,100.0,100.0,130456041.005
0.0648837422,0.5167273967,0.6785190529,1.33027999,0.8701,0.9653,98,96,97,87,0.9268653813,4.667,20150000000.0,0.1,6.7869,4.2011,0.4635752589,0.308229665,0.4488145412,-0.1219559046,0.0282955799,11942735.4,7.0,0.9712,,45.79,False,2026-08-13,U,100.0,100.0,100.0,100.0,100.0,546857853.966
0.1868528454,0.4318305719,0.8331015578,0.5071469957,0.9716,0.9774,97,97,87,85,1.0444488463,5.4255,2150000000.0,17.3,5.6595,3.4388,0.4431184041,0.2676429176,0.1481736674,-0.5318771094,0.0522954656,870330.8,5.0,0.8705,,26.36,True,2026-08-13,VIA,100.0,100.0,100.0,100.0,100.0,22941919.888
0.1492429172,0.4195833552,0.7385262901,0.4332824672,0.9586,0.9696,97,96,84,84,3.2072329062,5.9339,50990000000.0,16.4,5.0843,3.3515,0.4320495972,0.2796989832,0.267695217,-0.1737042549,0.1777625926,5080580.2,1.0,0.6022,,206.45,True,2026-08-13,WDAY,100.0,100.0,100.0,100.0,100.0,1048885782.29
0.0696939617,0.163901554,0.2162118137,0.4045332765,0.8807,0.8123,83,76,83,68,0.5114867025,4.1807,3440000000.0,4.4,3.7272,1.9723,0.1845822741,0.0993850653,0.4302074603,-0.0251862729,-0.0013197879,2502258.6,3.0,0.3587,,22.7,False,2026-08-13,WT,95.23809523809523,99.20634920634922,95.23809523809523,98.4126984126984,99.20634920634922,56801270.22
0.1118619188,0.3841122134,0.7864898055,0.9773031872,0.9323,0.974,96,97,95,85,0.7719343888,5.5454,7440000000.0,0.3,4.7425,3.0455,0.3568359834,0.2563357969,0.5421862838,-0.0090330731,0.0374781657,9863202.25,2.0,0.9167,,29.62,True,2026-08-13,ZETA,100.0,100.0,100.0,100.0,100.0,292148050.645
0.2623352299,0.6540406232,0.3473366589,3.6484048838,0.9836,0.8783,98,86,99,61,1.2159004921,9.7746,4500000000.0,0.6,3.1004,2.686,0.4348157146,0.3982571027,1.3376312702,-0.0905020142,0.028,2715765.0,4.0,0.176,,137.81,True,2026-08-14,AEHR,100.0,100.0,100.0,100.0,100.0,374259574.65000004
0.0535167784,0.1541038667,0.2444310245,0.2704363549,0.83,0.8108,82,77,74,76,0.6862273652,3.9949,2200000000.0,26.3,3.9446,1.9464,0.1870577979,0.1105738281,0.1169833374,-0.2313127354,-0.0051,1299715.0,3.0,0.525,,20.57,False,2026-08-14,ALKT,95.23809523809523,96.03174603174604,95.23809523809523,98.4126984126984,99.20634920634922,26735137.55
0.0689089566,0.3572915849,1.1501649927,1.0552049557,0.8717,0.987,96,99,96,86,1.1620906686,5.137,1630000000.0,3.3,6.3199,3.5781,0.4807154332,0.2829222335,0.5087872351,-0.0405007506,0.0,2357045.0,5.0,0.1406,,13.03,False,2026-08-14,AMPL,95.23809523809523,99.20634920634922,95.23809523809523,98.4126984126984,99.20634920634922,30712296.349999998
0.0234038969,0.1362043708,0.346143776,0.1446107422,0.6558,0.8774,78,85,58,75,0.5563658877,4.383,7230000000.0,19.4,3.4876,1.6945,0.1804435547,0.099992352,0.0756259477,-0.292742421,0.0,476485.0,2.0,0.8526,,204.21,False,2026-08-14,APPF,95.23809523809523,91.26984126984127,100.0,100.0,100.0,97303001.85000001
0.626245846,0.4482247974,0.2681347445,0.8350515261,0.9966,0.8318,97,79,94,82,2.9724772849,5.7978,4260000000.0,4.9,5.4242,4.8752,0.4587555015,0.440606251,0.4436440498,-0.3575061631,-0.0036,6651960.0,2.0,0.5,,19.51,True,2026-08-14,ARX,100.0,100.0,100.0,100.0,100.0,129779739.60000001
0.2384044273,0.3893843886,0.4899203913,0.5218721918,0.9786,0.9327,96,92,87,70,0.930599618,5.2763,4000000000.0,4.9,3.8031,3.1553,0.2510362124,0.253058855,0.5827780389,-0.0106923793,-0.0048,633570.0,2.0,0.8225,,93.0,False,2026-08-14,ATRO,100.0,100.0,100.0,100.0,100.0,58922010.0
0.0462963119,0.3997747911,0.6132382126,0.4246418065,0.8042,0.9521,96,95,84,70,1.9416701992,6.9352,5850000000.0,0.1,3.6889,2.0288,0.3437838223,0.1926693795,,-0.3706328959,0.0056,1769250.0,3.0,0.4946,,25.0,False,2026-08-14,BETA,95.23809523809523,99.20634920634922,95.23809523809523,98.4126984126984,99.20634920634922,44231250.0
0.0922010334,0.1563302836,0.5739260494,0.9096969836,0.9083,0.9457,82,94,94,83,1.3146037217,4.8225,4410000000.0,44.5,3.965,1.9649,0.2364135837,0.1123073985,0.3455576599,-0.0942799828,0.0029,1265020.0,4.0,0.5871,,31.6,True,2026-08-14,BWIN,100.0,100.0,100.0,100.0,100.0,39974632.0
0.0379254477,0.4339453904,0.8100621533,0.6262061752,0.764,0.9753,97,97,90,85,0.578436,4.7909,12120000000.0,2.6,6.6536,3.4327,0.467931981,0.2468119134,0.4735829806,-0.041604292,0.0,8930115.0,3.0,0.2319,,32.02,False,2026-08-14,CHYM,95.23809523809523,99.20634920634922,95.23809523809523,98.4126984126984,99.20634920634922,285942282.3
0.0494831744,0.11417229,0.52071391,0.6679482769,0.816,0.9381,74,93,91,67,0.6067150599,4.4761,4190000000.0000005,23.3,4.0321,2.0554,0.2202294514,0.0968602374,0.6243282006,-0.0294894652,0.0,1250175.0,1.0,0.3474,,47.72,False,2026-08-14,CLMT,95.23809523809523,99.20634920634922,95.23809523809523,98.4126984126984,99.20634920634922,59658351.0
0.0341180008,0.1785598186,0.3631910077,0.3534988726,0.7398,0.887,85,87,80,74,0.6323595803,3.8211,93160000000.0,29.7,3.8425,1.5869,0.172094006,0.0927850334,0.151679169,-0.23985988,-0.0093,4153175.0,3.0,0.6003,,215.0,False,2026-08-14,DASH,95.23809523809523,99.20634920634922,100.0,100.0,100.0,892932625.0
0.0622529599,0.2285866577,0.4398608398,0.6697321495,0.8542,0.919,90,91,91,69,0.5268127252,3.9404,3130000000.0,25.2,3.8405,2.229,0.1783164037,0.1100950361,0.563618971,-0.0162080121,0.0,259485.0,1.0,0.9389,,206.98,False,2026-08-14,DCO,100.0,100.0,100.0,100.0,100.0,53708205.3
0.0719183898,0.2404023402,1.0315757814,3.1973121626,0.8768,0.9843,91,98,99,85,0.6787952834,6.4846,326730000000.0,29.5,2.171,1.8268,0.1638429143,0.1254593264,1.1424414768,-0.0451167363,0.0269,5876735.0,1.0,0.1784,,504.0,False,2026-08-14,DELL,95.23809523809523,99.20634920634922,95.23809523809523,98.4126984126984,99.20634920634922,2961874440.0
0.0286405166,0.3316646618,0.3729032701,0.7637796458,0.6939,0.8905,95,87,93,57,0.8846319735,3.8802,3230000000.0,1.3,4.3727,2.7379,0.2043385982,0.1582055803,0.5694025978,-0.0198064678,0.0,336185.0,2.0,0.7606,,85.12,False,2026-08-14,DGII,95.23809523809523,99.20634920634922,90.47619047619048,96.82539682539682,98.4126984126984,28616067.200000003
0.0402414747,0.1763367262,0.3003563636,0.3842035104,0.7781,0.8539,85,82,82,79,1.2766828356,4.7585,11800000000.0,28.9,4.0222,1.8384,0.2367015893,0.1127153533,0.1460365477,-0.284016159,-0.004,3102650.0,1.0,0.3319,,61.79,False,2026-08-14,DOCU,95.23809523809523,99.20634920634922,95.23809523809523,98.4126984126984,99.20634920634922,191712743.5
0.0425123421,0.1956185346,0.367747217,0.3520026403,0.7895,0.8888,87,87,80,69,1.0789190643,4.7756,3120000000.0,0.1,3.336,2.2347,0.1895045749,0.1429741946,0.4289972976,-0.0344230945,0.0,148760.0,3.0,0.798,,200.84,False,2026-08-14,DXPE,100.0,100.0,100.0,100.0,100.0,29876958.400000002
0.0871314791,0.2209042749,0.2397406035,0.6368543595,0.9025,0.8051,89,76,90,65,1.3419876286,4.6622,2310000000.0,24.0,3.3543,1.6932,0.1853758972,0.0926340624,0.454828626,-0.0846844541,0.0,524595.0,2.0,0.7239,,60.29,False,2026-08-14,ECO,95.23809523809523,99.20634920634922,95.23809523809523,98.4126984126984,99.20634920634922,31627832.55
0.0929203526,0.1358808254,0.2710119379,0.805115637,0.9092,0.8343,78,79,93,72,0.6717155944,4.0321,2200000000.0,33.1,3.2988,2.0342,0.153417648,0.0990862,0.4767711416,-0.0001927937,0.0,384240.0,1.0,0.9923,,103.74,False,2026-08-14,ECPG,100.0,100.0,100.0,100.0,100.0,39861057.6
0.1357442433,0.407371328,0.713043536,0.4078284998,0.9473,0.9665,97,96,83,83,1.698276321,4.2435,9000000000.0,1.6,6.3186,4.2073,0.3663691609,0.263050528,0.3553491613,-0.0977412243,-0.001,1972235.0,5.0,0.7553,,86.59,True,2026-08-14,ESTC,100.0,100.0,100.0,100.0,100.0,170775828.65
0.0594885261,0.2378242216,0.5312375473,0.5710709629,0.8478,0.9398,91,93,88,80,0.8097190566,3.6956,39930000000.0,32.8,5.142,2.5436,0.2346096082,0.1195275583,0.3203268929,-0.0016504255,0.0,1647485.0,3.0,0.8974,,332.7,True,2026-08-14,EXPE,100.0,100.0,100.0,100.0,100.0,548118259.5
0.0567612964,0.1625343846,0.4129464055,0.7486188187,0.8409,0.9103,83,90,92,83,1.0086532419,4.592,3300000000.0,40.0,3.7734,1.9942,0.2095964965,0.1116964988,0.2592096945,-0.0995732952,0.0,10916140.0,0.0,0.775,,12.66,True,2026-08-14,FRSH,100.0,100.0,95.23809523809523,98.4126984126984,99.20634920634922,138198332.4
0.0785585696,0.4444981321,0.7605882532,0.6391018582,0.8895,0.9703,97,96,90,85,0.5814445596,6.6089,4780000000.0,1.6,4.7158,2.7928,0.4527786511,0.2689462283,0.6966807785,-0.1404365144,0.0023,6297075.0,4.0,0.5528,,30.0,False,2026-08-14,FSLY,95.23809523809523,84.12698412698413,95.23809523809523,98.4126984126984,93.65079365079364,188912250.0
0.108465632,0.3301587081,0.976415228,0.4473229999,0.9247,0.9826,95,98,85,61,0.7666104137,5.6683,2250000000.0,30.0,3.4522,2.1552,0.2432865655,0.1428571577,0.1552087979,-0.3896576552,0.0048,7830705.0,3.0,0.9123,,8.42,False,2026-08-14,GENI,95.23809523809523,99.20634920634922,100.0,100.0,100.0,65934536.1
0.1322482402,0.1790254883,0.5040540501,0.0826848642,0.9445,0.9349,85,93,48,50,1.2657774787,4.2839,1100000000.0,21.3,3.1365,2.6127,0.155223436,0.1540854643,0.1950651377,-0.4212168289,0.0,2793935.0,3.0,0.911,,11.13,False,2026-08-14,GO,100.0,92.85714285714286,100.0,100.0,100.0,31096496.55
0.0464031282,0.3025671559,0.8013524601,0.4423011855,0.8049,0.9744,94,97,85,82,1.125003748,5.151,7130000000.0,11.4,4.5968,2.3963,0.310243665,0.1832807893,0.3422881878,-0.1863306975,-0.0092,4335630.0,4.0,0.4591,,42.23,False,2026-08-14,GTLB,95.23809523809523,99.20634920634922,95.23809523809523,98.4126984126984,99.20634920634922,183093654.89999998
0.1739603268,0.281368722,0.4634485331,0.7793922124,0.9621,0.9245,93,91,93,78,1.2138211276,4.3681,6800000000.0,12.4,5.4869,3.1658,0.3152181406,0.1869592608,0.4239097867,-0.0809613115,-0.0046,2677495.0,3.0,0.7097,,53.67,False,2026-08-14,HRB,95.23809523809523,99.20634920634922,95.23809523809523,98.4126984126984,99.20634920634922,143701156.65
0.0220900101,0.1608349039,0.2619387632,0.0121127036,0.6434,0.827,83,79,37,55,0.4053577723,4.5319,5800000000.0,16.8,2.8078,1.5159,0.1458038636,0.0808403013,0.2465030271,-0.0697268613,0.0,510660.0,0.0,0.9111,,173.51,False,2026-08-14,HRI,100.0,99.20634920634922,100.0,100.0,100.0,88604616.6
0.0326108575,0.3472611737,0.5742780836,0.4656318843,0.7272,0.9461,95,94,85,72,0.6839216293,3.8265,2930000000.0,32.1,4.6797,2.6145,0.2181300704,0.1133100621,0.3777183993,-0.0256126659,0.0089,1810880.0,2.0,0.2102,,53.35,False,2026-08-14,IMAX,95.23809523809523,99.20634920634922,95.23809523809523,98.4126984126984,99.20634920634922,96610448.0
0.0980448823,0.1316292062,0.1779586779,0.1270943065,0.9153,0.7395,77,67,55,58,1.1943324186,3.5174,104040000000.0,7.2,3.8523,2.7174,0.1567362238,0.1017418872,0.0748189086,-0.2449936891,0.0166,4888505.0,4.0,0.2202,,115.9,False,2026-08-14,KKR,95.23809523809523,92.85714285714286,95.23809523809523,98.4126984126984,99.20634920634922,566577729.5
0.1047830939,0.473857799,0.4746603702,0.2495385293,0.9213,0.9286,98,92,72,78,1.0803601429,4.6448,36750000000.0,0.8,5.1914,3.4533,0.3177533507,0.2702998447,0.363175101,-0.0269922202,-0.0073,1458310.0,6.0,0.287,,456.96,False,2026-08-14,MDB,95.23809523809523,99.20634920634922,95.23809523809523,98.4126984126984,99.20634920634922,666389337.6
0.0214787475,0.3015789233,0.9290171709,1.113675209,0.6394,0.981,94,98,96,87,1.4195737352,3.9764,3570000000.0,13.0,5.3462,3.0368,0.2699765662,0.1710943727,0.6089366332,-0.072045032,0.0069,2903125.0,5.0,0.5179,,24.9,False,2026-08-14,MGNI,95.23809523809523,99.20634920634922,100.0,100.0,100.0,72287812.5
0.0200487744,0.1269260475,0.5847779313,1.8022030974,0.6254,0.9482,76,94,98,84,0.7590904932,4.9357,7440000000.0,50.5,3.1282,1.3206,0.1825887639,0.0822458422,,-0.0245081899,-0.0002,2568205.0,1.0,0.5011,,29.25,False,2026-08-14,NAVN,95.23809523809523,99.20634920634922,95.23809523809523,98.4126984126984,99.20634920634922,75119996.25
0.0969952672,0.1658262757,0.3901135,0.2893432623,0.914,0.9007,83,89,76,79,1.2431349372,4.1031,2270000000.0,39.7,4.3556,2.3425,0.2175998803,0.1215003447,0.0706811396,-0.3864976241,-0.0024,2081190.0,2.0,0.8406,,20.76,True,2026-08-14,NCNO,100.0,99.20634920634922,100.0,100.0,100.0,43205504.400000006
0.0145292105,0.2972490772,0.4261587855,0.7431589777,0.5741,0.9142,94,90,92,61,0.8362562176,4.9633,3700000000.0,0.6,4.7035,3.2748,0.304547821,0.2271867393,0.6623194093,-0.0138511224,0.0107,2168235.0,5.0,0.5234,,36.7,False,2026-08-14,NESR,100.0,100.0,100.0,100.0,100.0,79574224.5
0.0167101404,0.1372901917,0.5984004995,0.6123563387,0.5942,0.95,78,94,89,80,0.7451153413,5.4414,111700000000.0,24.8,3.0708,1.3248,0.2006177589,0.1006641675,0.4504552889,-0.049485288,-0.0067,4057090.0,3.0,0.0352,,313.68,False,2026-08-14,NET,95.23809523809523,99.20634920634922,95.23809523809523,98.4126984126984,99.20634920634922,1272627991.2
0.042069246,0.2636074912,0.731918203,1.038399341,0.7857,0.9683,92,96,96,83,0.9919213386,3.6825,40250000000.0,23.1,4.8715,2.5762,0.2186050662,0.1352541196,0.6685163986,-0.0094709449,-0.0094,2357445.0,3.0,0.8371,,205.12,False,2026-08-14,NTAP,100.0,100.0,100.0,100.0,100.0,483559118.40000004
0.0089342912,0.1633554262,0.409090913,0.329688811,0.5218,0.9099,83,89,79,78,0.8322036198,5.7474,6330000000.0,13.7,4.3942,2.0087,0.3378917315,0.1723486206,0.1635138292,-0.435155393,-0.0081,4311565.0,3.0,0.1492,,15.68,False,2026-08-14,NTSK,95.23809523809523,99.20634920634922,95.23809523809523,98.4126984126984,99.20634920634922,67605339.2
0.2059603961,0.7030845826,0.4555309586,0.6000000826,0.9703,0.9231,99,91,89,82,1.2653575816,4.6657,39560000000.0,0.4,7.1633,5.0342,0.5020046671,0.3766427871,0.5846864236,-0.0054708687,0.0072,2799920.0,5.0,0.8644,,119.01,True,2026-08-14,P,100.0,100.0,100.0,100.0,100.0,333218479.2
0.026940351,0.3176955335,0.5589093978,0.4143110124,0.683,0.9445,94,94,83,81,0.6889308602,5.5285,8230000000.0,3.9,4.5409,2.3087,0.3351903296,0.2003748957,0.2577924776,-0.1930443495,-0.0081,75615135.0,1.0,0.1777,,15.88,False,2026-08-14,PATH,95.23809523809523,99.20634920634922,95.23809523809523,98.4126984126984,99.20634920634922,1200768343.8
0.1263771106,0.2704677466,0.7662600499,1.0789473534,0.9393,0.9708,92,96,96,76,0.6795042226,5.1894,1970000000.0,23.3,4.3653,2.5725,0.2928757335,0.2006907923,0.7103857384,-0.105783164,0.0,1929495.0,4.0,0.8269,,17.38,True,2026-08-14,PRCH,100.0,100.0,100.0,100.0,100.0,33534623.099999998
0.0196913016,0.1799125526,0.4333481748,0.216043658,0.622,0.916,86,90,68,78,0.6036329856,4.1501,4040000000.0,41.4,4.4175,1.6223,0.2244859964,0.0740181999,0.1339559327,-0.2401690163,0.0,1001105.0,0.0,0.1715,,64.73,False,2026-08-14,QTWO,95.23809523809523,99.20634920634922,95.23809523809523,98.4126984126984,99.20634920634922,64801526.650000006
0.0441221482,0.2945422537,0.6031049494,0.8740605827,0.7971,0.9503,93,94,94,83,0.9225068471,4.8404,20810000000.0,0.9,4.6496,2.9114,0.290421164,0.2393318207,0.5211892645,-0.0400938652,-0.0111,2793150.0,4.0,0.1528,,101.1,False,2026-08-14,RBRK,95.23809523809523,99.20634920634922,95.23809523809523,98.4126984126984,99.20634920634922,282387465.0
0.1365600662,0.0899295546,0.1642319194,1.0611284299,0.9477,0.7199,68,64,96,75,1.2052718583,4.6076,5570000000.0,30.4,3.0652,1.828,0.1644587298,0.1012708194,0.4756503196,-0.0313075651,0.0,3109340.0,2.0,0.5417,,26.3,True,2026-08-14,RELY,100.0,100.0,100.0,100.0,100.0,81775642.0
0.006084234,0.5639251059,0.5766198676,1.1475974597,0.4926,0.9466,98,94,96,86,0.4568195083,5.099,5330000000.0,28.9,5.7444,2.2124,0.4142440154,0.1642530264,0.7585307867,-0.0578524362,-0.0098,2638460.0,2.0,0.2325,,63.86,False,2026-08-14,RNG,95.23809523809523,99.20634920634922,95.23809523809523,98.4126984126984,99.20634920634922,168492055.6
0.0395861937,0.1808891656,0.370699868,0.6661860707,0.7749,0.8898,86,87,91,80,0.9963035882,4.1647,7870000000.0,10.5,5.2412,2.4554,0.2792268668,0.1480378056,0.4701626128,-0.0350730741,-0.0069,6280415.0,4.0,0.1429,,22.95,False,2026-08-14,S,95.23809523809523,99.20634920634922,95.23809523809523,98.4126984126984,99.20634920634922,144135524.25
0.0622073783,0.2105504796,0.551690529,0.2822998042,0.8541,0.9436,88,93,75,81,0.8419853615,4.1571,2860000000.0,26.0,5.0116,2.4977,0.2631605969,0.1315457701,0.1479720232,-0.3235068615,0.0,649655.0,5.0,0.5667,,79.4,False,2026-08-14,SPSC,100.0,100.0,100.0,100.0,100.0,51582607.0
0.1756457348,0.173048575,0.3071662779,0.269322682,0.9626,0.8567,85,83,74,67,2.4333625854,4.362,5760000000.0,11.4,3.0487,2.5957,0.1533839071,0.1463455772,0.3205980623,-0.0480079644,0.0,655225.0,1.0,0.0695,,47.79,False,2026-08-14,TBBB,95.23809523809523,99.20634920634922,95.23809523809523,98.4126984126984,99.20634920634922,31313202.75
0.0681504342,0.7388787612,0.8547907949,0.9224935589,0.8699,0.9779,99,97,95,86,0.7678130427,5.5576,40730000000.0,0.0,7.019,4.1159,0.6395911543,0.4016533557,0.5041477295,-0.1183695586,-0.0105,5458360.0,4.0,0.0643,,160.52,False,2026-08-14,TEAM,95.23809523809523,99.20634920634922,95.23809523809523,98.4126984126984,99.20634920634922,876175947.2
0.1170449846,0.218872416,0.1246513862,0.2344437194,0.9331,0.6679,89,56,70,52,0.8367040663,3.5765,2950000000.0,21.6,3.7273,2.5175,0.1538101339,0.1005983938,0.2590207074,-0.0124129899,0.0,349825.0,1.0,0.4953,,85.13,False,2026-08-14,TNK,100.0,87.3015873015873,100.0,100.0,100.0,29780602.25
0.0730858849,0.595377729,0.70287188,1.4759100238,0.879,0.9642,98,96,98,87,0.7866859814,4.5054,20250000000.0,0.0,7.0177,4.0232,0.4623581132,0.2895760347,0.4617318589,-0.1131352129,-0.0052,12184150.0,7.0,0.8871,,46.01,False,2026-08-14,U,100.0,100.0,100.0,100.0,100.0,560592741.5
0.2549742866,1.0118133939,1.1024691216,1.8573826473,0.9829,0.9863,99,98,98,86,3.6478593641,8.5817,1650000000.0,16.0,3.9654,3.0571,0.5158393813,0.4675658154,1.0906865229,-0.0247952055,-0.0274,4357350.0,2.0,0.8447,,33.13,False,2026-08-14,UMAC,100.0,99.20634920634922,100.0,100.0,100.0,144359005.5
0.1235521722,0.4582406386,0.7755932565,0.4533851204,0.9372,0.9715,98,97,85,84,0.6486128856,5.3874,2120000000.0,17.5,5.459,2.9459,0.4166252334,0.2350278451,0.1471798213,-0.5348961127,-0.0073,876640.0,5.0,0.8045,,26.0,False,2026-08-14,VIA,95.23809523809523,99.20634920634922,95.23809523809523,98.4126984126984,99.20634920634922,22792640.0
0.0786687119,0.3722889512,0.5893127692,0.3757097022,0.89,0.9487,96,94,82,83,1.5717303829,6.2429,48680000000.0,17.2,4.3118,2.3309,0.3683232863,0.2113008859,0.2214926475,-0.2048029305,-0.008,5211390.0,1.0,0.2825,,197.1,False,2026-08-14,WDAY,95.23809523809523,99.20634920634922,95.23809523809523,98.4126984126984,99.20634920634922,1027164969.0
0.0293440736,0.1392092889,0.1767721162,0.3983990045,0.6991,0.7371,79,66,82,63,0.5024549176,3.88,3480000000.0,5.3,3.9814,2.1907,0.1827030598,0.0975959482,0.4253046353,-0.0206097652,0.0066,2536745.0,2.0,0.6944,,22.96,False,2026-08-14,WT,95.23809523809523,99.20634920634922,100.0,100.0,100.0,58243665.2
0.036489264216508,0.1388128936216404,0.29155843340139276,0.2083062092579513,0.8619,0.8639,82,83,70,79,0.6040055400669212,4.5057,7220000000.0,24.1,3.2963,1.5356,0.17442667472004533,0.09334875018782376,0.07559869755709689,-0.29364293454112067,0.0407,468730.8,1.0,0.7018,0.965,203.95,False,2026-08-18,APPF,100.0,93.65079365079364,95.23809523809523,98.4126984126984,99.20634920634922,95597646.66
0.04623781230506108,0.39953896827463065,0.7265402676091439,0.5811631448601426,0.886,0.9664,97,96,90,84,0.6602100990754793,5.7764,2610000000.0,7.0,4.9262,2.6111,0.3977347914302739,0.22637224145756785,0.29132538962779664,-0.20905790829785098,0.0435,939394.9,2.0,0.7524,0.7735,36.43,False,2026-08-18,APPN,100.0,100.0,95.23809523809523,98.4126984126984,99.20634920634922,34222156.207
0.43717854220121066,0.44035342973730707,0.22941544019712712,0.8664122443051627,0.9931,0.8217,98,77,95,88,1.1656487188537317,5.2089,4139999999.9999995,1.1,5.7918,4.5013,0.43202279738371135,0.3734507885890141,0.43465389158462836,-0.3581624537784811,0.001,7237175.2,3.0,0.3333,5.169,19.56,False,2026-08-18,ARX,100.0,100.0,95.23809523809523,98.4126984126984,99.20634920634922,141559146.912
0.0189099088567386,0.2395128569560121,0.3815987465008568,0.20367932808194222,0.7913,0.9022,93,88,70,75,0.6018769226086222,6.5154,2109999999.9999998,31.3,2.3528,0.918,0.18105158489173742,0.08012497682373486,0.013392024555623555,-0.4169319016441867,0.0374,5341733.3,0.0,0.6917,0.867,9.16,False,2026-08-18,ASAN,95.23809523809523,99.20634920634922,85.71428571428571,95.23809523809523,97.61904761904762,48930277.028
0.12531536821653044,0.36879801908909715,0.832876680116087,0.4371642869369263,0.9664,0.9742,97,97,85,78,1.4635510610842548,6.5172,6260000000.0,5.3,4.5401,2.5559,0.42023141238848627,0.24450645455110892,,-0.32253163977514343,0.0453,1807811.2,2.0,0.9383,1.7501,26.76,True,2026-08-18,BETA,100.0,100.0,95.23809523809523,98.4126984126984,99.20634920634922,48377027.712000005
0.05202314010771003,0.11187477073036312,0.3493976340215137,0.720023645264255,0.8968,0.8915,77,87,92,85,1.5246362201416148,5.5976,3280000000.0,24.2,3.1103,1.5481,0.2108007783668816,0.12419413407055574,0.19074639845470814,-0.2198676266209807,0.04190000000000001,2185889.3,1.0,0.7898,0.9159,29.12,False,2026-08-18,BRZE,95.23809523809523,99.20634920634922,95.23809523809523,98.4126984126984,99.20634920634922,63653096.41599999
0.009810109563294978,0.4290192546546183,0.8870490913869278,0.5497814284086562,0.7333,0.9768,98,98,89,80,0.9175737285210183,4.8281,12080000000.0,8.7,6.1939,2.7904,0.42662981214632795,0.19798019755173607,0.4594600653249228,-0.04489673770879077,0.0146,8961659.15,2.0,0.6772,1.134,31.91,True,2026-08-18,CHYM,100.0,100.0,100.0,100.0,100.0,285966543.47650003
0.07671122805528441,0.15032835588872873,0.5764816039387846,0.7223729279081701,0.9345,0.9504,84,94,92,77,1.0663113669683384,4.2275,4470000000.0,18.1,5.2007,2.9728,0.28181844531224354,0.15258546800533912,0.7120974397931648,-0.0035301098107591855,0.0509,1278282.35,1.0,0.939,1.0418,50.81,True,2026-08-18,CLMT,100.0,100.0,100.0,100.0,100.0,64949526.20350001
0.0462328450216134,0.038928414557799274,0.07099788858420131,0.649732340332906,0.8858,0.6198,56,48,91,80,0.5094709126312911,4.9509,3690000000.0,23.1,2.7138,1.4587,0.15521303115246673,0.07447019388323708,0.21182838315966354,-0.11475844781871802,0.0066,976756.45,0.0,0.6772,0.631,36.66,False,2026-08-18,CVI,95.23809523809523,85.71428571428571,95.23809523809523,98.4126984126984,99.20634920634922,35807891.456999995
0.02534391145261994,0.08422659972837088,0.12025312205725647,0.1484184862148814,0.8239,0.6894,71,58,62,61,0.8935278699034829,3.8957,3320000000.0,24.5,1.2505,0.7413,0.05120932745620021,0.043017083309458165,-0.007012635413568454,-0.1862068874799112,0.005,2017080.9,0.0,0.36,0.6761,14.16,False,2026-08-18,CWK,100.0,65.07936507936508,100.0,100.0,94.44444444444444,28561865.544
0.018165563135042362,0.15055314735256675,0.39896550043403445,0.2478371208360879,0.7888,0.9098,84,89,74,72,1.2900569075506052,3.8213,93750000000.0,39.2,3.5018,1.4745,0.1544836508472227,0.07533030727051408,0.15112946595206078,-0.24220663361290495,0.0171,4375860.45,3.0,0.3632,0.8415,216.35,True,2026-08-18,DASH,100.0,100.0,100.0,100.0,100.0,946717408.3575
0.08836570699532964,0.05020405719880894,0.34075755063892754,0.8992009740990727,0.9448,0.8877,61,86,95,81,0.5240172342424365,3.5434,17010000000.000002,34.4,4.7126,2.3168,0.20046364447275564,0.07904398326690792,0.5474515353131151,-0.0014607616339514795,0.0075,2923621.4,0.0,0.932,0.8867,95.7,True,2026-08-18,DINO,95.23809523809523,99.20634920634922,100.0,100.0,100.0,279790567.98
0.032874352798182294,0.1826960255502008,0.21428572531276346,0.33891117202446375,0.8509,0.8057,88,75,81,79,0.8798258872415037,4.7324,11460000000.0,32.9,3.3141,1.0606,0.18600819197120744,0.06034099201130132,0.11057336395159628,-0.30744377074695606,0.0032,3063669.8,1.0,0.0742,0.8718,60.01,False,2026-08-18,DOCU,95.23809523809523,99.20634920634922,90.47619047619048,96.82539682539682,98.4126984126984,183850824.69799998
0.04830768291766829,0.14585204687595965,0.26937411010528134,0.7583003132015362,0.8893,0.849,83,81,93,69,0.5859642454865165,3.7831,2170000000.0,28.1,2.9462,1.4602,0.12543767999576272,0.06703831535742093,0.4426415385178462,-0.02638601813569086,-0.014199999999999999,415446.85,1.0,0.0132,1.0988,102.21,False,2026-08-18,ECPG,95.23809523809523,99.20634920634922,90.47619047619048,96.82539682539682,98.4126984126984,42462822.538499996
0.1017366265105033,0.3549569630535574,0.5768874490232683,0.4065189289839557,0.9536,0.9505,97,94,84,80,1.1047558512437599,4.4133,8840000000.0,0.8,5.6058,3.2467,0.32872972250040394,0.21277402519201116,0.328729728442294,-0.11512436341966192,0.018799999999999997,2140903.8,4.0,0.4785,1.5358,85.01,False,2026-08-18,ESTC,95.23809523809523,99.20634920634922,90.47619047619048,96.82539682539682,98.4126984126984,181998232.038
-0.012746855678114177,0.2131803822218925,0.4981508333909419,0.5839896637453703,0.4844,0.9361,91,93,90,82,0.5690649698530853,3.9104,38580000000.0,38.9,3.8407,1.3339,0.17672906793970852,0.06196624676096396,0.27062068089933566,-0.04053727335004664,0.0092,1626766.8,1.0,0.4197,0.8651,321.42,False,2026-08-18,EXPE,95.23809523809523,99.20634920634922,85.71428571428571,95.23809523809523,97.61904761904762,522875384.85600007
0.0931729533552137,0.15203613778306546,0.4066297540268502,0.7462276555349283,0.9475,0.9144,84,90,92,82,0.8660788889888211,4.6726,3320000000.0,39.1,3.688,1.8423,0.2082039738173094,0.10791988501659208,0.265045976260487,-0.0945946541740309,0.032400000000000005,10369249.4,0.0,0.5062,0.4808,12.73,True,2026-08-18,FRSH,100.0,100.0,100.0,100.0,100.0,132000544.862
0.08751232415399146,0.1918104243388381,0.45718052664935405,0.10159367147800435,0.9441,0.9272,89,91,54,45,0.9515710910292158,4.5207,1100000000.0,10.0,2.6806,1.9003,0.1378952532013225,0.1267319163137764,0.18876162959573325,-0.42485695876774365,-0.0374,2857632.0,4.0,0.1081,1.5927,11.06,False,2026-08-18,GO,95.23809523809523,95.23809523809523,95.23809523809523,98.4126984126984,99.20634920634922,31605409.92
0.027039476694421527,0.2471760052569114,0.2696236088928414,0.37969574324303523,0.8328,0.8493,93,81,83,83,0.5216005622973711,4.7563,14800000000.0,35.5,4.3626,1.7496,0.261824239001373,0.10278764852509546,0.11765068705577689,-0.34790905896262403,0.0335,1118269.5,3.0,0.4613,0.5963,177.76,False,2026-08-18,GWRE,95.23809523809523,88.09523809523809,95.23809523809523,98.4126984126984,99.20634920634922,198783586.32
0.02322398845220297,0.20757757877423066,0.4461026305299083,0.6793890093704789,0.8143,0.9249,91,91,91,76,0.5155628610367426,4.3787,27400000000.0,33.5,3.3552,1.3247,0.17221299760347966,0.06175242541760734,0.3515822029202239,-0.06927616145923143,0.019,14414504.15,2.0,0.5306,0.806,29.96,False,2026-08-18,HPQ,95.23809523809523,99.20634920634922,85.71428571428571,95.23809523809523,97.61904761904762,431858544.33400005
0.005312494451173766,0.36282585344367346,0.9041686670064617,0.6558334032694499,0.6931,0.9774,97,98,91,84,0.685885012165103,5.0208,3040000000.0,24.0,5.4752,2.4189,0.37912371537484674,0.17011413927965358,0.29158912395223463,-0.17087416178932457,0.0325,813063.4,1.0,0.3855,0.6278,39.74,False,2026-08-18,INTA,100.0,100.0,95.23809523809523,98.4126984126984,99.20634920634922,32311139.516000003
0.05798645056472718,0.15092877691564888,1.2344160538702011,1.0646368005893998,0.9093,0.9874,84,98,96,89,1.1453173587054306,4.0702,2770000000.0,52.1,6.1232,2.274,0.3319658245297775,0.08143487422927305,0.8201364050861928,-0.006348163452065236,0.04769999999999999,1115314.45,1.0,1.0,0.6381,59.48,True,2026-08-18,MAN,95.23809523809523,99.20634920634922,95.23809523809523,98.4126984126984,99.20634920634922,66338903.485999994
0.007806102418508543,0.2930944425167632,0.8319641566609806,1.1201384039464477,0.7168,0.974,95,97,96,85,0.8962462558067463,4.0691,3520000000.0,14.0,4.875,2.416,0.24745732113426883,0.14682441632050544,0.593576370515991,-0.07954967963341686,0.0141,2933742.8,5.0,0.2782,1.0044,24.53,False,2026-08-18,MGNI,100.0,100.0,100.0,100.0,100.0,71964710.884
0.05680725802619979,0.25968617725887877,0.21856888988897216,0.2902058667821621,0.907,0.81,94,76,78,61,0.7309241106580359,3.632,7830000000.0,45.7,4.122,1.8606,0.1760681636461854,0.0738962637940469,0.11664022659289248,-0.20733186044816687,0.0096,409448.8,1.0,0.1862,0.7099,208.73,False,2026-08-18,MORN,100.0,95.23809523809523,100.0,100.0,100.0,85464248.02399999
0.014593469988652075,0.05301122412440451,0.5869565961040952,1.9287863571583874,0.7669,0.9521,62,94,98,87,0.7571934541485982,4.8353,7430000000.0,55.3,3.0649,1.2125,0.1739779241007894,0.07769957779626781,,-0.026342081167320286,0.0167,2561585.8,1.0,0.4364,,29.2,False,2026-08-18,NAVN,100.0,100.0,95.23809523809523,98.4126984126984,99.20634920634922,74798305.36
0.030339098458338043,0.6339621765582184,1.0233643511433117,0.5206320608214778,0.8442,0.9824,99,98,88,83,0.40947246564370776,4.5112,5110000000.0,0.7,8.2092,4.589,0.5881457252653326,0.3255778041201577,0.40069951599432935,-0.0737968455514818,0.0040999999999999995,1996046.3,5.0,0.1333,1.1553,17.32,True,2026-08-18,NIQ,100.0,100.0,100.0,100.0,100.0,34571521.916
0.013165076079845406,0.23497836328309574,0.7027262975873187,1.0369471895719964,0.7586,0.9637,92,96,96,83,0.9355813445586797,3.6241,40170000000.0,26.6,4.5152,2.1277,0.19564555449582735,0.09759369933458216,0.6374242886167101,-0.020807380156537936,0.0025,2402040.2,2.0,0.5573,0.8467,204.71,False,2026-08-18,NTAP,100.0,100.0,95.23809523809523,98.4126984126984,99.20634920634922,491721649.34200007
0.0508078631524973,0.5750807055875973,0.5396553917934486,0.6123966944754249,0.8943,0.9443,99,93,90,89,0.8785216567309994,4.5312,38910000000.0,0.1,6.9236,4.0526,0.45713727904152573,0.29602973688340717,0.5656158043855987,-0.01712847138256357,0.0006,2874861.4,5.0,0.5036,1.1997,117.06,True,2026-08-18,P,95.23809523809523,99.20634920634922,85.71428571428571,95.23809523809523,97.61904761904762,336531275.48399997
0.02101477881038938,0.44091905381446783,0.5541648097208611,0.7732013717595241,0.8016,0.9466,98,94,93,83,0.5820466333445897,4.5359,9550000000.0,6.9,6.3381,2.8877,0.40349324810337267,0.19147102357221976,0.49076320681168656,-0.07331288553889226,0.0070999999999999995,1002098.4,2.0,0.05,0.7217,215.72,False,2026-08-18,PAYC,95.23809523809523,99.20634920634922,95.23809523809523,98.4126984126984,99.20634920634922,216172666.848
0.004434955159623222,0.20214875997573745,0.9185546977656496,0.8090654326103703,0.6832,0.9787,90,98,94,81,0.6345081975319481,5.1255,6500000000.0,16.7,4.534,2.0238,0.3027460128057816,0.16109065373566853,0.5438827283990957,-0.06728191927317462,0.0255,829139.8,1.0,0.8621,0.7496,187.98,False,2026-08-18,QLYS,95.23809523809523,99.20634920634922,90.47619047619048,96.82539682539682,98.4126984126984,155861699.604
0.004636305660504547,0.13062249158611516,0.34044365872098115,0.19490397357406386,0.6851,0.8874,81,86,68,78,0.5927582564442023,4.4982,3920000000.0,45.6,3.3949,0.7719,0.18023131171836726,0.03551977244868503,0.10066418473123982,-0.2623547558199767,-0.024399999999999998,1017455.25,0.0,0.0108,0.873,62.84,False,2026-08-18,QTWO,95.23809523809523,99.20634920634922,90.47619047619048,96.82539682539682,98.4126984126984,63936887.910000004
0.039491363199155805,0.32651713724998377,0.5630343570613465,0.8486854969683011,0.8698,0.9482,96,94,94,87,1.1320523132741291,4.8784,20700000000.0,0.2,4.1393,2.2999,0.25303136786759234,0.18478808898753912,0.49025558198316066,-0.055868515945936004,-0.004699999999999999,2933037.6,4.0,0.3597,1.0361,100.55,False,2026-08-18,RBRK,95.23809523809523,99.20634920634922,90.47619047619048,96.82539682539682,98.4126984126984,294916930.68
0.053188907943503505,0.06316808755490233,0.7418604682943983,0.7713484746594976,0.8988,0.9669,65,96,93,82,0.5839531650386437,4.5412,4480000000.0,40.3,3.7261,1.5602,0.20367257906475875,0.07845669232088519,0.5391030779323516,-0.015965884409271824,0.0304,2315594.95,0.0,0.7926,0.684,43.76,True,2026-08-18,RHI,100.0,100.0,100.0,100.0,100.0,101330435.01200001
0.036736662437214074,0.6034073078963069,0.608228810624426,1.259990663364019,0.8625,0.9543,99,95,97,86,0.50946862253456,4.8937,5440000000.0,33.1,6.0034,2.4264,0.41601273371133335,0.15076287913153072,0.7690580325534488,-0.04762592625535034,0.0175,2625674.95,3.0,0.5364,,65.19,False,2026-08-18,RNG,95.23809523809523,99.20634920634922,95.23809523809523,98.4126984126984,99.20634920634922,171167749.9905
0.06547747024292905,0.06142613336389191,0.17662850113149653,0.29990730741059535,0.9203,0.7678,64,70,78,63,0.6237231708239804,3.5812,2600000000.0,47.4,3.2935,1.6521,0.1337179739331919,0.0668797613452712,0.22757845083833847,-0.029025777145991416,0.030600000000000002,983295.2,0.0,0.7871,0.6348,22.26,False,2026-08-18,SLDE,95.23809523809523,99.20634920634922,100.0,100.0,100.0,21888151.152
0.012694588991226441,0.24746088628401375,0.47390470958891373,0.3249999183498038,0.7556,0.9294,93,92,80,81,0.621108433855786,4.1967,2790000000.0,33.6,4.2129,1.6133,0.2147756972982611,0.0828056202040458,0.12376761742102817,-0.3407174282811255,0.0151,638070.55,4.0,0.1184,0.9462,77.38,False,2026-08-18,SPSC,95.23809523809523,99.20634920634922,90.47619047619048,96.82539682539682,98.4126984126984,49373899.159
0.13617026572388036,0.17534854709383318,0.3232379343918279,0.2479876257594602,0.9701,0.8801,88,85,74,73,0.7318219839665899,4.2278,5220000000.0,2.8,3.0748,2.2949,0.1494198185815147,0.13327676772735897,0.32129344944053284,-0.042629469265432984,-0.008,655132.0,1.0,0.0,2.0396,48.06,False,2026-08-18,TBBB,95.23809523809523,99.20634920634922,95.23809523809523,98.4126984126984,99.20634920634922,31485643.92
0.04998707956872406,0.7991170280930986,0.8817824385999788,0.9495275542411532,0.8929,0.9765,99,98,95,89,0.8553184064732352,5.3675,41260000000.0,0.5,7.0469,3.7468,0.6083404790629551,0.33115285330174105,0.5115132338616103,-0.11413043478260865,0.0294,5543367.2,3.0,0.4758,0.9239,163.0,False,2026-08-18,TEAM,100.0,100.0,100.0,100.0,100.0,903568853.6
0.026130339217964593,0.1508067104756019,0.5051680360230975,0.2631008553152332,0.8287,0.9379,84,93,75,80,0.7574885118040403,3.7628,20310000000.0,47.1,4.0213,1.3372,0.1782911496594042,0.05585935887369439,0.15703959582214982,-0.2342243376351485,0.0184,10395311.45,1.0,0.5474,0.766,34.95,False,2026-08-18,TOST,95.23809523809523,99.20634920634922,95.23809523809523,98.4126984126984,99.20634920634922,363316135.1775
-0.009673906409222166,0.24876647140393926,0.45892713366338667,0.4220384118046394,0.5136,0.9278,93,91,85,85,0.6080632849982875,5.3724,8690000000.0,37.5,2.9504,1.2783,0.18836599821030747,0.09223650890737718,0.16443732109678452,-0.24068670528860936,0.0308,1269027.45,2.0,0.7419,0.7046,91.11,False,2026-08-18,TTAN,95.23809523809523,98.4126984126984,90.47619047619048,96.82539682539682,98.4126984126984,115621090.96949999
0.04962952974967094,0.5647807286659039,0.7839694777635915,1.5196767439799244,0.8917,0.9714,98,97,98,89,0.9501186986284177,4.3714,20570000000.0,2.3,7.0739,3.7208,0.4476504848436177,0.24673249534369596,0.47298895199288843,-0.10373920784503621,0.028399999999999998,12447342.65,6.0,0.75,1.1833,46.74,False,2026-08-18,U,100.0,100.0,100.0,100.0,100.0,581788795.4610001
0.02982222401054635,0.22573876827097616,0.4073478526685994,0.20862066334691542,0.8417,0.915,92,90,70,83,0.54792919037356,4.4927,3810000000.0,17.3,4.7776,2.2067,0.27330915844625925,0.13511235401811378,0.055122210040847865,-0.2780266996981716,0.0033,789494.35,5.0,0.0385,0.7653,70.1,False,2026-08-18,WK,95.23809523809523,96.82539682539682,95.23809523809523,98.4126984126984,99.20634920634922,55343553.934999995
0.005719360788972727,0.1063902930444014,0.21826586018330274,0.3502921297071897,0.6976,0.8096,76,76,81,74,0.51464142964943,3.6904,3460000000.0,16.8,4.0262,1.7913,0.1745157237806161,0.08673061703692289,0.4185918203661366,-0.018462871973916606,-0.01,2387751.8,0.0,0.4286,0.4744,22.86,False,2026-08-18,WT,100.0,100.0,95.23809523809523,98.4126984126984,99.20634920634922,54584006.147999994
0.1274237932340525,0.14325841428147945,0.1150685174891557,0.01451320333922812,0.9669,0.684,82,58,39,44,1.8459886937483054,3.5756,3430000000.0,0.0,3.091,2.2121,0.12425615194076668,0.09771133081573216,0.21270991836534792,-0.03619755460608254,-0.0111,1741328.65,3.0,0.2067,2.2893,28.49,False,2026-08-18,ZIM,100.0,64.28571428571429,95.23809523809523,98.4126984126984,99.20634920634922,49610453.23849999
