date,close
2001-06-05,7.0
2001-06-06,7.0
2001-06-07,9.0
2001-06-08,11.0
2001-06-11,11.0
2001-06-12,15.0
2001-06-13,11.0
2001-06-14,12.0
2001-06-15,19.0
2001-06-18,28.0
2001-06-19,18.0
2001-06-20,24.0
2001-06-21,18.0
2001-06-22,15.0
2001-06-25,16.0
2001-06-26,16.0
2001-06-27,14.0
2001-06-28,17.0
2001-06-29,7.0
2001-07-02,10.0
2001-07-03,12.0
2001-07-05,21.0
2001-07-06,29.0
2001-07-09,16.0
2001-07-10,28.0
2001-07-11,48.0
2001-07-12,33.0
2001-07-13,22.0
2001-07-16,36.0
2001-07-17,31.0
2001-07-18,35.0
2001-07-19,24.0
2001-07-20,14.0
2001-07-23,17.0
2001-07-24,24.0
2001-07-25,17.0
2001-07-26,15.0
2001-07-27,15.0
2001-07-30,15.0
2001-07-31,10.0
2001-08-01,12.0
2001-08-02,16.0
2001-08-03,16.0
2001-08-06,9.0
2001-08-07,13.0
2001-08-08,20.0
2001-08-09,25.0
2001-08-10,20.0
2001-08-13,16.0
2001-08-14,12.0
2001-08-15,13.0
2001-08-16,20.0
2001-08-17,23.0
2001-08-20,18.0
2001-08-21,19.0
2001-08-22,20.0
2001-08-23,25.0
2001-08-24,19.0
2001-08-27,8.0
2001-08-28,16.0
2001-08-29,25.0
2001-08-30,46.0
2001-08-31,29.0
2001-09-04,30.0
2001-09-05,44.0
2001-09-06,51.0
2001-09-07,69.0
2001-09-10,70.0
2001-09-17,193.0
2001-09-18,150.0
2001-09-19,236.0
2001-09-20,229.0
2001-09-21,325.0
2001-09-24,62.0
2001-09-25,78.0
2001-09-26,105.0
2001-09-27,109.0
2001-09-28,36.0
2001-10-01,40.0
2001-10-02,40.0
2001-10-03,39.0
2001-10-04,23.0
2001-10-05,30.0
2001-10-08,27.0
2001-10-09,25.0
2001-10-10,23.0
2001-10-11,9.0
2001-10-12,18.0
2001-10-15,11.0
2001-10-16,13.0
2001-10-17,10.0
2001-10-18,17.0
2001-10-19,15.0
2001-10-22,19.0
2001-10-23,18.0
2001-10-24,23.0
2001-10-25,22.0
2001-10-26,19.0
2001-10-29,19.0
2001-10-30,34.0
2001-10-31,26.0
2001-11-01,28.0
2001-11-02,18.0
2001-11-05,17.0
2001-11-06,15.0
2001-11-07,15.0
2001-11-08,12.0
2001-11-09,10.0
2001-11-12,12.0
2001-11-13,8.0
2001-11-14,8.0
2001-11-15,16.0
2001-11-16,7.0
2001-11-19,13.0
2001-11-20,13.0
2001-11-21,12.0
2001-11-23,11.0
2001-11-26,7.0
2001-11-27,8.0
2001-11-28,8.0
2001-11-29,16.0
2001-11-30,10.0
2001-12-03,18.0
2001-12-04,17.0
2001-12-05,12.0
2001-12-06,9.0
2001-12-07,17.0
2001-12-10,17.0
2001-12-11,18.0
2001-12-12,23.0
2001-12-13,14.0
2001-12-14,12.0
2001-12-17,12.0
2001-12-18,9.0
2001-12-19,7.0
2001-12-20,10.0
2001-12-21,13.0
2001-12-24,9.0
2001-12-26,6.0
2001-12-27,5.0
2001-12-28,4.0
2001-12-31,3.0
2002-01-02,3.0
2002-01-03,6.0
2002-01-04,4.0
2002-01-07,9.0
2002-01-08,12.0
2002-01-09,10.0
2002-01-10,12.0
2002-01-11,10.0
2002-01-14,12.0
2002-01-15,14.0
2002-01-16,17.0
2002-01-17,15.0
2002-01-18,19.0
2002-01-22,21.0
2002-01-23,17.0
2002-01-24,10.0
2002-01-25,12.0
2002-01-28,11.0
2002-01-29,32.0
2002-01-30,41.0
2002-01-31,10.0
2002-02-01,19.0
2002-02-04,28.0
2002-02-05,40.0
2002-02-06,40.0
2002-02-07,20.0
2002-02-08,13.0
2002-02-11,11.0
2002-02-12,9.0
2002-02-13,6.0
2002-02-14,14.0
2002-02-15,16.0
2002-02-19,17.0
2002-02-20,26.0
2002-02-21,20.0
2002-02-22,31.0
2002-02-25,17.0
2002-02-26,12.0
2002-02-27,13.0
2002-02-28,13.0
2002-03-01,9.0
2002-03-04,9.0
2002-03-05,6.0
2002-03-06,2.0
2002-03-07,6.0
2002-03-08,5.0
2002-03-11,5.0
2002-03-12,5.0
2002-03-13,5.0
2002-03-14,6.0
2002-03-15,7.0
2002-03-18,5.0
2002-03-19,10.0
2002-03-20,9.0
2002-03-21,8.0
2002-03-22,8.0
2002-03-25,8.0
2002-03-26,12.0
2002-03-27,10.0
2002-03-28,7.0
2002-04-01,7.0
2002-04-02,12.0
2002-04-03,8.0
2002-04-04,13.0
2002-04-05,13.0
2002-04-08,21.0
2002-04-09,6.0
2002-04-10,15.0
2002-04-11,26.0
2002-04-12,13.0
2002-04-15,8.0
2002-04-16,8.0
2002-04-17,7.0
2002-04-18,8.0
2002-04-19,6.0
2002-04-22,11.0
2002-04-23,13.0
2002-04-24,12.0
2002-04-25,15.0
2002-04-26,18.0
2002-04-29,21.0
2002-04-30,19.0
2002-05-01,20.0
2002-05-02,19.0
2002-05-03,26.0
2002-05-06,22.0
2002-05-07,27.0
2002-05-08,14.0
2002-05-09,12.0
2002-05-10,27.0
2002-05-13,22.0
2002-05-14,16.0
2002-05-15,18.0
2002-05-16,23.0
2002-05-17,20.0
2002-05-20,20.0
2002-05-21,18.0
2002-05-22,15.0
2002-05-23,15.0
2002-05-24,10.0
2002-05-28,18.0
2002-05-29,22.0
2002-05-30,28.0
2002-05-31,20.0
2002-06-03,29.0
2002-06-04,41.0
2002-06-05,31.0
2002-06-06,52.0
2002-06-07,55.0
2002-06-10,23.0
2002-06-11,39.0
2002-06-12,67.0
2002-06-13,41.0
2002-06-14,66.0
2002-06-17,16.0
2002-06-18,18.0
2002-06-19,23.0
2002-06-20,48.0
2002-06-21,66.0
2002-06-24,59.0
2002-06-25,45.0
2002-06-26,72.0
2002-06-27,45.0
2002-06-28,31.0
2002-07-01,38.0
2002-07-02,79.0
2002-07-03,86.0
2002-07-05,21.0
2002-07-08,24.0
2002-07-09,43.0
2002-07-10,86.0
2002-07-11,125.0
2002-07-12,49.0
2002-07-15,128.0
2002-07-16,47.0
2002-07-17,65.0
2002-07-18,91.0
2002-07-19,175.0
2002-07-22,233.0
2002-07-23,278.0
2002-07-24,368.0
2002-07-25,85.0
2002-07-26,62.0
2002-07-29,36.0
2002-07-30,34.0
2002-07-31,33.0
2002-08-01,30.0
2002-08-02,64.0
2002-08-05,109.0
2002-08-06,42.0
2002-08-07,43.0
2002-08-08,36.0
2002-08-09,20.0
2002-08-12,25.0
2002-08-13,31.0
2002-08-14,42.0
2002-08-15,21.0
2002-08-16,20.0
2002-08-19,11.0
2002-08-20,14.0
2002-08-21,14.0
2002-08-22,12.0
2002-08-23,11.0
2002-08-26,11.0
2002-08-27,15.0
2002-08-28,19.0
2002-08-29,22.0
2002-08-30,19.0
2002-09-03,35.0
2002-09-04,26.0
2002-09-05,37.0
2002-09-06,18.0
2002-09-09,26.0
2002-09-10,18.0
2002-09-11,11.0
2002-09-12,25.0
2002-09-13,36.0
2002-09-16,30.0
2002-09-17,53.0
2002-09-18,94.0
2002-09-19,102.0
2002-09-20,85.0
2002-09-23,128.0
2002-09-24,157.0
2002-09-25,67.0
2002-09-26,31.0
2002-09-27,65.0
2002-09-30,124.0
2002-10-01,62.0
2002-10-02,52.0
2002-10-03,87.0
2002-10-04,176.0
2002-10-07,201.0
2002-10-08,183.0
2002-10-09,229.0
2002-10-10,208.0
2002-10-11,25.0
2002-10-14,30.0
2002-10-15,21.0
2002-10-16,35.0
2002-10-17,22.0
2002-10-18,21.0
2002-10-21,25.0
2002-10-22,27.0
2002-10-23,20.0
2002-10-24,26.0
2002-10-25,277.0
2002-10-28,22.0
2002-10-29,31.0
2002-10-30,23.0
2002-10-31,279.0
2002-11-01,24.0
2002-11-04,11.0
2002-11-05,17.0
2002-11-06,13.0
2002-11-07,18.0
2002-11-08,25.0
2002-11-11,34.0
2002-11-12,32.0
2002-11-13,29.0
2002-11-14,23.0
2002-11-15,21.0
2002-11-18,16.0
2002-11-19,16.0
2002-11-20,15.0
2002-11-21,14.0
2002-11-22,11.0
2002-11-25,14.0
2002-11-26,11.0
2002-11-27,8.0
2002-11-29,7.0
2002-12-02,8.0
2002-12-03,10.0
2002-12-04,14.0
2002-12-05,15.0
2002-12-06,13.0
2002-12-09,19.0
2002-12-10,19.0
2002-12-11,17.0
2002-12-12,18.0
2002-12-13,19.0
2002-12-16,13.0
2002-12-17,12.0
2002-12-18,23.0
2002-12-19,22.0
2002-12-20,22.0
2002-12-23,17.0
2002-12-24,18.0
2002-12-26,12.0
2002-12-27,12.0
2002-12-30,16.0
2002-12-31,10.0
2003-01-02,10.0
2003-01-03,10.0
2003-01-06,8.0
2003-01-07,13.0
2003-01-08,14.0
2003-01-09,14.0
2003-01-10,16.0
2003-01-13,17.0
2003-01-14,17.0
2003-01-15,14.0
2003-01-16,13.0
2003-01-17,17.0
2003-01-21,20.0
2003-01-22,29.0
2003-01-23,29.0
2003-01-24,45.0
2003-01-27,62.0
2003-01-28,34.0
2003-01-29,38.0
2003-01-30,42.0
2003-01-31,33.0
2003-02-03,19.0
2003-02-04,38.0
2003-02-05,27.0
2003-02-06,55.0
2003-02-07,76.0
2003-02-10,79.0
2003-02-11,64.0
2003-02-12,82.0
2003-02-13,109.0
2003-02-14,53.0
2003-02-18,25.0
2003-02-19,25.0
2003-02-20,32.0
2003-02-21,35.0
2003-02-24,48.0
2003-02-25,88.0
2003-02-26,39.0
2003-02-27,35.0
2003-02-28,26.0
2003-03-03,29.0
2003-03-04,65.0
2003-03-05,91.0
2003-03-06,109.0
2003-03-07,105.0
2003-03-10,120.0
2003-03-11,141.0
2003-03-12,165.0
2003-03-13,45.0
2003-03-14,27.0
2003-03-17,25.0
2003-03-18,16.0
2003-03-19,12.0
2003-03-20,13.0
2003-03-21,12.0
2003-03-24,15.0
2003-03-25,12.0
2003-03-26,17.0
2003-03-27,22.0
2003-03-28,22.0
2003-03-31,31.0
2003-04-01,21.0
2003-04-02,12.0
2003-04-03,11.0
2003-04-04,17.0
2003-04-07,9.0
2003-04-08,17.0
2003-04-09,18.0
2003-04-10,17.0
2003-04-11,16.0
2003-04-14,14.0
2003-04-15,11.0
2003-04-16,16.0
2003-04-17,17.0
2003-04-21,11.0
2003-04-22,15.0
2003-04-23,15.0
2003-04-24,14.0
2003-04-25,18.0
2003-04-28,21.0
2003-04-29,15.0
2003-04-30,10.0
2003-05-01,9.0
2003-05-02,6.0
2003-05-05,6.0
2003-05-06,8.0
2003-05-07,6.0
2003-05-08,10.0
2003-05-09,6.0
2003-05-12,6.0
2003-05-13,6.0
2003-05-14,8.0
2003-05-15,6.0
2003-05-16,10.0
2003-05-19,11.0
2003-05-20,8.0
2003-05-21,8.0
2003-05-22,9.0
2003-05-23,8.0
2003-05-27,7.0
2003-05-28,5.0
2003-05-29,6.0
2003-05-30,5.0
2003-06-02,7.0
2003-06-03,5.0
2003-06-04,6.0
2003-06-05,7.0
2003-06-06,7.0
2003-06-09,6.0
2003-06-10,6.0
2003-06-11,6.0
2003-06-12,6.0
2003-06-13,10.0
2003-06-16,5.0
2003-06-17,6.0
2003-06-18,7.0
2003-06-19,6.0
2003-06-20,7.0
2003-06-23,7.0
2003-06-24,8.0
2003-06-25,7.0
2003-06-26,6.0
2003-06-27,7.0
2003-06-30,7.0
2003-07-01,6.0
2003-07-02,6.0
2003-07-03,7.0
2003-07-07,6.0
2003-07-08,5.0
2003-07-09,6.0
2003-07-10,7.0
2003-07-11,6.0
2003-07-14,5.0
2003-07-15,6.0
2003-07-16,4.0
2003-07-17,280.0
2003-07-18,9.0
2003-07-21,6.0
2003-07-22,6.0
2003-07-23,7.0
2003-07-24,6.0
2003-07-25,5.0
2003-07-28,5.0
2003-07-29,5.0
2003-07-30,4.0
2003-07-31,6.0
2003-08-01,7.0
2003-08-04,8.0
2003-08-05,9.0
2003-08-06,11.0
2003-08-07,7.0
2003-08-08,9.0
2003-08-11,7.0
2003-08-12,7.0
2003-08-13,9.0
2003-08-14,11.0
2003-08-15,9.0
2003-08-18,8.0
2003-08-19,6.0
2003-08-20,8.0
2003-08-21,8.0
2003-08-22,7.0
2003-08-25,6.0
2003-08-26,5.0
2003-08-27,4.0
2003-08-28,5.0
2003-08-29,8.0
2003-09-02,3.0
2003-09-03,4.0
2003-09-04,5.0
2003-09-05,5.0
2003-09-08,5.0
2003-09-09,6.0
2003-09-10,3.0
2003-09-11,4.0
2003-09-12,5.0
2003-09-15,6.0
2003-09-16,6.0
2003-09-17,3.0
2003-09-18,6.0
2003-09-19,4.0
2003-09-22,5.0
2003-09-23,4.0
2003-09-24,4.0
2003-09-25,9.0
2003-09-26,12.0
2003-09-29,12.0
2003-09-30,9.0
2003-10-01,6.0
2003-10-02,7.0
2003-10-03,7.0
2003-10-06,6.0
2003-10-07,7.0
2003-10-08,7.0
2003-10-09,7.0
2003-10-10,4.0
2003-10-13,5.0
2003-10-14,5.0
2003-10-15,5.0
2003-10-16,8.0
2003-10-17,6.0
2003-10-20,7.0
2003-10-21,8.0
2003-10-22,4.0
2003-10-23,10.0
2003-10-24,9.0
2003-10-27,7.0
2003-10-28,6.0
2003-10-29,5.0
2003-10-30,7.0
2003-10-31,5.0
2003-11-03,4.0
2003-11-04,5.0
2003-11-05,9.0
2003-11-06,8.0
2003-11-07,9.0
2003-11-10,6.0
2003-11-11,11.0
2003-11-12,8.0
2003-11-13,9.0
2003-11-14,8.0
2003-11-17,8.0
2003-11-18,9.0
2003-11-19,10.0
2003-11-20,11.0
2003-11-21,8.0
2003-11-24,8.0
2003-11-25,6.0
2003-11-26,6.0
2003-11-28,6.0
2003-12-01,3.0
2003-12-02,5.0
2003-12-03,5.0
2003-12-04,5.0
2003-12-05,3.0
2003-12-08,6.0
2003-12-09,8.0
2003-12-10,7.0
2003-12-11,9.0
2003-12-12,8.0
2003-12-15,6.0
2003-12-16,7.0
2003-12-17,8.0
2003-12-18,5.0
2003-12-19,6.0
2003-12-22,4.0
2003-12-23,4.0
2003-12-24,9.0
2003-12-26,4.0
2003-12-29,4.0
2003-12-30,3.0
2003-12-31,4.0
2004-01-02,5.0
2004-01-05,6.0
2004-01-06,7.0
2004-01-07,4.0
2004-01-08,6.0
2004-01-09,5.0
2004-01-12,3.0
2004-01-13,6.0
2004-01-14,4.0
2004-01-15,4.0
2004-01-16,4.0
2004-01-20,5.0
2004-01-21,3.0
2004-01-22,3.0
2004-01-23,4.0
2004-01-26,4.0
2004-01-27,3.0
2004-01-28,6.0
2004-01-29,5.0
2004-01-30,7.0
2004-02-02,3.0
2004-02-03,3.0
2004-02-04,6.0
2004-02-05,7.0
2004-02-06,3.0
2004-02-09,6.0
2004-02-10,2.0
2004-02-11,4.0
2004-02-12,4.0
2004-02-13,3.0
2004-02-17,2.0
2004-02-18,3.0
2004-02-19,4.0
2004-02-20,6.0
2004-02-23,5.0
2004-02-24,5.0
2004-02-25,8.0
2004-02-26,5.0
2004-02-27,5.0
2004-03-01,4.0
2004-03-02,4.0
2004-03-03,6.0
2004-03-04,4.0
2004-03-05,3.0
2004-03-08,2.0
2004-03-09,4.0
2004-03-10,5.0
2004-03-11,6.0
2004-03-12,8.0
2004-03-15,6.0
2004-03-16,7.0
2004-03-17,5.0
2004-03-18,6.0
2004-03-19,6.0
2004-03-22,10.0
2004-03-23,4.0
2004-03-24,5.0
2004-03-25,8.0
2004-03-26,8.0
2004-03-29,6.0
2004-03-30,7.0
2004-03-31,8.0
2004-04-01,7.0
2004-04-02,5.0
2004-04-05,6.0
2004-04-06,8.0
2004-04-07,9.0
2004-04-08,7.0
2004-04-12,10.0
2004-04-13,11.0
2004-04-14,11.0
2004-04-15,11.0
2004-04-16,9.0
2004-04-19,9.0
2004-04-20,10.0
2004-04-21,9.0
2004-04-22,9.0
2004-04-23,7.0
2004-04-26,3.0
2004-04-27,8.0
2004-04-28,11.0
2004-04-29,13.0
2004-04-30,15.0
2004-05-03,12.0
2004-05-04,9.0
2004-05-05,9.0
2004-05-06,15.0
2004-05-07,34.0
2004-05-10,55.0
2004-05-11,14.0
2004-05-12,24.0
2004-05-13,16.0
2004-05-14,18.0
2004-05-17,364.0
2004-05-18,28.0
2004-05-19,15.0
2004-05-20,18.0
2004-05-21,14.0
2004-05-24,13.0
2004-05-25,11.0
2004-05-26,14.0
2004-05-27,10.0
2004-05-28,8.0
2004-06-01,12.0
2004-06-02,11.0
2004-06-03,13.0
2004-06-04,14.0
2004-06-07,11.0
2004-06-08,12.0
2004-06-09,16.0
2004-06-10,13.0
2004-06-14,15.0
2004-06-15,12.0
2004-06-16,19.0
2004-06-17,19.0
2004-06-18,377.0
2004-06-21,18.0
2004-06-22,18.0
2004-06-23,20.0
2004-06-24,18.0
2004-06-25,22.0
2004-06-28,16.0
2004-06-29,18.0
2004-06-30,12.0
2004-07-01,19.0
2004-07-02,19.0
2004-07-06,25.0
2004-07-07,27.0
2004-07-08,33.0
2004-07-09,28.0
2004-07-12,24.0
2004-07-13,24.0
2004-07-14,27.0
2004-07-15,32.0
2004-07-16,35.0
2004-07-19,36.0
2004-07-20,20.0
2004-07-21,26.0
2004-07-22,40.0
2004-07-23,33.0
2004-07-26,47.0
2004-07-27,36.0
2004-07-28,49.0
2004-07-29,25.0
2004-07-30,20.0
2004-08-02,25.0
2004-08-03,30.0
2004-08-04,41.0
2004-08-05,49.0
2004-08-06,76.0
2004-08-09,63.0
2004-08-10,25.0
2004-08-11,42.0
2004-08-12,56.0
2004-08-13,63.0
2004-08-16,34.0
2004-08-17,14.0
2004-08-18,17.0
2004-08-19,15.0
2004-08-20,15.0
2004-08-23,14.0
2004-08-24,15.0
2004-08-25,15.0
2004-08-26,14.0
2004-08-27,15.0
2004-08-30,13.0
2004-08-31,21.0
2004-09-01,15.0
2004-09-02,19.0
2004-09-03,17.0
2004-09-07,18.0
2004-09-08,20.0
2004-09-09,14.0
2004-09-10,14.0
2004-09-13,11.0
2004-09-14,12.0
2004-09-15,14.0
2004-09-16,16.0
2004-09-17,16.0
2004-09-20,19.0
2004-09-21,14.0
2004-09-22,21.0
2004-09-23,21.0
2004-09-24,24.0
2004-09-27,36.0
2004-09-28,28.0
2004-09-29,21.0
2004-09-30,19.0
2004-10-01,14.0
2004-10-04,15.0
2004-10-05,13.0
2004-10-06,17.0
2004-10-07,23.0
2004-10-08,18.0
2004-10-11,23.0
2004-10-12,27.0
2004-10-13,26.0
2004-10-14,37.0
2004-10-15,37.0
2004-10-18,31.0
2004-10-19,38.0
2004-10-20,47.0
2004-10-21,27.0
2004-10-22,29.0
2004-10-25,36.0
2004-10-26,24.0
2004-10-27,14.0
2004-10-28,15.0
2004-10-29,14.0
2004-11-01,16.0
2004-11-02,15.0
2004-11-03,12.0
2004-11-04,18.0
2004-11-05,12.0
2004-11-08,12.0
2004-11-09,13.0
2004-11-10,15.0
2004-11-11,11.0
2004-11-12,12.0
2004-11-15,9.0
2004-11-16,14.0
2004-11-17,13.0
2004-11-18,13.0
2004-11-19,14.0
2004-11-22,13.0
2004-11-23,14.0
2004-11-24,10.0
2004-11-26,14.0
2004-11-29,10.0
2004-11-30,11.0
2004-12-01,12.0
2004-12-02,15.0
2004-12-03,11.0
2004-12-06,12.0
2004-12-07,13.0
2004-12-08,12.0
2004-12-09,14.0
2004-12-10,13.0
2004-12-13,11.0
2004-12-14,11.0
2004-12-15,10.0
2004-12-16,15.0
2004-12-17,16.0
2004-12-20,14.0
2004-12-21,13.0
2004-12-22,13.0
2004-12-23,12.0
2004-12-27,13.0
2004-12-28,12.0
2004-12-29,10.0
2004-12-30,11.0
2004-12-31,9.0
2005-01-03,9.0
2005-01-04,12.0
2005-01-05,17.0
2005-01-06,15.0
2005-01-07,18.0
2005-01-10,13.0
2005-01-11,17.0
2005-01-12,18.0
2005-01-13,18.0
2005-01-14,15.0
2005-01-18,15.0
2005-01-19,13.0
2005-01-20,17.0
2005-01-21,21.0
2005-01-24,23.0
2005-01-25,18.0
2005-01-26,21.0
2005-01-27,18.0
2005-01-28,17.0
2005-01-31,12.0
2005-02-01,12.0
2005-02-02,14.0
2005-02-03,17.0
2005-02-04,11.0
2005-02-07,13.0
2005-02-08,16.0
2005-02-09,14.0
2005-02-10,15.0
2005-02-11,16.0
2005-02-14,11.0
2005-02-15,13.0
2005-02-16,13.0
2005-02-17,11.0
2005-02-18,16.0
2005-02-22,21.0
2005-02-23,18.0
2005-02-24,24.0
2005-02-25,16.0
2005-02-28,22.0
2005-03-01,18.0
2005-03-02,19.0
2005-03-03,20.0
2005-03-04,17.0
2005-03-07,13.0
2005-03-08,13.0
2005-03-09,16.0
2005-03-10,14.0
2005-03-11,16.0
2005-03-14,12.0
2005-03-15,15.0
2005-03-16,23.0
2005-03-17,20.0
2005-03-18,25.0
2005-03-21,26.0
2005-03-22,25.0
2005-03-23,39.0
2005-03-24,27.0
2005-03-28,22.0
2005-03-29,40.0
2005-03-30,27.0
2005-03-31,25.0
2005-04-01,32.0
2005-04-04,39.0
2005-04-05,25.0
2005-04-06,20.0
2005-04-07,20.0
2005-04-08,24.0
2005-04-11,35.0
2005-04-12,40.0
2005-04-13,28.0
2005-04-14,62.0
2005-04-15,94.0
2005-04-18,68.0
2005-04-19,35.0
2005-04-20,59.0
2005-04-21,37.0
2005-04-22,63.0
2005-04-25,35.0
2005-04-26,51.0
2005-04-27,74.0
2005-04-28,85.0
2005-04-29,80.0
2005-05-02,42.0
2005-05-03,34.0
2005-05-04,20.0
2005-05-05,18.0
2005-05-06,23.0
2005-05-09,21.0
2005-05-10,25.0
2005-05-11,34.0
2005-05-12,46.0
2005-05-13,66.0
2005-05-16,39.0
2005-05-17,35.0
2005-05-18,18.0
2005-05-19,14.0
2005-05-20,18.0
2005-05-23,11.0
2005-05-24,15.0
2005-05-25,19.0
2005-05-26,19.0
2005-05-27,16.0
2005-05-31,15.0
2005-06-01,18.0
2005-06-02,13.0
2005-06-03,21.0
2005-06-06,15.0
2005-06-07,14.0
2005-06-08,24.0
2005-06-09,15.0
2005-06-10,18.0
2005-06-13,12.0
2005-06-14,12.0
2005-06-15,7.0
2005-06-16,9.0
2005-06-17,11.0
2005-06-20,11.0
2005-06-21,12.0
2005-06-22,13.0
2005-06-23,18.0
2005-06-24,26.0
2005-06-27,31.0
2005-06-28,12.0
2005-06-29,16.0
2005-06-30,19.0
2005-07-01,14.0
2005-07-05,13.0
2005-07-06,14.0
2005-07-07,25.0
2005-07-08,7.0
2005-07-11,11.0
2005-07-12,9.0
2005-07-13,8.0
2005-07-14,6.0
2005-07-15,9.0
2005-07-18,12.0
2005-07-19,11.0
2005-07-20,6.0
2005-07-21,12.0
2005-07-22,10.0
2005-07-25,8.0
2005-07-26,11.0
2005-07-27,9.0
2005-07-28,13.0
2005-07-29,9.0
2005-08-01,9.0
2005-08-02,9.0
2005-08-03,11.0
2005-08-04,14.0
2005-08-05,17.0
2005-08-08,16.0
2005-08-09,11.0
2005-08-10,15.0
2005-08-11,13.0
2005-08-12,17.0
2005-08-15,13.0
2005-08-16,14.0
2005-08-17,10.0
2005-08-18,16.0
2005-08-19,11.0
2005-08-22,10.0
2005-08-23,18.0
2005-08-24,18.0
2005-08-25,19.0
2005-08-26,21.0
2005-08-29,28.0
2005-08-30,25.0
2005-08-31,22.0
2005-09-01,16.0
2005-09-02,15.0
2005-09-06,10.0
2005-09-07,11.0
2005-09-08,12.0
2005-09-09,10.0
2005-09-12,15.0
2005-09-13,16.0
2005-09-14,19.0
2005-09-15,29.0
2005-09-16,27.0
2005-09-19,32.0
2005-09-20,44.0
2005-09-21,64.0
2005-09-22,67.0
2005-09-23,26.0
2005-09-26,25.0
2005-09-27,29.0
2005-09-28,32.0
2005-09-29,38.0
2005-09-30,20.0
2005-10-03,21.0
2005-10-04,38.0
2005-10-05,67.0
2005-10-06,63.0
2005-10-07,28.0
2005-10-10,54.0
2005-10-11,69.0
2005-10-12,107.0
2005-10-13,92.0
2005-10-14,43.0
2005-10-17,40.0
2005-10-18,48.0
2005-10-19,74.0
2005-10-20,41.0
2005-10-21,43.0
2005-10-24,26.0
2005-10-25,32.0
2005-10-26,47.0
2005-10-27,81.0
2005-10-28,45.0
2005-10-31,14.0
2005-11-01,23.0
2005-11-02,19.0
2005-11-03,23.0
2005-11-04,27.0
2005-11-07,20.0
2005-11-08,21.0
2005-11-09,32.0
2005-11-10,36.0
2005-11-11,22.0
2005-11-14,26.0
2005-11-15,33.0
2005-11-16,38.0
2005-11-17,25.0
2005-11-18,14.0
2005-11-21,15.0
2005-11-22,15.0
2005-11-23,20.0
2005-11-25,14.0
2005-11-28,18.0
2005-11-29,18.0
2005-11-30,24.0
2005-12-01,16.0
2005-12-02,17.0
2005-12-05,23.0
2005-12-06,19.0
2005-12-07,24.0
2005-12-08,25.0
2005-12-09,18.0
2005-12-12,20.0
2005-12-13,18.0
2005-12-14,18.0
2005-12-15,23.0
2005-12-16,27.0
2005-12-19,30.0
2005-12-20,32.0
2005-12-21,27.0
2005-12-22,27.0
2005-12-23,19.0
2005-12-27,23.0
2005-12-28,23.0
2005-12-29,26.0
2005-12-30,26.0
2006-01-03,27.0
2006-01-04,11.0
2006-01-05,14.0
2006-01-06,16.0
2006-01-09,15.0
2006-01-10,11.0
2006-01-11,13.0
2006-01-12,17.0
2006-01-13,18.0
2006-01-17,20.0
2006-01-18,23.0
2006-01-19,20.0
2006-01-20,28.0
2006-01-23,31.0
2006-01-24,25.0
2006-01-25,26.0
2006-01-26,21.0
2006-01-27,22.0
2006-01-30,23.0
2006-01-31,26.0
2006-02-01,25.0
2006-02-02,29.0
2006-02-03,25.0
2006-02-06,25.0
2006-02-07,27.0
2006-02-08,34.0
2006-02-09,19.0
2006-02-10,22.0
2006-02-13,31.0
2006-02-14,31.0
2006-02-15,21.0
2006-02-16,20.0
2006-02-17,20.0
2006-02-21,19.0
2006-02-22,17.0
2006-02-23,21.0
2006-02-24,21.0
2006-02-27,20.0
2006-02-28,25.0
2006-03-01,29.0
2006-03-02,25.0
2006-03-03,25.0
2006-03-06,33.0
2006-03-07,38.0
2006-03-08,35.0
2006-03-09,28.0
2006-03-10,26.0
2006-03-13,26.0
2006-03-14,24.0
2006-03-15,23.0
2006-03-16,18.0
2006-03-17,21.0
2006-03-20,26.0
2006-03-21,26.0
2006-03-22,27.0
2006-03-23,20.0
2006-03-24,18.0
2006-03-27,19.0
2006-03-28,18.0
2006-03-29,13.0
2006-03-30,18.0
2006-03-31,16.0
2006-04-03,19.0
2006-04-04,21.0
2006-04-05,21.0
2006-04-06,17.0
2006-04-07,23.0
2006-04-10,32.0
2006-04-11,34.0
2006-04-12,28.0
2006-04-13,30.0
2006-04-17,32.0
2006-04-18,31.0
2006-04-19,20.0
2006-04-20,25.0
2006-04-21,23.0
2006-04-24,30.0
2006-04-25,27.0
2006-04-26,19.0
2006-04-27,28.0
2006-04-28,19.0
2006-05-01,23.0
2006-05-02,28.0
2006-05-03,28.0
2006-05-04,27.0
2006-05-05,19.0
2006-05-08,18.0
2006-05-09,23.0
2006-05-10,25.0
2006-05-11,29.0
2006-05-12,47.0
2006-05-15,48.0
2006-05-16,40.0
2006-05-17,62.0
2006-05-18,47.0
2006-05-19,57.0
2006-05-22,69.0
2006-05-23,50.0
2006-05-24,78.0
2006-05-25,31.0
2006-05-26,25.0
2006-05-30,35.0
2006-05-31,38.0
2006-06-01,25.0
2006-06-02,23.0
2006-06-05,47.0
2006-06-06,71.0
2006-06-07,41.0
2006-06-08,99.0
2006-06-09,29.0
2006-06-12,77.0
2006-06-13,135.0
2006-06-14,111.0
2006-06-15,31.0
2006-06-16,28.0
2006-06-19,49.0
2006-06-20,62.0
2006-06-21,36.0
2006-06-22,49.0
2006-06-23,60.0
2006-06-26,49.0
2006-06-27,66.0
2006-06-28,70.0
2006-06-29,40.0
2006-06-30,33.0
2006-07-03,30.0
2006-07-05,45.0
2006-07-06,41.0
2006-07-07,48.0
2006-07-10,45.0
2006-07-11,63.0
2006-07-12,72.0
2006-07-13,107.0
2006-07-14,139.0
2006-07-17,85.0
2006-07-18,115.0
2006-07-19,38.0
2006-07-20,50.0
2006-07-21,116.0
2006-07-24,40.0
2006-07-25,39.0
2006-07-26,45.0
2006-07-27,63.0
2006-07-28,45.0
2006-07-31,41.0
2006-08-01,58.0
2006-08-02,34.0
2006-08-03,40.0
2006-08-04,34.0
2006-08-07,46.0
2006-08-08,52.0
2006-08-09,67.0
2006-08-10,74.0
2006-08-11,49.0
2006-08-14,44.0
2006-08-15,25.0
2006-08-16,24.0
2006-08-17,25.0
2006-08-18,19.0
2006-08-21,26.0
2006-08-22,28.0
2006-08-23,31.0
2006-08-24,42.0
2006-08-25,36.0
2006-08-28,26.0
2006-08-29,23.0
2006-08-30,20.0
2006-08-31,20.0
2006-09-01,21.0
2006-09-05,21.0
2006-09-06,29.0
2006-09-07,40.0
2006-09-08,40.0
2006-09-11,50.0
2006-09-12,37.0
2006-09-13,24.0
2006-09-14,33.0
2006-09-15,30.0
2006-09-18,23.0
2006-09-19,36.0
2006-09-20,34.0
2006-09-21,32.0
2006-09-22,49.0
2006-09-25,57.0
2006-09-26,31.0
2006-09-27,27.0
2006-09-28,23.0
2006-09-29,28.0
2006-10-02,26.0
2006-10-03,43.0
2006-10-04,55.0
2006-10-05,25.0
2006-10-06,21.0
2006-10-09,21.0
2006-10-10,26.0
2006-10-11,25.0
2006-10-12,24.0
2006-10-13,25.0
2006-10-16,21.0
2006-10-17,23.0
2006-10-18,21.0
2006-10-19,21.0
2006-10-20,22.0
2006-10-23,24.0
2006-10-24,26.0
2006-10-25,26.0
2006-10-26,26.0
2006-10-27,24.0
2006-10-30,24.0
2006-10-31,26.0
2006-11-01,23.0
2006-11-02,31.0
2006-11-03,24.0
2006-11-06,24.0
2006-11-07,23.0
2006-11-08,24.0
2006-11-09,30.0
2006-11-10,29.0
2006-11-13,31.0
2006-11-14,28.0
2006-11-15,20.0
2006-11-16,23.0
2006-11-17,21.0
2006-11-20,27.0
2006-11-21,27.0
2006-11-22,24.0
2006-11-24,25.0
2006-11-27,24.0
2006-11-28,28.0
2006-11-29,24.0
2006-11-30,24.0
2006-12-01,24.0
2006-12-04,22.0
2006-12-05,21.0
2006-12-06,23.0
2006-12-07,24.0
2006-12-08,22.0
2006-12-11,25.0
2006-12-12,25.0
2006-12-13,26.0
2006-12-14,23.0
2006-12-15,23.0
2006-12-18,27.0
2006-12-19,25.0
2006-12-20,22.0
2006-12-21,21.0
2006-12-22,20.0
2006-12-26,21.0
2006-12-27,18.0
2006-12-28,19.0
2006-12-29,20.0
2007-01-03,27.0
2007-01-04,30.0
2007-01-05,28.0
2007-01-08,22.0
2007-01-09,25.0
2007-01-10,23.0
2007-01-11,21.0
2007-01-12,19.0
2007-01-16,22.0
2007-01-17,23.0
2007-01-18,25.0
2007-01-19,24.0
2007-01-22,20.0
2007-01-23,23.0
2007-01-24,19.0
2007-01-25,20.0
2007-01-26,23.0
2007-01-29,21.0
2007-01-30,23.0
2007-01-31,21.0
2007-02-01,25.0
2007-02-02,22.0
2007-02-05,22.0
2007-02-06,26.0
2007-02-07,18.0
2007-02-08,21.0
2007-02-09,12.0
2007-02-12,14.0
2007-02-13,14.0
2007-02-14,14.0
2007-02-15,14.0
2007-02-16,18.0
2007-02-20,15.0
2007-02-21,15.0
2007-02-22,16.0
2007-02-23,15.0
2007-02-26,15.0
2007-02-27,27.0
2007-02-28,16.0
2007-03-01,31.0
2007-03-02,27.0
2007-03-05,45.0
2007-03-06,21.0
2007-03-07,25.0
2007-03-08,20.0
2007-03-09,26.0
2007-03-12,25.0
2007-03-13,42.0
2007-03-14,46.0
2007-03-15,18.0
2007-03-16,21.0
2007-03-19,19.0
2007-03-20,18.0
2007-03-21,16.0
2007-03-22,18.0
2007-03-23,15.0
2007-03-26,18.0
2007-03-27,17.0
2007-03-28,17.0
2007-03-29,17.0
2007-03-30,17.0
2007-04-02,28.0
2007-04-03,15.0
2007-04-04,17.0
2007-04-05,21.0
2007-04-09,19.0
2007-04-10,15.0
2007-04-11,23.0
2007-04-12,30.0
2007-04-13,16.0
2007-04-16,15.0
2007-04-17,12.0
2007-04-18,16.0
2007-04-19,19.0
2007-04-20,12.0
2007-04-23,18.0
2007-04-24,22.0
2007-04-25,4.0
2007-04-26,21.0
2007-04-27,23.0
2007-04-30,24.0
2007-05-01,29.0
2007-05-02,19.0
2007-05-03,20.0
2007-05-04,21.0
2007-05-07,18.0
2007-05-08,21.0
2007-05-09,16.0
2007-05-10,21.0
2007-05-11,22.0
2007-05-14,26.0
2007-05-15,28.0
2007-05-16,27.0
2007-05-17,24.0
2007-05-18,20.0
2007-05-21,19.0
2007-05-22,16.0
2007-05-23,20.0
2007-05-24,24.0
2007-05-25,20.0
2007-05-29,17.0
2007-05-30,19.0
2007-05-31,18.0
2007-06-01,15.0
2007-06-04,15.0
2007-06-05,17.0
2007-06-06,24.0
2007-06-07,38.0
2007-06-08,35.0
2007-06-11,23.0
2007-06-12,35.0
2007-06-13,28.0
2007-06-14,18.0
2007-06-15,16.0
2007-06-18,20.0
2007-06-19,22.0
2007-06-20,17.0
2007-06-21,29.0
2007-06-22,33.0
2007-06-25,40.0
2007-06-26,41.0
2007-06-27,43.0
2007-06-28,19.0
2007-06-29,28.0
2007-07-02,22.0
2007-07-03,24.0
2007-07-05,23.0
2007-07-06,18.0
2007-07-09,21.0
2007-07-10,40.0
2007-07-11,41.0
2007-07-12,20.0
2007-07-13,12.0
2007-07-16,21.0
2007-07-17,24.0
2007-07-18,42.0
2007-07-19,23.0
2007-07-20,56.0
2007-07-23,54.0
2007-07-24,95.0
2007-07-25,96.0
2007-07-26,169.0
2007-07-27,118.0
2007-07-30,158.0
2007-07-31,86.0
2007-08-01,188.0
2007-08-02,57.0
2007-08-03,160.0
2007-08-06,221.0
2007-08-07,81.0
2007-08-08,57.0
2007-08-09,104.0
2007-08-10,107.0
2007-08-13,23.0
2007-08-14,57.0
2007-08-15,98.0
2007-08-16,198.0
2007-08-17,33.0
2007-08-20,17.0
2007-08-21,23.0
2007-08-22,19.0
2007-08-23,20.0
2007-08-24,20.0
2007-08-27,19.0
2007-08-28,34.0
2007-08-29,29.0
2007-08-30,20.0
2007-08-31,19.0
2007-09-04,19.0
2007-09-05,27.0
2007-09-06,31.0
2007-09-07,54.0
2007-09-10,79.0
2007-09-11,41.0
2007-09-12,54.0
2007-09-13,57.0
2007-09-14,58.0
2007-09-17,55.0
2007-09-18,40.0
2007-09-19,14.0
2007-09-20,23.0
2007-09-21,33.0
2007-09-24,41.0
2007-09-25,66.0
2007-09-26,42.0
2007-09-27,33.0
2007-09-28,31.0
2007-10-01,30.0
2007-10-02,20.0
2007-10-03,16.0
2007-10-04,18.0
2007-10-05,14.0
2007-10-08,18.0
2007-10-09,23.0
2007-10-10,18.0
2007-10-11,29.0
2007-10-12,30.0
2007-10-15,46.0
2007-10-16,57.0
2007-10-17,63.0
2007-10-18,72.0
2007-10-19,97.0
2007-10-22,109.0
2007-10-23,40.0
2007-10-24,80.0
2007-10-25,69.0
2007-10-26,46.0
2007-10-29,31.0
2007-10-30,46.0
2007-10-31,34.0
2007-11-01,102.0
2007-11-02,149.0
2007-11-05,151.0
2007-11-06,118.0
2007-11-07,187.0
2007-11-08,223.0
2007-11-09,149.0
2007-11-12,87.0
2007-11-13,42.0
2007-11-14,45.0
2007-11-15,88.0
2007-11-16,129.0
2007-11-19,205.0
2007-11-20,264.0
2007-11-21,218.0
2007-11-23,43.0
2007-11-26,163.0
2007-11-27,175.0
2007-11-28,40.0
2007-11-29,42.0
2007-11-30,34.0
2007-12-03,60.0
2007-12-04,98.0
2007-12-05,55.0
2007-12-06,32.0
2007-12-07,23.0
2007-12-10,19.0
2007-12-11,40.0
2007-12-12,65.0
2007-12-13,102.0
2007-12-14,124.0
2007-12-17,197.0
2007-12-18,190.0
2007-12-19,91.0
2007-12-20,112.0
2007-12-21,52.0
2007-12-24,27.0
2007-12-26,32.0
2007-12-27,55.0
2007-12-28,83.0
2007-12-31,99.0
2008-01-02,141.0
2008-01-03,192.0
2008-01-04,390.0
2008-01-07,276.0
2008-01-08,348.0
2008-01-09,486.0
2008-01-10,133.0
2008-01-11,140.0
2008-01-14,114.0
2008-01-15,249.0
2008-01-16,233.0
2008-01-17,276.0
2008-01-18,397.0
2008-01-22,634.0
2008-01-23,247.0
2008-01-24,30.0
2008-01-25,32.0
2008-01-28,28.0
2008-01-29,24.0
2008-01-30,24.0
2008-01-31,41.0
2008-02-01,19.0
2008-02-04,18.0
2008-02-05,31.0
2008-02-06,42.0
2008-02-07,50.0
2008-02-08,44.0
2008-02-11,61.0
2008-02-12,33.0
2008-02-13,25.0
2008-02-14,27.0
2008-02-15,52.0
2008-02-19,34.0
2008-02-20,51.0
2008-02-21,47.0
2008-02-22,78.0
2008-02-25,37.0
2008-02-26,30.0
2008-02-27,30.0
2008-02-28,49.0
2008-02-29,95.0
2008-03-03,122.0
2008-03-04,127.0
2008-03-05,78.0
2008-03-06,164.0
2008-03-07,222.0
2008-03-10,207.0
2008-03-11,104.0
2008-03-12,70.0
2008-03-13,143.0
2008-03-14,146.0
2008-03-17,315.0
2008-03-18,59.0
2008-03-19,55.0
2008-03-20,87.0
2008-03-24,26.0
2008-03-25,19.0
2008-03-26,24.0
2008-03-27,23.0
2008-03-28,39.0
2008-03-31,31.0
2008-04-01,18.0
2008-04-02,14.0
2008-04-03,13.0
2008-04-04,15.0
2008-04-07,13.0
2008-04-08,16.0
2008-04-09,29.0
2008-04-10,35.0
2008-04-11,47.0
2008-04-14,71.0
2008-04-15,66.0
2008-04-16,25.0
2008-04-17,35.0
2008-04-18,19.0
2008-04-21,26.0
2008-04-22,59.0
2008-04-23,51.0
2008-04-24,38.0
2008-04-25,29.0
2008-04-28,20.0
2008-04-29,29.0
2008-04-30,21.0
2008-05-01,30.0
2008-05-02,20.0
2008-05-05,20.0
2008-05-06,28.0
2008-05-07,33.0
2008-05-08,37.0
2008-05-09,39.0
2008-05-12,22.0
2008-05-13,26.0
2008-05-14,15.0
2008-05-15,25.0
2008-05-16,21.0
2008-05-19,22.0
2008-05-20,25.0
2008-05-21,34.0
2008-05-22,25.0
2008-05-23,43.0
2008-05-27,34.0
2008-05-28,35.0
2008-05-29,20.0
2008-05-30,20.0
2008-06-02,35.0
2008-06-03,31.0
2008-06-04,30.0
2008-06-05,27.0
2008-06-06,52.0
2008-06-09,70.0
2008-06-10,82.0
2008-06-11,127.0
2008-06-12,90.0
2008-06-13,66.0
2008-06-16,52.0
2008-06-17,71.0
2008-06-18,132.0
2008-06-19,111.0
2008-06-20,146.0
2008-06-23,162.0
2008-06-24,203.0
2008-06-25,65.0
2008-06-26,196.0
2008-06-27,255.0
2008-06-30,239.0
2008-07-01,320.0
2008-07-02,220.0
2008-07-03,264.0
2008-07-07,290.0
2008-07-08,192.0
2008-07-09,108.0
2008-07-10,223.0
2008-07-11,319.0
2008-07-14,226.0
2008-07-15,408.0
2008-07-16,110.0
2008-07-17,45.0
2008-07-18,48.0
2008-07-21,29.0
2008-07-22,32.0
2008-07-23,16.0
2008-07-24,40.0
2008-07-25,27.0
2008-07-28,42.0
2008-07-29,41.0
2008-07-30,36.0
2008-07-31,40.0
2008-08-01,53.0
2008-08-04,63.0
2008-08-05,45.0
2008-08-06,22.0
2008-08-07,40.0
2008-08-08,41.0
2008-08-11,30.0
2008-08-12,31.0
2008-08-13,28.0
2008-08-14,21.0
2008-08-15,31.0
2008-08-18,25.0
2008-08-19,50.0
2008-08-20,38.0
2008-08-21,38.0
2008-08-22,17.0
2008-08-25,33.0
2008-08-26,46.0
2008-08-27,26.0
2008-08-28,17.0
2008-08-29,16.0
2008-09-02,29.0
2008-09-03,48.0
2008-09-04,77.0
2008-09-05,109.0
2008-09-08,37.0
2008-09-09,132.0
2008-09-10,106.0
2008-09-11,151.0
2008-09-12,44.0
2008-09-15,199.0
2008-09-16,320.0
2008-09-17,273.0
2008-09-18,297.0
2008-09-19,24.0
2008-09-22,17.0
2008-09-23,32.0
2008-09-24,57.0
2008-09-25,44.0
2008-09-26,75.0
2008-09-29,426.0
2008-09-30,99.0
2008-10-01,91.0
2008-10-02,380.0
2008-10-03,398.0
2008-10-06,933.0
2008-10-07,579.0
2008-10-08,1024.0
2008-10-09,924.0
2008-10-10,1367.0
2008-10-13,20.0
2008-10-14,25.0
2008-10-15,158.0
2008-10-16,368.0
2008-10-17,101.0
2008-10-20,38.0
2008-10-21,64.0
2008-10-22,382.0
2008-10-23,594.0
2008-10-24,770.0
2008-10-27,499.0
2008-10-28,531.0
2008-10-29,57.0
2008-10-30,41.0
2008-10-31,35.0
2008-11-03,13.0
2008-11-04,14.0
2008-11-05,19.0
2008-11-06,79.0
2008-11-07,74.0
2008-11-10,98.0
2008-11-11,198.0
2008-11-12,355.0
2008-11-13,460.0
2008-11-14,77.0
2008-11-17,207.0
2008-11-18,418.0
2008-11-19,628.0
2008-11-20,964.0
2008-11-21,766.0
2008-11-24,39.0
2008-11-25,28.0
2008-11-26,19.0
2008-11-28,16.0
2008-12-01,44.0
2008-12-02,35.0
2008-12-03,33.0
2008-12-04,59.0
2008-12-05,121.0
2008-12-08,8.0
2008-12-09,11.0
2008-12-10,12.0
2008-12-11,20.0
2008-12-12,38.0
2008-12-15,24.0
2008-12-16,16.0
2008-12-17,7.0
2008-12-18,13.0
2008-12-19,16.0
2008-12-22,29.0
2008-12-23,34.0
2008-12-24,27.0
2008-12-26,13.0
2008-12-29,24.0
2008-12-30,17.0
2008-12-31,5.0
2009-01-02,5.0
2009-01-05,3.0
2009-01-06,1.0
2009-01-07,10.0
2009-01-08,11.0
2009-01-09,7.0
2009-01-12,15.0
2009-01-13,13.0
2009-01-14,39.0
2009-01-15,56.0
2009-01-16,32.0
2009-01-20,87.0
2009-01-21,60.0
2009-01-22,56.0
2009-01-23,82.0
2009-01-26,30.0
2009-01-27,15.0
2009-01-28,9.0
2009-01-29,32.0
2009-01-30,59.0
2009-02-02,90.0
2009-02-03,46.0
2009-02-04,44.0
2009-02-05,66.0
2009-02-06,17.0
2009-02-09,10.0
2009-02-10,35.0
2009-02-11,42.0
2009-02-12,83.0
2009-02-13,27.0
2009-02-17,149.0
2009-02-18,169.0
2009-02-19,155.0
2009-02-20,306.0
2009-02-23,277.0
2009-02-24,220.0
2009-02-25,146.0
2009-02-26,129.0
2009-02-27,244.0
2009-03-02,429.0
2009-03-03,464.0
2009-03-04,183.0
2009-03-05,456.0
2009-03-06,506.0
2009-03-09,327.0
2009-03-10,63.0
2009-03-11,47.0
2009-03-12,52.0
2009-03-13,15.0
2009-03-16,11.0
2009-03-17,12.0
2009-03-18,16.0
2009-03-19,9.0
2009-03-20,12.0
2009-03-23,7.0
2009-03-24,3.0
2009-03-25,8.0
2009-03-26,3.0
2009-03-27,6.0
2009-03-30,17.0
2009-03-31,8.0
2009-04-01,10.0
2009-04-02,2.0
2009-04-03,5.0
2009-04-06,6.0
2009-04-07,8.0
2009-04-08,7.0
2009-04-09,2.0
2009-04-13,4.0
2009-04-14,4.0
2009-04-15,5.0
2009-04-16,4.0
2009-04-17,2.0
2009-04-20,4.0
2009-04-21,2.0
2009-04-22,3.0
2009-04-23,5.0
2009-04-24,4.0
2009-04-27,6.0
2009-04-28,5.0
2009-04-29,3.0
2009-04-30,5.0
2009-05-01,6.0
2009-05-04,5.0
2009-05-05,3.0
2009-05-06,3.0
2009-05-07,5.0
2009-05-08,4.0
2009-05-11,5.0
2009-05-12,6.0
2009-05-13,11.0
2009-05-14,7.0
2009-05-15,5.0
2009-05-18,6.0
2009-05-19,5.0
2009-05-20,7.0
2009-05-21,6.0
2009-05-22,4.0
2009-05-26,5.0
2009-05-27,6.0
2009-05-28,8.0
2009-05-29,4.0
2009-06-01,3.0
2009-06-02,5.0
2009-06-03,3.0
2009-06-04,5.0
2009-06-05,2.0
2009-06-08,3.0
2009-06-09,3.0
2009-06-10,3.0
2009-06-11,4.0
2009-06-12,5.0
2009-06-15,6.0
2009-06-16,6.0
2009-06-17,6.0
2009-06-18,5.0
2009-06-19,5.0
2009-06-22,4.0
2009-06-23,7.0
2009-06-24,6.0
2009-06-25,8.0
2009-06-26,4.0
2009-06-29,6.0
2009-06-30,5.0
2009-07-01,4.0
2009-07-02,7.0
2009-07-06,6.0
2009-07-07,5.0
2009-07-08,8.0
2009-07-09,11.0
2009-07-10,12.0
2009-07-13,4.0
2009-07-14,3.0
2009-07-15,3.0
2009-07-16,3.0
2009-07-17,2.0
2009-07-20,3.0
2009-07-21,4.0
2009-07-22,3.0
2009-07-23,2.0
2009-07-24,2.0
2009-07-27,2.0
2009-07-28,3.0
2009-07-29,3.0
2009-07-30,5.0
2009-07-31,4.0
2009-08-03,3.0
2009-08-04,3.0
2009-08-05,2.0
2009-08-06,3.0
2009-08-07,4.0
2009-08-10,2.0
2009-08-11,2.0
2009-08-12,3.0
2009-08-13,3.0
2009-08-14,2.0
2009-08-17,4.0
2009-08-18,4.0
2009-08-19,3.0
2009-08-20,4.0
2009-08-21,3.0
2009-08-24,3.0
2009-08-25,4.0
2009-08-26,4.0
2009-08-27,3.0
2009-08-28,3.0
2009-08-31,3.0
2009-09-01,5.0
2009-09-02,5.0
2009-09-03,4.0
2009-09-04,4.0
2009-09-08,3.0
2009-09-09,2.0
2009-09-10,2.0
2009-09-11,5.0
2009-09-14,2.0
2009-09-15,3.0
2009-09-16,3.0
2009-09-17,3.0
2009-09-18,3.0
2009-09-21,2.0
2009-09-22,5.0
2009-09-23,5.0
2009-09-24,7.0
2009-09-25,5.0
2009-09-28,4.0
2009-09-29,3.0
2009-09-30,2.0
2009-10-01,4.0
2009-10-02,7.0
2009-10-05,5.0
2009-10-06,5.0
2009-10-07,5.0
2009-10-08,6.0
2009-10-09,4.0
2009-10-12,4.0
2009-10-13,4.0
2009-10-14,2.0
2009-10-15,2.0
2009-10-16,3.0
2009-10-19,3.0
2009-10-20,6.0
2009-10-21,7.0
2009-10-22,6.0
2009-10-23,2.0
2009-10-26,6.0
2009-10-27,7.0
2009-10-28,12.0
2009-10-29,4.0
2009-10-30,8.0
2009-11-02,9.0
2009-11-03,8.0
2009-11-04,7.0
2009-11-05,2.0
2009-11-06,7.0
2009-11-09,4.0
2009-11-10,7.0
2009-11-11,7.0
2009-11-12,4.0
2009-11-13,3.0
2009-11-16,1.0
2009-11-17,3.0
2009-11-18,2.0
2009-11-19,8.0
2009-11-20,4.0
2009-11-23,2.0
2009-11-24,4.0
2009-11-25,2.0
2009-11-27,10.0
2009-11-30,11.0
2009-12-01,3.0
2009-12-02,4.0
2009-12-03,2.0
2009-12-04,4.0
2009-12-07,2.0
2009-12-08,5.0
2009-12-09,5.0
2009-12-10,3.0
2009-12-11,2.0
2009-12-14,2.0
2009-12-15,2.0
2009-12-16,2.0
2009-12-17,2.0
2009-12-18,3.0
2009-12-21,5.0
2009-12-22,2.0
2009-12-23,2.0
2009-12-24,1.0
2009-12-28,2.0
2009-12-29,1.0
2009-12-30,1.0
2009-12-31,1.0
2010-01-04,1.0
2010-01-05,2.0
2010-01-06,2.0
2010-01-07,3.0
2010-01-08,2.0
2010-01-11,3.0
2010-01-12,3.0
2010-01-13,2.0
2010-01-14,2.0
2010-01-15,3.0
2010-01-19,4.0
2010-01-20,3.0
2010-01-21,3.0
2010-01-22,5.0
2010-01-25,5.0
2010-01-26,7.0
2010-01-27,8.0
2010-01-28,6.0
2010-01-29,7.0
2010-02-01,5.0
2010-02-02,3.0
2010-02-03,1.0
2010-02-04,9.0
2010-02-05,18.0
2010-02-08,7.0
2010-02-09,10.0
2010-02-10,9.0
2010-02-11,6.0
2010-02-12,4.0
2010-02-16,2.0
2010-02-18,1.0
2010-02-19,1.0
2010-02-22,2.0
2010-02-23,3.0
2010-02-24,5.0
2010-02-25,7.0
2010-02-26,3.0
2010-03-01,2.0
2010-03-04,1.0
2010-03-05,1.0
2010-03-09,2.0
2010-03-15,2.0
2010-03-19,4.0
2010-03-22,6.0
2010-03-23,4.0
2010-03-25,3.0
2010-03-26,3.0
2010-03-29,1.0
2010-03-30,2.0
2010-03-31,3.0
2010-04-01,3.0
2010-04-05,2.0
2010-04-06,1.0
2010-04-08,2.0
2010-04-14,2.0
2010-04-15,1.0
2010-04-16,2.0
2010-04-19,2.0
2010-04-21,1.0
2010-04-22,3.0
2010-04-23,2.0
2010-04-26,2.0
2010-04-27,4.0
2010-04-28,6.0
2010-04-29,6.0
2010-04-30,6.0
2010-05-03,7.0
2010-05-04,18.0
2010-05-05,25.0
2010-05-06,68.0
2010-05-07,25.0
2010-05-10,4.0
2010-05-11,8.0
2010-05-12,7.0
2010-05-13,6.0
2010-05-14,9.0
2010-05-17,10.0
2010-05-18,8.0
2010-05-19,21.0
2010-05-20,54.0
2010-05-21,53.0
2010-05-24,20.0
2010-05-25,68.0
2010-05-26,10.0
2010-05-27,5.0
2010-05-28,4.0
2010-06-01,27.0
2010-06-02,16.0
2010-06-03,7.0
2010-06-04,30.0
2010-06-07,61.0
2010-06-08,82.0
2010-06-09,25.0
2010-06-10,8.0
2010-06-11,8.0
2010-06-14,2.0
2010-06-15,2.0
2010-06-16,3.0
2010-06-17,8.0
2010-06-18,5.0
2010-06-21,2.0
2010-06-22,6.0
2010-06-23,14.0
2010-06-24,24.0
2010-06-25,29.0
2010-06-28,13.0
2010-06-29,71.0
2010-06-30,73.0
2010-07-01,111.0
2010-07-02,59.0
2010-07-06,63.0
2010-07-07,38.0
2010-07-08,12.0
2010-07-09,6.0
2010-07-12,11.0
2010-07-13,6.0
2010-07-14,7.0
2010-07-15,11.0
2010-07-16,23.0
2010-07-19,34.0
2010-07-20,30.0
2010-07-21,19.0
2010-07-22,11.0
2010-07-23,7.0
2010-07-26,8.0
2010-07-27,6.0
2010-07-28,7.0
2010-07-29,11.0
2010-07-30,12.0
2010-08-02,3.0
2010-08-03,7.0
2010-08-04,10.0
2010-08-05,11.0
2010-08-06,14.0
2010-08-09,9.0
2010-08-10,19.0
2010-08-11,39.0
2010-08-12,61.0
2010-08-13,46.0
2010-08-16,60.0
2010-08-17,14.0
2010-08-18,16.0
2010-08-19,50.0
2010-08-20,68.0
2010-08-23,51.0
2010-08-24,131.0
2010-08-25,115.0
2010-08-26,29.0
2010-08-27,56.0
2010-08-30,29.0
2010-08-31,70.0
2010-09-01,6.0
2010-09-02,8.0
2010-09-03,1.0
2010-09-07,8.0
2010-09-08,5.0
2010-09-09,11.0
2010-09-10,3.0
2010-09-13,4.0
2010-09-14,1.0
2010-09-15,5.0
2010-09-16,5.0
2010-09-17,10.0
2010-09-20,6.0
2010-09-21,6.0
2010-09-22,8.0
2010-09-23,12.0
2010-09-24,5.0
2010-09-27,6.0
2010-09-28,7.0
2010-09-29,4.0
2010-09-30,6.0
2010-10-01,4.0
2010-10-04,4.0
2010-10-05,7.0
2010-10-06,4.0
2010-10-07,2.0
2010-10-08,2.0
2010-10-11,1.0
2010-10-12,1.0
2010-10-14,3.0
2010-10-15,6.0
2010-10-18,4.0
2010-10-19,6.0
2010-10-20,6.0
2010-10-21,7.0
2010-10-22,1.0
2010-10-25,5.0
2010-10-26,10.0
2010-10-27,8.0
2010-10-28,8.0
2010-10-29,8.0
2010-11-01,12.0
2010-11-02,6.0
2010-11-03,5.0
2010-11-04,3.0
2010-11-05,4.0
2010-11-08,6.0
2010-11-09,3.0
2010-11-10,3.0
2010-11-11,8.0
2010-11-12,6.0
2010-11-15,6.0
2010-11-16,17.0
2010-11-17,13.0
2010-11-18,7.0
2010-11-19,15.0
2010-11-22,16.0
2010-11-23,18.0
2010-11-24,8.0
2010-11-26,10.0
2010-11-29,16.0
2010-11-30,18.0
2010-12-01,5.0
2010-12-02,3.0
2010-12-03,5.0
2010-12-06,6.0
2010-12-07,6.0
2010-12-08,3.0
2010-12-09,6.0
2010-12-10,4.0
2010-12-13,4.0
2010-12-14,3.0
2010-12-15,6.0
2010-12-16,6.0
2010-12-17,7.0
2010-12-20,7.0
2010-12-21,5.0
2010-12-22,3.0
2010-12-23,3.0
2010-12-27,2.0
2010-12-28,3.0
2010-12-29,2.0
2010-12-30,1.0
2010-12-31,1.0
2011-01-03,2.0
2011-01-04,3.0
2011-01-05,4.0
2011-01-06,4.0
2011-01-07,5.0
2011-01-10,5.0
2011-01-11,6.0
2011-01-12,4.0
2011-01-13,4.0
2011-01-14,4.0
2011-01-18,2.0
2011-01-19,3.0
2011-01-20,7.0
2011-01-21,9.0
2011-01-24,9.0
2011-01-25,8.0
2011-01-26,6.0
2011-01-27,9.0
2011-01-28,15.0
2011-01-31,13.0
2011-02-01,6.0
2011-02-02,7.0
2011-02-03,6.0
2011-02-04,6.0
2011-02-07,4.0
2011-02-08,6.0
2011-02-09,6.0
2011-02-10,10.0
2011-02-11,5.0
2011-02-14,6.0
2011-02-15,7.0
2011-02-16,5.0
2011-02-17,7.0
2011-02-18,4.0
2011-02-22,13.0
2011-02-23,20.0
2011-02-24,13.0
2011-02-25,10.0
2011-02-28,7.0
2011-03-01,12.0
2011-03-02,12.0
2011-03-03,5.0
2011-03-04,7.0
2011-03-07,14.0
2011-03-08,8.0
2011-03-09,7.0
2011-03-10,1900.0
2011-03-11,10.0
2011-03-14,14.0
2011-03-15,44.0
2011-03-16,27.0
2011-03-17,19.0
2011-03-18,16.0
2011-03-21,6.0
2011-03-22,6.0
2011-03-23,10.0
2011-03-24,7.0
2011-03-25,7.0
2011-03-28,8.0
2011-03-29,6.0
2011-03-30,4.0
2011-03-31,7.0
2011-04-01,6.0
2011-04-04,9.0
2011-04-05,9.0
2011-04-06,6.0
2011-04-07,6.0
2011-04-08,8.0
2011-04-11,12.0
2011-04-12,13.0
2011-04-13,11.0
2011-04-14,13.0
2011-04-15,9.0
2011-04-18,23.0
2011-04-19,21.0
2011-04-20,10.0
2011-04-21,7.0
2011-04-25,8.0
2011-04-26,3.0
2011-04-27,7.0
2011-04-28,6.0
2011-04-29,10.0
2011-05-02,11.0
2011-05-03,15.0
2011-05-04,22.0
2011-05-05,24.0
2011-05-06,9.0
2011-05-09,13.0
2011-05-10,11.0
2011-05-11,9.0
2011-05-12,23.0
2011-05-13,14.0
2011-05-16,26.0
2011-05-17,28.0
2011-05-18,13.0
2011-05-19,14.0
2011-05-20,15.0
2011-05-23,25.0
2011-05-24,24.0
2011-05-25,31.0
2011-05-26,27.0
2011-05-27,4.0
2011-05-31,7.0
2011-06-01,25.0
2011-06-02,32.0
2011-06-03,34.0
2011-06-06,43.0
2011-06-07,38.0
2011-06-08,63.0
2011-06-09,49.0
2011-06-10,59.0
2011-06-13,58.0
2011-06-14,13.0
2011-06-15,41.0
2011-06-16,47.0
2011-06-17,34.0
2011-06-20,37.0
2011-06-21,16.0
2011-06-22,16.0
2011-06-23,31.0
2011-06-24,25.0
2011-06-27,30.0
2011-06-28,11.0
2011-06-29,8.0
2011-06-30,6.0
2011-07-01,5.0
2011-07-05,7.0
2011-07-06,11.0
2011-07-07,8.0
2011-07-08,12.0
2011-07-11,23.0
2011-07-12,33.0
2011-07-13,19.0
2011-07-14,35.0
2011-07-15,36.0
2011-07-18,73.0
2011-07-19,23.0
2011-07-20,18.0
2011-07-21,19.0
2011-07-22,13.0
2011-07-25,21.0
2011-07-26,30.0
2011-07-27,57.0
2011-07-28,54.0
2011-07-29,92.0
2011-08-01,61.0
2011-08-02,107.0
2011-08-03,170.0
2011-08-04,253.0
2011-08-05,328.0
2011-08-08,550.0
2011-08-09,408.0
2011-08-10,151.0
2011-08-11,106.0
2011-08-12,15.0
2011-08-15,4.0
2011-08-16,14.0
2011-08-17,13.0
2011-08-18,174.0
2011-08-19,232.0
2011-08-22,204.0
2011-08-23,140.0
2011-08-24,26.0
2011-08-25,41.0
2011-08-26,82.0
2011-08-29,7.0
2011-08-30,3.0
2011-08-31,4.0
2011-09-01,8.0
2011-09-02,37.0
2011-09-06,159.0
2011-09-07,10.0
2011-09-08,18.0
2011-09-09,120.0
2011-09-12,191.0
2011-09-13,30.0
2011-09-14,26.0
2011-09-15,10.0
2011-09-16,10.0
2011-09-19,41.0
2011-09-20,52.0
2011-09-21,195.0
2011-09-22,505.0
2011-09-23,178.0
2011-09-26,129.0
2011-09-27,14.0
2011-09-28,64.0
2011-09-29,113.0
2011-09-30,183.0
2011-10-03,544.0
2011-10-04,725.0
2011-10-05,22.0
2011-10-06,9.0
2011-10-07,17.0
2011-10-10,6.0
2011-10-11,2.0
2011-10-12,2.0
2011-10-13,4.0
2011-10-14,4.0
2011-10-17,8.0
2011-10-18,10.0
2011-10-19,8.0
2011-10-20,18.0
2011-10-21,8.0
2011-10-24,2.0
2011-10-25,3.0
2011-10-26,5.0
2011-10-27,4.0
2011-10-28,4.0
2011-10-31,6.0
2011-11-01,25.0
2011-11-02,6.0
2011-11-03,8.0
2011-11-04,9.0
2011-11-07,10.0
2011-11-08,8.0
2011-11-09,23.0
2011-11-10,24.0
2011-11-11,8.0
2011-11-14,11.0
2011-11-15,16.0
2011-11-16,24.0
2011-11-17,40.0
2011-11-18,31.0
2011-11-21,79.0
2011-11-22,69.0
2011-11-23,129.0
2011-11-25,106.0
2011-11-28,21.0
2011-11-29,30.0
2011-11-30,9.0
2011-12-01,9.0
2011-12-02,4.0
2011-12-05,2.0
2011-12-06,6.0
2011-12-07,8.0
2011-12-08,15.0
2011-12-09,14.0
2011-12-12,28.0
2011-12-13,44.0
2011-12-14,72.0
2011-12-15,39.0
2011-12-16,43.0
2011-12-19,72.0
2011-12-20,10.0
2011-12-21,19.0
2011-12-22,12.0
2011-12-23,5.0
2011-12-27,12.0
2011-12-28,25.0
2011-12-29,20.0
2011-12-30,10.0
2012-01-03,3.0
2012-01-04,5.0
2012-01-05,10.0
2012-01-06,10.0
2012-01-09,14.0
2012-01-10,6.0
2012-01-11,10.0
2012-01-12,11.0
2012-01-13,17.0
2012-01-17,22.0
2012-01-18,18.0
2012-01-19,17.0
2012-01-20,13.0
2012-01-23,3.0
2012-01-24,9.0
2012-01-25,6.0
2012-01-26,6.0
2012-01-27,5.0
2012-01-30,5.0
2012-01-31,7.0
2012-02-01,7.0
2012-02-02,7.0
2012-02-03,3.0
2012-02-06,1.0
2012-02-07,1.0
2012-02-08,2.0
2012-02-09,4.0
2012-02-10,8.0
2012-02-13,3.0
2012-02-14,2.0
2012-02-15,2.0
2012-02-16,3.0
2012-02-22,2.0
2012-02-27,3.0
2012-02-28,5.0
2012-02-29,9.0
2012-03-01,4.0
2012-03-02,15.0
2012-03-05,17.0
2012-03-06,26.0
2012-03-07,12.0
2012-03-08,7.0
2012-03-09,3.0
2012-03-12,10.0
2012-03-13,5.0
2012-03-14,11.0
2012-03-15,10.0
2012-03-16,4.0
2012-03-19,3.0
2012-03-20,11.0
2012-03-21,6.0
2012-03-22,16.0
2012-03-23,9.0
2012-03-26,10.0
2012-03-27,8.0
2012-03-28,18.0
2012-03-29,24.0
2012-03-30,10.0
2012-04-02,9.0
2012-04-03,20.0
2012-04-04,44.0
2012-04-05,34.0
2012-04-09,50.0
2012-04-10,60.0
2012-04-11,25.0
2012-04-12,11.0
2012-04-13,28.0
2012-04-16,46.0
2012-04-17,18.0
2012-04-18,36.0
2012-04-19,39.0
2012-04-20,29.0
2012-04-23,69.0
2012-04-24,23.0
2012-04-25,13.0
2012-04-26,14.0
2012-04-27,12.0
2012-04-30,11.0
2012-05-01,9.0
2012-05-02,24.0
2012-05-03,36.0
2012-05-04,43.0
2012-05-07,42.0
2012-05-08,65.0
2012-05-09,64.0
2012-05-10,27.0
2012-05-11,38.0
2012-05-14,77.0
2012-05-15,107.0
2012-05-16,115.0
2012-05-17,129.0
2012-05-18,117.0
2012-05-21,52.0
2012-05-22,38.0
2012-05-23,98.0
2012-05-24,41.0
2012-05-25,23.0
2012-05-29,19.0
2012-05-30,53.0
2012-05-31,105.0
2012-06-01,140.0
2012-06-04,135.0
2012-06-05,41.0
2012-06-06,15.0
2012-06-07,17.0
2012-06-08,17.0
2012-06-11,47.0
2012-06-12,47.0
2012-06-13,45.0
2012-06-14,55.0
2012-06-15,27.0
2012-06-18,36.0
2012-06-19,7.0
2012-06-20,4.0
2012-06-21,29.0
2012-06-22,30.0
2012-06-25,77.0
2012-06-26,66.0
2012-06-27,22.0
2012-06-28,34.0
2012-06-29,5.0
2012-07-02,4.0
2012-07-03,2.0
2012-07-05,5.0
2012-07-06,5.0
2012-07-09,9.0
2012-07-10,25.0
2012-07-11,23.0
2012-07-12,51.0
2012-07-13,13.0
2012-07-16,27.0
2012-07-17,38.0
2012-07-18,20.0
2012-07-19,18.0
2012-07-20,35.0
2012-07-23,84.0
2012-07-24,82.0
2012-07-25,66.0
2012-07-26,55.0
2012-07-27,29.0
2012-07-30,11.0
2012-07-31,20.0
2012-08-01,34.0
2012-08-02,58.0
2012-08-03,18.0
2012-08-06,9.0
2012-08-07,10.0
2012-08-08,9.0
2012-08-09,4.0
2012-08-10,3.0
2012-08-13,12.0
2012-08-14,13.0
2012-08-15,8.0
2012-08-16,3.0
2012-08-17,4.0
2012-08-20,5.0
2012-08-21,5.0
2012-08-22,12.0
2012-08-23,9.0
2012-08-24,11.0
2012-08-27,15.0
2012-08-28,21.0
2012-08-29,20.0
2012-08-30,25.0
2012-08-31,17.0
2012-09-04,24.0
2012-09-05,26.0
2012-09-06,9.0
2012-09-07,9.0
2012-09-10,9.0
2012-09-11,12.0
2012-09-12,9.0
2012-09-13,4.0
2012-09-14,1.0
2012-09-17,3.0
2012-09-18,3.0
2012-09-19,3.0
2012-09-20,5.0
2012-09-21,4.0
2012-09-24,7.0
2012-09-25,11.0
2012-09-26,18.0
2012-09-27,7.0
2012-09-28,5.0
2012-10-01,10.0
2012-10-02,15.0
2012-10-03,13.0
2012-10-04,10.0
2012-10-05,2.0
2012-10-08,4.0
2012-10-09,10.0
2012-10-10,21.0
2012-10-11,6.0
2012-10-12,11.0
2012-10-15,12.0
2012-10-16,9.0
2012-10-17,6.0
2012-10-18,8.0
2012-10-19,25.0
2012-10-22,25.0
2012-10-23,32.0
2012-10-24,29.0
2012-10-25,28.0
2012-10-26,28.0
2012-10-31,35.0
2012-11-01,26.0
2012-11-02,34.0
2012-11-05,29.0
2012-11-06,18.0
2012-11-07,61.0
2012-11-08,60.0
2012-11-09,87.0
2012-11-12,71.0
2012-11-13,93.0
2012-11-14,127.0
2012-11-15,151.0
2012-11-16,126.0
2012-11-19,19.0
2012-11-20,31.0
2012-11-21,27.0
2012-11-23,15.0
2012-11-26,3.0
2012-11-27,10.0
2012-11-28,17.0
2012-11-29,6.0
2012-11-30,6.0
2012-12-03,8.0
2012-12-04,9.0
2012-12-05,13.0
2012-12-06,12.0
2012-12-07,17.0
2012-12-10,17.0
2012-12-11,13.0
2012-12-12,10.0
2012-12-13,13.0
2012-12-14,13.0
2012-12-17,13.0
2012-12-18,6.0
2012-12-19,10.0
2012-12-20,10.0
2012-12-21,11.0
2012-12-24,11.0
2012-12-26,13.0
2012-12-27,16.0
2012-12-28,13.0
2012-12-31,15.0
2013-01-02,5.0
2013-01-03,3.0
2013-01-04,1.0
2013-01-07,6.0
2013-01-08,4.0
2013-01-09,3.0
2013-01-10,4.0
2013-01-11,1.0
2013-01-14,2.0
2013-01-15,1.0
2013-01-16,5.0
2013-01-17,2.0
2013-01-18,3.0
2013-01-22,3.0
2013-01-23,4.0
2013-01-24,7.0
2013-01-25,8.0
2013-01-28,10.0
2013-01-29,5.0
2013-01-30,5.0
2013-01-31,6.0
2013-02-01,6.0
2013-02-04,5.0
2013-02-05,6.0
2013-02-06,5.0
2013-02-07,6.0
2013-02-08,3.0
2013-02-11,7.0
2013-02-12,6.0
2013-02-13,6.0
2013-02-14,14.0
2013-02-15,22.0
2013-02-19,12.0
2013-02-20,30.0
2013-02-21,36.0
2013-02-22,12.0
2013-02-25,20.0
2013-02-26,27.0
2013-02-27,11.0
2013-02-28,20.0
2013-03-01,39.0
2013-03-04,32.0
2013-03-05,19.0
2013-03-06,21.0
2013-03-07,2.0
2013-03-08,3.0
2013-03-11,4.0
2013-03-12,3.0
2013-03-13,5.0
2013-03-14,5.0
2013-03-15,8.0
2013-03-18,10.0
2013-03-19,14.0
2013-03-20,12.0
2013-03-21,10.0
2013-03-22,6.0
2013-03-25,14.0
2013-03-26,7.0
2013-03-27,13.0
2013-03-28,7.0
2013-04-01,19.0
2013-04-02,19.0
2013-04-03,35.0
2013-04-04,34.0
2013-04-05,29.0
2013-04-08,9.0
2013-04-09,7.0
2013-04-10,5.0
2013-04-11,6.0
2013-04-12,23.0
2013-04-15,66.0
2013-04-16,38.0
2013-04-17,73.0
2013-04-18,43.0
2013-04-19,18.0
2013-04-22,30.0
2013-04-23,7.0
2013-04-24,5.0
2013-04-25,4.0
2013-04-26,8.0
2013-04-29,4.0
2013-04-30,9.0
2013-05-01,12.0
2013-05-02,11.0
2013-05-03,11.0
2013-05-06,9.0
2013-05-07,5.0
2013-05-08,5.0
2013-05-09,5.0
2013-05-10,6.0
2013-05-13,9.0
2013-05-14,8.0
2013-05-15,18.0
2013-05-16,25.0
2013-05-17,19.0
2013-05-20,17.0
2013-05-21,12.0
2013-05-22,9.0
2013-05-23,14.0
2013-05-24,9.0
2013-05-28,13.0
2013-05-29,22.0
2013-05-30,9.0
2013-05-31,14.0
2013-06-03,19.0
2013-06-04,14.0
2013-06-05,23.0
2013-06-06,22.0
2013-06-07,13.0
2013-06-10,20.0
2013-06-11,37.0
2013-06-12,37.0
2013-06-13,28.0
2013-06-14,16.0
2013-06-17,9.0
2013-06-18,13.0
2013-06-19,39.0
2013-06-20,110.0
2013-06-21,83.0
2013-06-24,138.0
2013-06-25,30.0
2013-06-26,41.0
2013-06-27,16.0
2013-06-28,9.0
2013-07-01,4.0
2013-07-02,15.0
2013-07-03,31.0
2013-07-05,50.0
2013-07-08,12.0
2013-07-09,9.0
2013-07-10,16.0
2013-07-11,6.0
2013-07-12,8.0
2013-07-15,4.0
2013-07-16,4.0
2013-07-17,3.0
2013-07-18,7.0
2013-07-19,4.0
2013-07-22,5.0
2013-07-23,2.0
2013-07-24,2.0
2013-07-25,9.0
2013-07-26,8.0
2013-07-29,12.0
2013-07-30,13.0
2013-07-31,16.0
2013-08-01,13.0
2013-08-02,14.0
2013-08-05,15.0
2013-08-06,30.0
2013-08-07,30.0
2013-08-08,22.0
2013-08-09,17.0
2013-08-12,13.0
2013-08-13,21.0
2013-08-14,29.0
2013-08-15,45.0
2013-08-16,49.0
2013-08-19,80.0
2013-08-20,42.0
2013-08-21,44.0
2013-08-22,20.0
2013-08-23,10.0
2013-08-26,4.0
2013-08-27,31.0
2013-08-28,31.0
2013-08-29,18.0
2013-08-30,32.0
2013-09-03,37.0
2013-09-04,18.0
2013-09-05,16.0
2013-09-06,15.0
2013-09-09,6.0
2013-09-10,6.0
2013-09-11,12.0
2013-09-12,12.0
2013-09-13,13.0
2013-09-16,11.0
2013-09-17,14.0
2013-09-18,10.0
2013-09-19,4.0
2013-09-20,12.0
2013-09-23,18.0
2013-09-24,15.0
2013-09-25,8.0
2013-09-26,13.0
2013-09-27,15.0
2013-09-30,17.0
2013-10-01,8.0
2013-10-02,12.0
2013-10-03,18.0
2013-10-04,20.0
2013-10-07,18.0
2013-10-08,28.0
2013-10-09,32.0
2013-10-10,4.0
2013-10-11,11.0
2013-10-14,8.0
2013-10-15,10.0
2013-10-16,3.0
2013-10-17,5.0
2013-10-18,2.0
2013-10-21,3.0
2013-10-22,3.0
2013-10-23,5.0
2013-10-24,6.0
2013-10-25,6.0
2013-10-28,6.0
2013-10-29,3.0
2013-10-30,11.0
2013-10-31,18.0
2013-11-01,19.0
2013-11-04,10.0
2013-11-05,18.0
2013-11-06,16.0
2013-11-07,25.0
2013-11-08,30.0
2013-11-11,20.0
2013-11-12,17.0
2013-11-13,16.0
2013-11-14,14.0
2013-11-15,10.0
2013-11-18,14.0
2013-11-19,28.0
2013-11-20,26.0
2013-11-21,25.0
2013-11-22,28.0
2013-11-25,30.0
2013-11-26,40.0
2013-11-27,20.0
2013-11-29,7.0
2013-12-02,34.0
2013-12-03,43.0
2013-12-04,37.0
2013-12-05,24.0
2013-12-06,23.0
2013-12-09,22.0
2013-12-10,18.0
2013-12-11,32.0
2013-12-12,66.0
2013-12-13,41.0
2013-12-16,32.0
2013-12-17,33.0
2013-12-18,32.0
2013-12-19,33.0
2013-12-20,14.0
2013-12-23,9.0
2013-12-24,4.0
2013-12-26,3.0
2013-12-27,6.0
2013-12-30,5.0
2013-12-31,2.0
2014-01-02,8.0
2014-01-03,8.0
2014-01-06,9.0
2014-01-07,8.0
2014-01-08,11.0
2014-01-09,19.0
2014-01-10,10.0
2014-01-13,18.0
2014-01-14,10.0
2014-01-15,11.0
2014-01-16,15.0
2014-01-17,16.0
2014-01-21,20.0
2014-01-22,22.0
2014-01-23,32.0
2014-01-24,49.0
2014-01-27,51.0
2014-01-28,30.0
2014-01-29,61.0
2014-01-30,32.0
2014-01-31,53.0
2014-02-03,93.0
2014-02-04,51.0
2014-02-05,68.0
2014-02-06,24.0
2014-02-07,12.0
2014-02-10,13.0
2014-02-11,16.0
2014-02-12,12.0
2014-02-13,17.0
2014-02-14,10.0
2014-02-18,15.0
2014-02-19,15.0
2014-02-20,21.0
2014-02-21,10.0
2014-02-24,10.0
2014-02-25,14.0
2014-02-26,12.0
2014-02-27,13.0
2014-02-28,15.0
2014-03-03,9.0
2014-03-04,5.0
2014-03-05,7.0
2014-03-06,5.0
2014-03-07,8.0
2014-03-10,19.0
2014-03-11,19.0
2014-03-12,31.0
2014-03-13,29.0
2014-03-14,27.0
2014-03-17,14.0
2014-03-18,9.0
2014-03-19,19.0
2014-03-20,25.0
2014-03-21,17.0
2014-03-24,20.0
2014-03-25,11.0
2014-03-26,18.0
2014-03-27,21.0
2014-03-28,8.0
2014-03-31,7.0
2014-04-01,5.0
2014-04-02,1.0
2014-04-03,6.0
2014-04-04,12.0
2014-04-07,18.0
2014-04-08,11.0
2014-04-09,8.0
2014-04-10,22.0
2014-04-11,43.0
2014-04-14,35.0
2014-04-15,38.0
2014-04-16,6.0
2014-04-17,11.0
2014-04-21,12.0
2014-04-22,2.0
2014-04-23,5.0
2014-04-24,13.0
2014-04-25,25.0
2014-04-28,43.0
2014-04-29,23.0
2014-04-30,32.0
2014-05-01,32.0
2014-05-02,13.0
2014-05-05,24.0
2014-05-06,33.0
2014-05-07,65.0
2014-05-08,39.0
2014-05-09,55.0
2014-05-12,14.0
2014-05-13,16.0
2014-05-14,21.0
2014-05-15,48.0
2014-05-16,29.0
2014-05-19,13.0
2014-05-20,34.0
2014-05-21,33.0
2014-05-22,11.0
2014-05-23,7.0
2014-05-27,14.0
2014-05-28,24.0
2014-05-29,17.0
2014-05-30,22.0
2014-06-02,22.0
2014-06-03,24.0
2014-06-04,15.0
2014-06-05,15.0
2014-06-06,5.0
2014-06-09,2.0
2014-06-10,4.0
2014-06-11,5.0
2014-06-12,9.0
2014-06-13,9.0
2014-06-16,6.0
2014-06-17,4.0
2014-06-18,2.0
2014-06-19,7.0
2014-06-20,14.0
2014-06-23,13.0
2014-06-24,16.0
2014-06-25,21.0
2014-06-26,13.0
2014-06-27,9.0
2014-06-30,3.0
2014-07-01,4.0
2014-07-02,9.0
2014-07-03,3.0
2014-07-07,4.0
2014-07-08,14.0
2014-07-09,10.0
2014-07-10,27.0
2014-07-11,17.0
2014-07-14,12.0
2014-07-15,25.0
2014-07-16,19.0
2014-07-17,29.0
2014-07-18,17.0
2014-07-21,23.0
2014-07-22,15.0
2014-07-23,19.0
2014-07-24,13.0
2014-07-25,32.0
2014-07-28,46.0
2014-07-29,36.0
2014-07-30,43.0
2014-07-31,75.0
2014-08-01,80.0
2014-08-04,48.0
2014-08-05,47.0
2014-08-06,39.0
2014-08-07,43.0
2014-08-08,46.0
2014-08-11,14.0
2014-08-12,23.0
2014-08-13,21.0
2014-08-14,19.0
2014-08-15,28.0
2014-08-18,16.0
2014-08-19,12.0
2014-08-20,16.0
2014-08-21,16.0
2014-08-22,10.0
2014-08-25,14.0
2014-08-26,5.0
2014-08-27,4.0
2014-08-28,7.0
2014-08-29,10.0
2014-09-02,9.0
2014-09-03,11.0
2014-09-04,23.0
2014-09-05,22.0
2014-09-08,18.0
2014-09-09,32.0
2014-09-10,41.0
2014-09-11,33.0
2014-09-12,45.0
2014-09-15,59.0
2014-09-16,54.0
2014-09-17,45.0
2014-09-18,59.0
2014-09-19,69.0
2014-09-22,114.0
2014-09-23,103.0
2014-09-24,110.0
2014-09-25,143.0
2014-09-26,105.0
2014-09-29,111.0
2014-09-30,146.0
2014-10-01,210.0
2014-10-02,202.0
2014-10-03,62.0
2014-10-06,70.0
2014-10-07,168.0
2014-10-08,257.0
2014-10-09,206.0
2014-10-10,351.0
2014-10-13,306.0
2014-10-14,242.0
2014-10-15,383.0
2014-10-16,104.0
2014-10-17,13.0
2014-10-20,21.0
2014-10-21,15.0
2014-10-22,20.0
2014-10-23,29.0
2014-10-24,21.0
2014-10-27,48.0
2014-10-28,25.0
2014-10-29,28.0
2014-10-30,51.0
2014-10-31,46.0
2014-11-03,25.0
2014-11-04,70.0
2014-11-05,57.0
2014-11-06,51.0
2014-11-07,30.0
2014-11-10,21.0
2014-11-11,29.0
2014-11-12,35.0
2014-11-13,56.0
2014-11-14,41.0
2014-11-17,29.0
2014-11-18,27.0
2014-11-19,44.0
2014-11-20,28.0
2014-11-21,11.0
2014-11-24,14.0
2014-11-25,19.0
2014-11-26,30.0
2014-11-28,144.0
2014-12-01,199.0
2014-12-02,101.0
2014-12-03,57.0
2014-12-04,98.0
2014-12-05,115.0
2014-12-08,232.0
2014-12-09,174.0
2014-12-10,184.0
2014-12-11,155.0
2014-12-12,263.0
2014-12-15,250.0
2014-12-16,266.0
2014-12-17,68.0
2014-12-18,15.0
2014-12-19,15.0
2014-12-22,15.0
2014-12-23,17.0
2014-12-24,18.0
2014-12-26,12.0
2014-12-29,19.0
2014-12-30,28.0
2014-12-31,21.0
2015-01-02,15.0
2015-01-05,61.0
2015-01-06,96.0
2015-01-07,71.0
2015-01-08,24.0
2015-01-09,59.0
2015-01-12,129.0
2015-01-13,108.0
2015-01-14,190.0
2015-01-15,112.0
2015-01-16,88.0
2015-01-20,90.0
2015-01-21,49.0
2015-01-22,23.0
2015-01-23,33.0
2015-01-26,35.0
2015-01-27,34.0
2015-01-28,90.0
2015-01-29,128.0
2015-01-30,98.0
2015-02-02,55.0
2015-02-03,10.0
2015-02-04,14.0
2015-02-05,11.0
2015-02-06,10.0
2015-02-09,16.0
2015-02-10,23.0
2015-02-11,22.0
2015-02-12,10.0
2015-02-13,5.0
2015-02-17,8.0
2015-02-18,6.0
2015-02-19,10.0
2015-02-20,8.0
2015-02-23,20.0
2015-02-24,13.0
2015-02-25,12.0
2015-02-26,14.0
2015-02-27,25.0
2015-03-02,32.0
2015-03-03,22.0
2015-03-04,33.0
2015-03-05,38.0
2015-03-06,56.0
2015-03-09,71.0
2015-03-10,101.0
2015-03-11,89.0
2015-03-12,40.0
2015-03-13,95.0
2015-03-16,78.0
2015-03-17,50.0
2015-03-18,48.0
2015-03-19,29.0
2015-03-20,20.0
2015-03-23,17.0
2015-03-24,11.0
2015-03-25,12.0
2015-03-26,16.0
2015-03-27,26.0
2015-03-30,15.0
2015-03-31,25.0
2015-04-01,25.0
2015-04-02,10.0
2015-04-06,9.0
2015-04-07,3.0
2015-04-08,4.0
2015-04-09,5.0
2015-04-10,1.0
2015-04-13,3.0
2015-04-14,6.0
2015-04-15,7.0
2015-04-16,5.0
2015-04-17,9.0
2015-04-20,8.0
2015-04-21,8.0
2015-04-22,17.0
2015-04-23,10.0
2015-04-24,7.0
2015-04-27,13.0
2015-04-28,14.0
2015-04-29,24.0
2015-04-30,42.0
2015-05-01,36.0
2015-05-04,14.0
2015-05-05,42.0
2015-05-06,48.0
2015-05-07,42.0
2015-05-08,22.0
2015-05-11,17.0
2015-05-12,50.0
2015-05-13,26.0
2015-05-14,17.0
2015-05-15,10.0
2015-05-18,15.0
2015-05-19,21.0
2015-05-20,22.0
2015-05-21,20.0
2015-05-22,31.0
2015-05-26,54.0
2015-05-27,34.0
2015-05-28,33.0
2015-05-29,40.0
2015-06-01,51.0
2015-06-02,14.0
2015-06-03,28.0
2015-06-04,47.0
2015-06-05,76.0
2015-06-08,61.0
2015-06-09,65.0
2015-06-10,33.0
2015-06-11,34.0
2015-06-12,46.0
2015-06-15,85.0
2015-06-16,54.0
2015-06-17,43.0
2015-06-18,24.0
2015-06-19,24.0
2015-06-22,20.0
2015-06-23,20.0
2015-06-24,30.0
2015-06-25,71.0
2015-06-26,105.0
2015-06-29,152.0
2015-06-30,155.0
2015-07-01,143.0
2015-07-02,81.0
2015-07-06,167.0
2015-07-07,237.0
2015-07-08,156.0
2015-07-09,74.0
2015-07-10,56.0
2015-07-13,60.0
2015-07-14,31.0
2015-07-15,92.0
2015-07-16,90.0
2015-07-17,141.0
2015-07-20,203.0
2015-07-21,133.0
2015-07-22,227.0
2015-07-23,235.0
2015-07-24,303.0
2015-07-27,311.0
2015-07-28,153.0
2015-07-29,51.0
2015-07-30,60.0
2015-07-31,64.0
2015-08-03,150.0
2015-08-04,160.0
2015-08-05,210.0
2015-08-06,255.0
2015-08-07,146.0
2015-08-10,55.0
2015-08-11,100.0
2015-08-12,134.0
2015-08-13,92.0
2015-08-14,80.0
2015-08-17,92.0
2015-08-18,113.0
2015-08-19,200.0
2015-08-20,227.0
2015-08-21,405.0
2015-08-24,800.0
2015-08-25,210.0
2015-08-26,176.0
2015-08-27,14.0
2015-08-28,6.0
2015-08-31,20.0
2015-09-01,84.0
2015-09-02,67.0
2015-09-03,22.0
2015-09-04,127.0
2015-09-08,21.0
2015-09-09,40.0
2015-09-10,90.0
2015-09-11,120.0
2015-09-14,93.0
2015-09-15,54.0
2015-09-16,24.0
2015-09-17,19.0
2015-09-18,94.0
2015-09-21,73.0
2015-09-22,182.0
2015-09-23,211.0
2015-09-24,300.0
2015-09-25,124.0
2015-09-28,394.0
2015-09-29,368.0
2015-09-30,151.0
2015-10-01,127.0
2015-10-02,198.0
2015-10-05,7.0
2015-10-06,8.0
2015-10-07,6.0
2015-10-08,8.0
2015-10-09,8.0
2015-10-12,8.0
2015-10-13,10.0
2015-10-14,23.0
2015-10-15,23.0
2015-10-16,10.0
2015-10-19,16.0
2015-10-20,14.0
2015-10-21,35.0
2015-10-22,43.0
2015-10-23,46.0
2015-10-26,42.0
2015-10-27,96.0
2015-10-28,46.0
2015-10-29,32.0
2015-10-30,41.0
2015-11-02,21.0
2015-11-03,16.0
2015-11-04,19.0
2015-11-05,49.0
2015-11-06,65.0
2015-11-09,68.0
2015-11-10,62.0
2015-11-11,77.0
2015-11-12,135.0
2015-11-13,164.0
2015-11-16,107.0
2015-11-17,99.0
2015-11-18,67.0
2015-11-19,52.0
2015-11-20,77.0
2015-11-23,71.0
2015-11-24,57.0
2015-11-25,33.0
2015-11-27,33.0
2015-11-30,40.0
2015-12-01,32.0
2015-12-02,78.0
2015-12-03,116.0
2015-12-04,141.0
2015-12-07,222.0
2015-12-08,252.0
2015-12-09,114.0
2015-12-10,90.0
2015-12-11,250.0
2015-12-14,350.0
2015-12-15,114.0
2015-12-16,78.0
2015-12-17,139.0
2015-12-18,182.0
2015-12-21,140.0
2015-12-22,51.0
2015-12-23,6.0
2015-12-24,4.0
2015-12-28,13.0
2015-12-29,17.0
2015-12-30,18.0
2015-12-31,32.0
2016-01-04,130.0
2016-01-05,84.0
2016-01-06,234.0
2016-01-07,425.0
2016-01-08,456.0
2016-01-11,496.0
2016-01-12,453.0
2016-01-13,590.0
2016-01-14,548.0
2016-01-15,690.0
2016-01-19,477.0
2016-01-20,927.0
2016-01-21,60.0
2016-01-22,18.0
2016-01-25,80.0
2016-01-26,58.0
2016-01-27,46.0
2016-01-28,92.0
2016-01-29,42.0
2016-02-01,28.0
2016-02-02,106.0
2016-02-03,201.0
2016-02-04,51.0
2016-02-05,124.0
2016-02-08,342.0
2016-02-09,328.0
2016-02-10,129.0
2016-02-11,432.0
2016-02-12,86.0
2016-02-16,29.0
2016-02-17,15.0
2016-02-18,22.0
2016-02-19,34.0
2016-02-22,9.0
2016-02-23,22.0
2016-02-24,52.0
2016-02-25,25.0
2016-02-26,17.0
2016-02-29,16.0
2016-03-01,16.0
2016-03-02,10.0
2016-03-03,8.0
2016-03-04,9.0
2016-03-07,3.0
2016-03-08,8.0
2016-03-09,6.0
2016-03-10,11.0
2016-03-11,6.0
2016-03-14,5.0
2016-03-15,8.0
2016-03-16,13.0
2016-03-17,11.0
2016-03-18,7.0
2016-03-21,4.0
2016-03-22,6.0
2016-03-23,8.0
2016-03-24,13.0
2016-03-28,8.0
2016-03-29,6.0
2016-03-30,1.0
2016-03-31,5.0
2016-04-01,8.0
2016-04-04,5.0
2016-04-05,17.0
2016-04-06,11.0
2016-04-07,15.0
2016-04-08,9.0
2016-04-11,8.0
2016-04-12,9.0
2016-04-13,1.0
2016-04-14,1.0
2016-04-15,2.0
2016-04-18,2.0
2016-04-19,2.0
2016-04-20,1.0
2016-04-21,4.0
2016-04-22,5.0
2016-04-25,1.0
2016-04-26,1.0
2016-04-27,3.0
2016-04-28,9.0
2016-04-29,7.0
2016-05-02,8.0
2016-05-03,22.0
2016-05-04,23.0
2016-05-05,21.0
2016-05-06,28.0
2016-05-09,16.0
2016-05-10,13.0
2016-05-11,24.0
2016-05-12,36.0
2016-05-13,36.0
2016-05-16,14.0
2016-05-17,23.0
2016-05-18,26.0
2016-05-19,27.0
2016-05-20,14.0
2016-05-23,5.0
2016-05-24,13.0
2016-05-25,6.0
2016-05-26,13.0
2016-05-27,9.0
2016-05-31,3.0
2016-06-01,6.0
2016-06-02,4.0
2016-06-03,4.0
2016-06-06,4.0
2016-06-07,3.0
2016-06-08,2.0
2016-06-09,4.0
2016-06-10,19.0
2016-06-13,30.0
2016-06-14,40.0
2016-06-15,10.0
2016-06-16,38.0
2016-06-17,12.0
2016-06-20,6.0
2016-06-21,12.0
2016-06-22,13.0
2016-06-23,4.0
2016-06-24,48.0
2016-06-27,124.0
2016-06-28,26.0
2016-06-29,10.0
2016-06-30,19.0
2016-07-01,6.0
2016-07-05,25.0
2016-07-06,42.0
2016-07-07,19.0
2016-07-08,8.0
2016-07-11,4.0
2016-07-12,1.0
2016-07-13,2.0
2016-07-14,1.0
2016-07-15,4.0
2016-07-18,4.0
2016-07-19,2.0
2016-07-20,2.0
2016-07-21,3.0
2016-07-22,5.0
2016-07-25,7.0
2016-07-26,4.0
2016-07-27,7.0
2016-07-28,12.0
2016-07-29,13.0
2016-08-01,12.0
2016-08-02,19.0
2016-08-03,17.0
2016-08-04,6.0
2016-08-05,4.0
2016-08-08,3.0
2016-08-09,5.0
2016-08-10,8.0
2016-08-11,6.0
2016-08-12,11.0
2016-08-15,5.0
2016-08-16,7.0
2016-08-17,14.0
2016-08-18,10.0
2016-08-19,7.0
2016-08-22,9.0
2016-08-23,5.0
2016-08-24,8.0
2016-08-25,12.0
2016-08-26,11.0
2016-08-29,6.0
2016-08-30,6.0
2016-08-31,13.0
2016-09-01,17.0
2016-09-02,6.0
2016-09-06,4.0
2016-09-07,5.0
2016-09-08,5.0
2016-09-09,14.0
2016-09-12,23.0
2016-09-13,23.0
2016-09-14,18.0
2016-09-15,17.0
2016-09-16,15.0
2016-09-19,8.0
2016-09-20,18.0
2016-09-21,15.0
2016-09-23,5.0
2016-09-26,9.0
2016-09-27,18.0
2016-09-28,11.0
2016-09-29,20.0
2016-09-30,16.0
2016-10-03,10.0
2016-10-04,20.0
2016-10-05,12.0
2016-10-06,20.0
2016-10-07,15.0
2016-10-10,7.0
2016-10-11,24.0
2016-10-12,23.0
2016-10-13,33.0
2016-10-14,16.0
2016-10-17,25.0
2016-10-18,13.0
2016-10-19,10.0
2016-10-20,17.0
2016-10-21,22.0
2016-10-24,11.0
2016-10-25,22.0
2016-10-26,36.0
2016-10-27,59.0
2016-10-28,57.0
2016-10-31,49.0
2016-11-01,63.0
2016-11-02,71.0
2016-11-03,75.0
2016-11-04,55.0
2016-11-07,21.0
2016-11-08,44.0
2016-11-09,54.0
2016-11-10,30.0
2016-11-11,26.0
2016-11-14,96.0
2016-11-15,10.0
2016-11-16,11.0
2016-11-17,10.0
2016-11-18,21.0
2016-11-21,12.0
2016-11-22,14.0
2016-11-23,22.0
2016-11-25,4.0
2016-11-28,6.0
2016-11-29,7.0
2016-11-30,14.0
2016-12-01,30.0
2016-12-02,22.0
2016-12-05,9.0
2016-12-06,8.0
2016-12-07,7.0
2016-12-08,8.0
2016-12-09,3.0
2016-12-12,3.0
2016-12-13,2.0
2016-12-14,8.0
2016-12-15,11.0
2016-12-16,10.0
2016-12-19,8.0
2016-12-20,9.0
2016-12-21,7.0
2016-12-22,11.0
2016-12-23,11.0
2016-12-27,10.0
2016-12-28,13.0
2016-12-29,10.0
2016-12-30,8.0
2017-01-03,6.0
2017-01-04,3.0
2017-01-05,3.0
2017-01-06,4.0
2017-01-09,8.0
2017-01-10,7.0
2017-01-11,12.0
2017-01-12,12.0
2017-01-13,7.0
2017-01-17,9.0
2017-01-18,12.0
2017-01-19,14.0
2017-01-20,12.0
2017-01-23,11.0
2017-01-24,7.0
2017-01-25,5.0
2017-01-26,6.0
2017-01-27,13.0
2017-01-30,19.0
2017-01-31,13.0
2017-02-01,8.0
2017-02-02,15.0
2017-02-03,12.0
2017-02-06,9.0
2017-02-07,15.0
2017-02-08,20.0
2017-02-09,6.0
2017-02-10,3.0
2017-02-13,2.0
2017-02-14,2.0
2017-02-15,5.0
2017-02-16,5.0
2017-02-17,5.0
2017-02-21,4.0
2017-02-22,8.0
2017-02-23,10.0
2017-02-24,13.0
2017-02-27,8.0
2017-02-28,7.0
2017-03-01,19.0
2017-03-02,17.0
2017-03-03,21.0
2017-03-06,38.0
2017-03-07,34.0
2017-03-08,35.0
2017-03-09,46.0
2017-03-10,32.0
2017-03-13,25.0
2017-03-14,37.0
2017-03-15,10.0
2017-03-16,5.0
2017-03-17,5.0
2017-03-20,16.0
2017-03-21,36.0
2017-03-22,52.0
2017-03-23,20.0
2017-03-24,13.0
2017-03-27,26.0
2017-03-28,13.0
2017-03-29,4.0
2017-03-30,7.0
2017-03-31,5.0
2017-04-03,15.0
2017-04-04,26.0
2017-04-05,28.0
2017-04-06,16.0
2017-04-07,9.0
2017-04-10,7.0
2017-04-11,4.0
2017-04-12,9.0
2017-04-13,17.0
2017-04-17,16.0
2017-04-18,15.0
2017-04-19,17.0
2017-04-20,15.0
2017-04-21,13.0
2017-04-24,11.0
2017-04-25,8.0
2017-04-26,11.0
2017-04-27,20.0
2017-04-28,26.0
2017-05-01,35.0
2017-05-02,29.0
2017-05-03,41.0
2017-05-04,70.0
2017-05-05,24.0
2017-05-08,27.0
2017-05-09,27.0
2017-05-10,18.0
2017-05-11,34.0
2017-05-12,36.0
2017-05-15,37.0
2017-05-16,56.0
2017-05-17,71.0
2017-05-18,66.0
2017-05-19,32.0
2017-05-22,17.0
2017-05-23,25.0
2017-05-24,30.0
2017-05-25,36.0
2017-05-26,34.0
2017-05-30,50.0
2017-05-31,77.0
2017-06-01,21.0
2017-06-02,22.0
2017-06-05,29.0
2017-06-06,36.0
2017-06-07,51.0
2017-06-08,42.0
2017-06-09,26.0
2017-06-12,8.0
2017-06-13,9.0
2017-06-14,19.0
2017-06-15,48.0
2017-06-16,53.0
2017-06-19,26.0
2017-06-20,67.0
2017-06-21,89.0
2017-06-22,55.0
2017-06-23,29.0
2017-06-26,9.0
2017-06-27,10.0
2017-06-28,13.0
2017-06-29,22.0
2017-06-30,13.0
2017-07-03,5.0
2017-07-05,20.0
2017-07-06,42.0
2017-07-07,60.0
2017-07-10,46.0
2017-07-11,37.0
2017-07-12,13.0
2017-07-13,13.0
2017-07-14,7.0
2017-07-17,9.0
2017-07-18,19.0
2017-07-19,15.0
2017-07-20,7.0
2017-07-21,10.0
2017-07-24,18.0
2017-07-25,9.0
2017-07-26,8.0
2017-07-27,21.0
2017-07-28,20.0
2017-07-31,20.0
2017-08-01,25.0
2017-08-02,49.0
2017-08-03,58.0
2017-08-04,48.0
2017-08-07,43.0
2017-08-08,52.0
2017-08-09,65.0
2017-08-10,94.0
2017-08-11,110.0
2017-08-14,36.0
2017-08-15,94.0
2017-08-16,72.0
2017-08-17,109.0
2017-08-18,123.0
2017-08-21,106.0
2017-08-22,31.0
2017-08-23,40.0
2017-08-24,31.0
2017-08-25,16.0
2017-08-28,43.0
2017-08-29,50.0
2017-08-30,34.0
2017-08-31,17.0
2017-09-01,12.0
2017-09-05,23.0
2017-09-06,17.0
2017-09-07,31.0
2017-09-08,38.0
2017-09-11,5.0
2017-09-12,3.0
2017-09-13,3.0
2017-09-14,2.0
2017-09-15,2.0
2017-09-18,7.0
2017-09-19,15.0
2017-09-20,15.0
2017-09-21,11.0
2017-09-22,12.0
2017-09-25,10.0
2017-09-26,6.0
2017-09-27,12.0
2017-09-28,11.0
2017-09-29,9.0
2017-10-02,14.0
2017-10-03,4.0
2017-10-04,5.0
2017-10-05,3.0
2017-10-06,8.0
2017-10-09,13.0
2017-10-10,9.0
2017-10-11,7.0
2017-10-12,19.0
2017-10-13,22.0
2017-10-16,19.0
2017-10-17,17.0
2017-10-18,15.0
2017-10-19,21.0
2017-10-20,21.0
2017-10-23,28.0
2017-10-24,36.0
2017-10-25,62.0
2017-10-26,47.0
2017-10-27,55.0
2017-10-30,32.0
2017-10-31,41.0
2017-11-01,39.0
2017-11-02,67.0
2017-11-03,57.0
2017-11-06,44.0
2017-11-07,50.0
2017-11-08,59.0
2017-11-09,39.0
2017-11-10,35.0
2017-11-13,52.0
2017-11-14,57.0
2017-11-15,70.0
2017-11-16,23.0
2017-11-17,14.0
2017-11-20,22.0
2017-11-21,16.0
2017-11-22,11.0
2017-11-24,9.0
2017-11-27,19.0
2017-11-28,29.0
2017-11-29,29.0
2017-11-30,27.0
2017-12-01,11.0
2017-12-04,10.0
2017-12-05,17.0
2017-12-06,24.0
2017-12-07,31.0
2017-12-08,15.0
2017-12-11,12.0
2017-12-12,12.0
2017-12-13,12.0
2017-12-14,28.0
2017-12-15,20.0
2017-12-18,6.0
2017-12-19,17.0
2017-12-20,17.0
2017-12-21,21.0
2017-12-22,11.0
2017-12-26,9.0
2017-12-27,13.0
2017-12-28,12.0
2017-12-29,8.0
2018-01-02,15.0
2018-01-03,19.0
2018-01-04,20.0
2018-01-05,22.0
2018-01-08,16.0
2018-01-09,26.0
2018-01-10,42.0
2018-01-11,21.0
2018-01-12,33.0
2018-01-16,24.0
2018-01-17,27.0
2018-01-18,37.0
2018-01-19,32.0
2018-01-22,14.0
2018-01-23,11.0
2018-01-24,9.0
2018-01-25,19.0
2018-01-26,20.0
2018-01-29,50.0
2018-01-30,67.0
2018-01-31,58.0
2018-02-01,65.0
2018-02-02,117.0
2018-02-05,178.0
2018-02-06,219.0
2018-02-07,28.0
2018-02-08,143.0
2018-02-09,203.0
2018-02-12,63.0
2018-02-13,21.0
2018-02-14,31.0
2018-02-15,14.0
2018-02-16,7.0
2018-02-20,13.0
2018-02-21,36.0
2018-02-22,43.0
2018-02-23,21.0
2018-02-26,15.0
2018-02-27,37.0
2018-02-28,92.0
2018-03-01,117.0
2018-03-02,101.0
2018-03-05,26.0
2018-03-06,18.0
2018-03-07,26.0
2018-03-08,23.0
2018-03-09,17.0
2018-03-12,11.0
2018-03-13,13.0
2018-03-14,24.0
2018-03-15,69.0
2018-03-16,32.0
2018-03-19,53.0
2018-03-20,54.0
2018-03-21,36.0
2018-03-22,65.0
2018-03-23,114.0
2018-03-26,84.0
2018-03-27,56.0
2018-03-28,53.0
2018-03-29,24.0
2018-04-02,80.0
2018-04-03,47.0
2018-04-04,39.0
2018-04-05,6.0
2018-04-06,27.0
2018-04-09,24.0
2018-04-10,12.0
2018-04-11,14.0
2018-04-12,17.0
2018-04-13,16.0
2018-04-16,9.0
2018-04-17,8.0
2018-04-18,8.0
2018-04-19,30.0
2018-04-20,45.0
2018-04-23,46.0
2018-04-24,41.0
2018-04-25,39.0
2018-04-26,36.0
2018-04-27,27.0
2018-04-30,37.0
2018-05-01,70.0
2018-05-02,47.0
2018-05-03,90.0
2018-05-04,41.0
2018-05-07,31.0
2018-05-08,34.0
2018-05-09,33.0
2018-05-10,16.0
2018-05-11,15.0
2018-05-14,15.0
2018-05-15,47.0
2018-05-16,19.0
2018-05-17,21.0
2018-05-18,33.0
2018-05-21,27.0
2018-05-22,11.0
2018-05-23,27.0
2018-05-24,23.0
2018-05-25,29.0
2018-05-29,53.0
2018-05-30,26.0
2018-05-31,47.0
2018-06-01,30.0
2018-06-04,20.0
2018-06-05,35.0
2018-06-06,33.0
2018-06-07,38.0
2018-06-08,16.0
2018-06-11,13.0
2018-06-12,10.0
2018-06-13,15.0
2018-06-14,19.0
2018-06-15,39.0
2018-06-18,41.0
2018-06-19,37.0
2018-06-20,20.0
2018-06-21,36.0
2018-06-22,18.0
2018-06-25,59.0
2018-06-26,39.0
2018-06-27,79.0
2018-06-28,102.0
2018-06-29,35.0
2018-07-02,63.0
2018-07-03,12.0
2018-07-05,17.0
2018-07-06,12.0
2018-07-09,5.0
2018-07-10,7.0
2018-07-11,15.0
2018-07-12,18.0
2018-07-13,16.0
2018-07-16,25.0
2018-07-17,11.0
2018-07-18,20.0
2018-07-19,25.0
2018-07-20,18.0
2018-07-23,20.0
2018-07-24,23.0
2018-07-25,35.0
2018-07-26,20.0
2018-07-27,20.0
2018-07-30,20.0
2018-07-31,19.0
2018-08-01,27.0
2018-08-02,43.0
2018-08-03,22.0
2018-08-06,21.0
2018-08-07,26.0
2018-08-08,33.0
2018-08-09,25.0
2018-08-10,64.0
2018-08-13,87.0
2018-08-14,51.0
2018-08-15,106.0
2018-08-16,37.0
2018-08-17,34.0
2018-08-20,19.0
2018-08-21,10.0
2018-08-22,14.0
2018-08-23,32.0
2018-08-24,23.0
2018-08-27,8.0
2018-08-28,16.0
2018-08-29,18.0
2018-08-30,33.0
2018-08-31,28.0
2018-09-04,58.0
2018-09-05,68.0
2018-09-06,60.0
2018-09-07,72.0
2018-09-10,48.0
2018-09-11,78.0
2018-09-12,39.0
2018-09-13,37.0
2018-09-14,31.0
2018-09-17,25.0
2018-09-18,20.0
2018-09-19,18.0
2018-09-20,6.0
2018-09-21,13.0
2018-09-24,26.0
2018-09-25,30.0
2018-09-26,48.0
2018-09-27,66.0
2018-09-28,81.0
2018-10-01,59.0
2018-10-02,56.0
2018-10-03,53.0
2018-10-04,74.0
2018-10-05,117.0
2018-10-08,99.0
2018-10-09,96.0
2018-10-10,167.0
2018-10-11,245.0
2018-10-12,239.0
2018-10-15,82.0
2018-10-16,51.0
2018-10-17,59.0
2018-10-18,163.0
2018-10-19,170.0
2018-10-22,196.0
2018-10-23,325.0
2018-10-24,334.0
2018-10-25,185.0
2018-10-26,312.0
2018-10-29,224.0
2018-10-30,151.0
2018-10-31,52.0
2018-11-01,30.0
2018-11-02,34.0
2018-11-05,19.0
2018-11-06,34.0
2018-11-07,28.0
2018-11-08,35.0
2018-11-09,60.0
2018-11-12,77.0
2018-11-13,89.0
2018-11-14,91.0
2018-11-15,117.0
2018-11-16,66.0
2018-11-19,70.0
2018-11-20,211.0
2018-11-21,39.0
2018-11-23,80.0
2018-11-26,53.0
2018-11-27,91.0
2018-11-28,90.0
2018-11-29,32.0
2018-11-30,57.0
2018-12-03,32.0
2018-12-04,156.0
2018-12-05,0.01
2018-12-06,326.0
2018-12-07,172.0
2018-12-10,355.0
2018-12-11,190.0
2018-12-12,70.0
2018-12-13,210.0
2018-12-14,342.0
2018-12-17,446.0
2018-12-18,322.0
2018-12-19,501.0
2018-12-20,669.0
2018-12-21,622.0
2018-12-24,803.0
2018-12-26,621.0
2018-12-27,93.0
2018-12-28,26.0
2018-12-31,40.0
2019-01-02,46.0
2019-01-03,30.0
2019-01-04,6.0
2019-01-07,8.0
2019-01-08,6.0
2019-01-09,4.0
2019-01-10,4.0
2019-01-11,4.0
2019-01-14,13.0
2019-01-15,8.0
2019-01-16,5.0
2019-01-17,6.0
2019-01-18,6.0
2019-01-22,14.0
2019-01-23,7.0
2019-01-24,11.0
2019-01-25,3.0
2019-01-28,12.0
2019-01-29,6.0
2019-01-30,11.0
2019-01-31,2.0
2019-02-01,9.0
2019-02-04,4.0
2019-02-05,4.0
2019-02-06,5.0
2019-02-07,18.0
2019-02-08,16.0
2019-02-11,11.0
2019-02-12,3.0
2019-02-13,4.0
2019-02-14,5.0
2019-02-15,1.0
2019-02-19,3.0
2019-02-20,3.0
2019-02-21,4.0
2019-02-22,3.0
2019-02-25,3.0
2019-02-26,7.0
2019-02-27,15.0
2019-02-28,10.0
2019-03-01,10.0
2019-03-04,11.0
2019-03-05,18.0
2019-03-06,26.0
2019-03-07,38.0
2019-03-08,43.0
2019-03-11,20.0
2019-03-12,9.0
2019-03-13,12.0
2019-03-14,15.0
2019-03-15,14.0
2019-03-18,11.0
2019-03-19,10.0
2019-03-20,33.0
2019-03-21,21.0
2019-03-22,48.0
2019-03-25,52.0
2019-03-26,18.0
2019-03-27,23.0
2019-03-28,22.0
2019-03-29,16.0
2019-04-01,9.0
2019-04-02,12.0
2019-04-03,12.0
2019-04-04,7.0
2019-04-05,6.0
2019-04-08,4.0
2019-04-09,12.0
2019-04-10,10.0
2019-04-11,12.0
2019-04-12,14.0
2019-04-15,14.0
2019-04-16,18.0
2019-04-17,23.0
2019-04-18,20.0
2019-04-22,26.0
2019-04-23,16.0
2019-04-24,18.0
2019-04-25,36.0
2019-04-26,23.0
2019-04-29,12.0
2019-04-30,25.0
2019-05-01,32.0
2019-05-02,49.0
2019-05-03,10.0
2019-05-06,22.0
2019-05-07,34.0
2019-05-08,33.0
2019-05-09,70.0
2019-05-10,54.0
2019-05-13,97.0
2019-05-14,43.0
2019-05-15,52.0
2019-05-16,37.0
2019-05-17,60.0
2019-05-20,93.0
2019-05-21,48.0
2019-05-22,70.0
2019-05-23,145.0
2019-05-24,70.0
2019-05-28,89.0
2019-05-29,171.0
2019-05-30,104.0
2019-05-31,213.0
2019-06-03,92.0
2019-06-04,14.0
2019-06-05,52.0
2019-06-06,78.0
2019-06-07,38.0
2019-06-10,21.0
2019-06-11,27.0
2019-06-12,65.0
2019-06-13,34.0
2019-06-14,54.0
2019-06-17,62.0
2019-06-18,22.0
2019-06-19,22.0
2019-06-20,25.0
2019-06-21,44.0
2019-06-24,54.0
2019-06-25,61.0
2019-06-26,41.0
2019-06-27,24.0
2019-06-28,11.0
2019-07-01,6.0
2019-07-02,23.0
2019-07-03,17.0
2019-07-05,15.0
2019-07-08,21.0
2019-07-09,33.0
2019-07-10,20.0
2019-07-11,36.0
2019-07-12,20.0
2019-07-15,33.0
2019-07-16,31.0
2019-07-17,54.0
2019-07-18,79.0
2019-07-19,63.0
2019-07-22,67.0
2019-07-23,48.0
2019-07-24,24.0
2019-07-25,56.0
2019-07-26,53.0
2019-07-29,59.0
2019-07-30,60.0
2019-07-31,38.0
2019-08-01,112.0
2019-08-02,136.0
2019-08-05,231.0
2019-08-06,145.0
2019-08-07,185.0
2019-08-08,42.0
2019-08-09,96.0
2019-08-12,175.0
2019-08-13,116.0
2019-08-14,244.0
2019-08-15,244.0
2019-08-16,42.0
2019-08-19,18.0
2019-08-20,45.0
2019-08-21,32.0
2019-08-22,41.0
2019-08-23,172.0
2019-08-26,114.0
2019-08-27,183.0
2019-08-28,156.0
2019-08-29,41.0
2019-08-30,27.0
2019-09-03,76.0
2019-09-04,25.0
2019-09-05,6.0
2019-09-06,15.0
2019-09-09,9.0
2019-09-10,3.0
2019-09-11,2.0
2019-09-12,3.0
2019-09-13,5.0
2019-09-16,6.0
2019-09-17,3.0
2019-09-18,5.0
2019-09-19,3.0
2019-09-20,10.0
2019-09-23,12.0
2019-09-24,20.0
2019-09-25,15.0
2019-09-26,26.0
2019-09-27,21.0
2019-09-30,17.0
2019-10-01,45.0
2019-10-02,78.0
2019-10-03,75.0
2019-10-04,25.0
2019-10-07,25.0
2019-10-08,73.0
2019-10-09,56.0
2019-10-10,36.0
2019-10-11,9.0
2019-10-14,30.0
2019-10-15,17.0
2019-10-16,20.0
2019-10-17,20.0
2019-10-18,25.0
2019-10-21,23.0
2019-10-22,19.0
2019-10-23,15.0
2019-10-24,18.0
2019-10-25,19.0
2019-10-28,13.0
2019-10-29,27.0
2019-10-30,33.0
2019-10-31,52.0
2019-11-01,17.0
2019-11-04,7.0
2019-11-05,15.0
2019-11-06,18.0
2019-11-07,26.0
2019-11-08,26.0
2019-11-11,37.0
2019-11-12,40.0
2019-11-13,46.0
2019-11-14,46.0
2019-11-15,35.0
2019-11-18,45.0
2019-11-19,54.0
2019-11-20,50.0
2019-11-21,43.0
2019-11-22,18.0
2019-11-25,8.0
2019-11-26,13.0
2019-11-27,11.0
2019-11-29,18.0
2019-12-02,27.0
2019-12-03,43.0
2019-12-04,8.0
2019-12-05,11.0
2019-12-06,8.0
2019-12-09,7.0
2019-12-10,12.0
2019-12-11,7.0
2019-12-12,8.0
2019-12-13,8.0
2019-12-16,7.0
2019-12-17,4.0
2019-12-18,3.0
2019-12-19,8.0
2019-12-20,3.0
2019-12-23,8.0
2019-12-24,1.0
2019-12-26,3.0
2019-12-27,2.0
2019-12-30,3.0
2019-12-31,6.0
2020-01-02,2.0
2020-01-03,7.0
2020-01-06,5.0
2020-01-07,8.0
2020-01-08,8.0
2020-01-09,10.0
2020-01-10,14.0
2020-01-13,18.0
2020-01-14,6.0
2020-01-15,6.0
2020-01-16,5.0
2020-01-17,7.0
2020-01-21,24.0
2020-01-22,22.0
2020-01-23,37.0
2020-01-24,44.0
2020-01-27,72.0
2020-01-28,42.0
2020-01-29,48.0
2020-01-30,87.0
2020-01-31,102.0
2020-02-03,73.0
2020-02-04,35.0
2020-02-05,13.0
2020-02-06,24.0
2020-02-07,48.0
2020-02-10,73.0
2020-02-11,38.0
2020-02-12,20.0
2020-02-13,36.0
2020-02-14,50.0
2020-02-18,65.0
2020-02-19,49.0
2020-02-20,57.0
2020-02-21,76.0
2020-02-24,187.0
2020-02-25,268.0
2020-02-26,266.0
2020-02-27,467.0
2020-02-28,534.0
2020-03-02,136.0
2020-03-03,144.0
2020-03-04,112.0
2020-03-05,323.0
2020-03-06,536.0
2020-03-09,906.0
2020-03-10,448.0
2020-03-11,645.0
2020-03-12,1231.0
2020-03-13,440.0
2020-03-16,1145.0
2020-03-17,833.0
2020-03-18,1073.0
2020-03-19,458.0
2020-03-20,225.0
2020-03-23,537.0
2020-03-24,39.0
2020-03-25,33.0
2020-03-26,8.0
2020-03-27,19.0
2020-03-30,34.0
2020-03-31,10.0
2020-04-01,66.0
2020-04-02,78.0
2020-04-03,117.0
2020-04-06,8.0
2020-04-07,8.0
2020-04-08,1.0
2020-04-09,0.01
2020-04-13,4.0
2020-04-14,2.0
2020-04-15,8.0
2020-04-16,17.0
2020-04-17,3.0
2020-04-20,8.0
2020-04-21,20.0
2020-04-22,15.0
2020-04-23,12.0
2020-04-24,19.0
2020-04-27,6.0
2020-04-28,3.0
2020-04-29,3.0
2020-04-30,0.01
2020-05-01,2.0
2020-05-04,10.0
2020-05-05,5.0
2020-05-06,11.0
2020-05-07,10.0
2020-05-08,2.0
2020-05-11,10.0
2020-05-12,19.0
2020-05-13,50.0
2020-05-14,82.0
2020-05-15,9.0
2020-05-18,0.01
2020-05-19,2.0
2020-05-20,0.01
2020-05-21,1.0
2020-05-22,6.0
2020-05-26,0.01
2020-05-27,1.0
2020-05-28,0.01
2020-05-29,7.0
2020-06-01,1.0
2020-06-02,0.01
2020-06-03,0.01
2020-06-04,0.01
2020-06-05,0.01
2020-06-08,1.0
2020-06-09,0.01
2020-06-10,0.01
2020-06-11,0.01
2020-06-12,1.0
2020-06-15,1.0
2020-06-16,0.01
2020-06-17,0.01
2020-06-18,1.0
2020-06-19,3.0
2020-06-22,3.0
2020-06-23,3.0
2020-06-24,8.0
2020-06-25,8.0
2020-06-26,11.0
2020-06-29,1.0
2020-06-30,3.0
2020-07-01,0.01
2020-07-02,1.0
2020-07-06,1.0
2020-07-07,2.0
2020-07-08,4.0
2020-07-09,7.0
2020-07-10,1.0
2020-07-13,4.0
2020-07-14,8.0
2020-07-15,0.01
2020-07-16,1.0
2020-07-17,0.01
2020-07-20,4.0
2020-07-21,1.0
2020-07-22,3.0
2020-07-23,3.0
2020-07-24,3.0
2020-07-27,4.0
2020-07-28,4.0
2020-07-29,5.0
2020-07-30,4.0
2020-07-31,5.0
2020-08-03,8.0
2020-08-04,4.0
2020-08-05,2.0
2020-08-06,1.0
2020-08-07,4.0
2020-08-10,1.0
2020-08-11,1.0
2020-08-12,0.01
2020-08-13,0.01
2020-08-14,2.0
2020-08-17,2.0
2020-08-18,2.0
2020-08-19,4.0
2020-08-20,6.0
2020-08-21,7.0
2020-08-24,5.0
2020-08-25,5.0
2020-08-26,7.0
2020-08-27,7.0
2020-08-28,6.0
2020-08-31,6.0
2020-09-01,10.0
2020-09-02,8.0
2020-09-03,7.0
2020-09-04,11.0
2020-09-08,15.0
2020-09-09,14.0
2020-09-10,16.0
2020-09-11,11.0
2020-09-14,4.0
2020-09-15,5.0
2020-09-16,4.0
2020-09-17,6.0
2020-09-18,14.0
2020-09-21,28.0
2020-09-22,16.0
2020-09-23,39.0
2020-09-24,44.0
2020-09-25,16.0
2020-09-28,3.0
2020-09-29,10.0
2020-09-30,3.0
2020-10-01,11.0
2020-10-02,13.0
2020-10-05,3.0
2020-10-06,3.0
2020-10-07,6.0
2020-10-08,2.0
2020-10-09,2.0
2020-10-12,2.0
2020-10-13,1.0
2020-10-14,7.0
2020-10-15,10.0
2020-10-16,6.0
2020-10-19,9.0
2020-10-20,4.0
2020-10-21,9.0
2020-10-22,12.0
2020-10-23,4.0
2020-10-26,15.0
2020-10-27,15.0
2020-10-28,51.0
2020-10-29,58.0
2020-10-30,20.0
2020-11-02,6.0
2020-11-03,3.0
2020-11-04,6.0
2020-11-05,8.0
2020-11-06,7.0
2020-11-09,3.0
2020-11-10,4.0
2020-11-11,1.0
2020-11-12,1.0
2020-11-13,1.0
2020-11-16,0.01
2020-11-17,0.01
2020-11-18,1.0
2020-11-19,1.0
2020-11-20,1.0
2020-11-23,1.0
2020-11-24,0.01
2020-11-25,0.01
2020-11-27,0.01
2020-11-30,1.0
2020-12-01,1.0
2020-12-02,1.0
2020-12-03,0.01
2020-12-04,1.0
2020-12-07,1.0
2020-12-08,1.0
2020-12-09,1.0
2020-12-10,2.0
2020-12-11,1.0
2020-12-14,1.0
2020-12-15,2.0
2020-12-16,4.0
2020-12-17,5.0
2020-12-18,1.0
2020-12-21,3.0
2020-12-22,1.0
2020-12-23,0.01
2020-12-24,1.0
2020-12-28,1.0
2020-12-29,1.0
2020-12-30,0.01
2020-12-31,2.0
2021-01-04,3.0
2021-01-05,3.0
2021-01-06,1.0
2021-01-07,1.0
2021-01-08,0.01
2021-01-11,0.01
2021-01-12,0.01
2021-01-13,0.01
2021-01-14,0.01
2021-01-15,1.0
2021-01-19,0.01
2021-01-20,1.0
2021-01-21,0.01
2021-01-22,1.0
2021-01-25,1.0
2021-01-26,1.0
2021-01-27,0.01
2021-01-28,0.01
2021-01-29,0.01
2021-02-01,0.01
2021-02-02,0.01
2021-02-03,0.01
2021-02-04,0.01
2021-02-05,0.01
2021-02-08,0.01
2021-02-09,0.01
2021-02-10,0.01
2021-02-11,0.01
2021-02-12,0.01
2021-02-16,0.01
2021-02-17,0.01
2021-02-18,1.0
2021-02-19,2.0
2021-02-22,3.0
2021-02-23,2.0
2021-02-24,1.0
2021-02-25,0.01
2021-02-26,4.0
2021-03-01,0.01
2021-03-02,3.0
2021-03-03,3.0
2021-03-04,4.0
2021-03-05,5.0
2021-03-08,3.0
2021-03-09,0.01
2021-03-10,2.0
2021-03-11,0.01
2021-03-12,0.01
2021-03-15,0.01
2021-03-16,0.01
2021-03-17,1.0
2021-03-18,0.01
2021-03-19,1.0
2021-03-22,0.01
2021-03-23,0.01
2021-03-24,1.0
2021-03-25,2.0
2021-03-26,3.0
2021-03-29,4.0
2021-03-30,2.0
2021-03-31,1.0
2021-04-01,2.0
2021-04-05,2.0
2021-04-06,1.0
2021-04-07,1.0
2021-04-08,1.0
2021-04-09,4.0
2021-04-12,6.0
2021-04-13,5.0
2021-04-14,4.0
2021-04-15,8.0
2021-04-16,8.0
2021-04-19,9.0
2021-04-20,10.0
2021-04-21,7.0
2021-04-22,0.01
2021-04-23,1.0
2021-04-26,1.0
2021-04-27,2.0
2021-04-28,1.0
2021-04-29,1.0
2021-04-30,7.0
2021-05-03,4.0
2021-05-04,6.0
2021-05-05,6.0
2021-05-06,7.0
2021-05-07,5.0
2021-05-10,7.0
2021-05-11,17.0
2021-05-12,11.0
2021-05-13,20.0
2021-05-14,3.0
2021-05-17,4.0
2021-05-18,4.0
2021-05-19,12.0
2021-05-20,6.0
2021-05-21,4.0
2021-05-24,9.0
2021-05-25,9.0
2021-05-26,7.0
2021-05-27,6.0
2021-05-28,5.0
2021-06-01,6.0
2021-06-02,0.01
2021-06-03,8.0
2021-06-04,5.0
2021-06-07,6.0
2021-06-08,4.0
2021-06-09,1.0
2021-06-10,0.01
2021-06-11,2.0
2021-06-14,4.0
2021-06-15,5.0
2021-06-16,8.0
2021-06-17,10.0
2021-06-18,9.0
2021-06-21,6.0
2021-06-22,5.0
2021-06-23,1.0
2021-06-24,4.0
2021-06-25,3.0
2021-06-28,6.0
2021-06-29,2.0
2021-06-30,3.0
2021-07-01,3.0
2021-07-02,5.0
2021-07-06,11.0
2021-07-07,16.0
2021-07-08,20.0
2021-07-09,1.0
2021-07-12,5.0
2021-07-13,4.0
2021-07-14,8.0
2021-07-15,10.0
2021-07-16,9.0
2021-07-19,30.0
2021-07-20,11.0
2021-07-21,5.0
2021-07-22,8.0
2021-07-23,18.0
2021-07-26,17.0
2021-07-27,24.0
2021-07-28,10.0
2021-07-29,7.0
2021-07-30,14.0
2021-08-02,8.0
2021-08-03,15.0
2021-08-04,16.0
2021-08-05,17.0
2021-08-06,15.0
2021-08-09,14.0
2021-08-10,20.0
2021-08-11,9.0
2021-08-12,18.0
2021-08-13,14.0
2021-08-16,30.0
2021-08-17,38.0
2021-08-18,26.0
2021-08-19,41.0
2021-08-20,28.0
2021-08-23,10.0
2021-08-24,6.0
2021-08-25,5.0
2021-08-26,10.0
2021-08-27,7.0
2021-08-30,5.0
2021-08-31,3.0
2021-09-01,2.0
2021-09-02,4.0
2021-09-03,8.0
2021-09-07,13.0
2021-09-08,14.0
2021-09-09,12.0
2021-09-10,14.0
2021-09-13,9.0
2021-09-14,20.0
2021-09-15,26.0
2021-09-16,29.0
2021-09-17,19.0
2021-09-20,35.0
2021-09-21,17.0
2021-09-22,6.0
2021-09-23,15.0
2021-09-24,20.0
2021-09-27,20.0
2021-09-28,31.0
2021-09-29,34.0
2021-09-30,27.0
2021-10-01,29.0
2021-10-04,32.0
2021-10-05,30.0
2021-10-06,38.0
2021-10-07,10.0
2021-10-08,19.0
2021-10-11,25.0
2021-10-12,23.0
2021-10-13,10.0
2021-10-14,3.0
2021-10-15,10.0
2021-10-18,12.0
2021-10-19,7.0
2021-10-20,3.0
2021-10-21,2.0
2021-10-22,10.0
2021-10-25,8.0
2021-10-26,9.0
2021-10-27,24.0
2021-10-28,24.0
2021-10-29,26.0
2021-11-01,6.0
2021-11-02,17.0
2021-11-03,8.0
2021-11-04,17.0
2021-11-05,13.0
2021-11-08,7.0
2021-11-09,9.0
2021-11-10,15.0
2021-11-11,24.0
2021-11-12,19.0
2021-11-15,17.0
2021-11-16,20.0
2021-11-17,32.0
2021-11-18,39.0
2021-11-19,45.0
2021-11-22,55.0
2021-11-23,62.0
2021-11-24,34.0
2021-11-26,72.0
2021-11-29,67.0
2021-11-30,116.0
2021-12-01,104.0
2021-12-02,85.0
2021-12-03,85.0
2021-12-06,59.0
2021-12-07,4.0
2021-12-08,1.0
2021-12-09,18.0
2021-12-10,26.0
2021-12-13,57.0
2021-12-14,59.0
2021-12-15,110.0
2021-12-16,27.0
2021-12-17,75.0
2021-12-20,117.0
2021-12-21,15.0
2021-12-22,14.0
2021-12-23,5.0
2021-12-27,5.0
2021-12-28,12.0
2021-12-29,28.0
2021-12-30,13.0
2021-12-31,10.0
2022-01-03,7.0
2022-01-04,20.0
2022-01-05,45.0
2022-01-06,71.0
2022-01-07,39.0
2022-01-10,78.0
2022-01-11,13.0
2022-01-12,15.0
2022-01-13,35.0
2022-01-14,70.0
2022-01-18,92.0
2022-01-19,89.0
2022-01-20,78.0
2022-01-21,161.0
2022-01-24,230.0
2022-01-25,23.0
2022-01-26,55.0
2022-01-27,128.0
2022-01-28,179.0
2022-01-31,4.0
2022-02-01,9.0
2022-02-02,9.0
2022-02-03,30.0
2022-02-04,69.0
2022-02-07,20.0
2022-02-08,19.0
2022-02-09,10.0
2022-02-10,19.0
2022-02-11,39.0
2022-02-14,52.0
2022-02-15,15.0
2022-02-16,21.0
2022-02-17,57.0
2022-02-18,84.0
2022-02-22,128.0
2022-02-23,152.0
2022-02-24,288.0
2022-02-25,17.0
2022-02-28,20.0
2022-03-01,57.0
2022-03-02,22.0
2022-03-03,47.0
2022-03-04,127.0
2022-03-07,223.0
2022-03-08,217.0
2022-03-09,10.0
2022-03-10,50.0
2022-03-11,87.0
2022-03-14,149.0
2022-03-15,81.0
2022-03-16,13.0
2022-03-17,5.0
2022-03-18,7.0
2022-03-21,5.0
2022-03-22,1.0
2022-03-23,12.0
2022-03-24,17.0
2022-03-25,18.0
2022-03-28,29.0
2022-03-29,2.0
2022-03-30,7.0
2022-03-31,34.0
2022-04-01,45.0
2022-04-04,26.0
2022-04-05,55.0
2022-04-06,122.0
2022-04-07,138.0
2022-04-08,56.0
2022-04-11,65.0
2022-04-12,46.0
2022-04-13,35.0
2022-04-14,35.0
2022-04-18,78.0
2022-04-19,38.0
2022-04-20,29.0
2022-04-21,59.0
2022-04-22,104.0
2022-04-25,182.0
2022-04-26,192.0
2022-04-27,203.0
2022-04-28,188.0
2022-04-29,119.0
2022-05-02,214.0
2022-05-03,48.0
2022-05-04,92.0
2022-05-05,135.0
2022-05-06,240.0
2022-05-09,380.0
2022-05-10,435.0
2022-05-11,329.0
2022-05-12,452.0
2022-05-13,18.0
2022-05-16,31.0
2022-05-17,17.0
2022-05-18,93.0
2022-05-19,139.0
2022-05-20,188.0
2022-05-23,34.0
2022-05-24,163.0
2022-05-25,41.0
2022-05-26,19.0
2022-05-27,10.0
2022-05-31,7.0
2022-06-01,21.0
2022-06-02,14.0
2022-06-03,10.0
2022-06-06,14.0
2022-06-07,19.0
2022-06-08,16.0
2022-06-09,60.0
2022-06-10,151.0
2022-06-13,427.0
2022-06-14,421.0
2022-06-15,155.0
2022-06-16,596.0
2022-06-17,294.0
2022-06-21,62.0
2022-06-22,150.0
2022-06-23,170.0
2022-06-24,21.0
2022-06-27,14.0
2022-06-28,29.0
2022-06-29,100.0
2022-06-30,193.0
2022-07-01,112.0
2022-07-05,219.0
2022-07-06,116.0
2022-07-07,17.0
2022-07-08,23.0
2022-07-11,82.0
2022-07-12,99.0
2022-07-13,125.0
2022-07-14,265.0
2022-07-15,48.0
2022-07-18,13.0
2022-07-19,7.0
2022-07-20,9.0
2022-07-21,19.0
2022-07-22,20.0
2022-07-25,26.0
2022-07-26,30.0
2022-07-27,22.0
2022-07-28,25.0
2022-07-29,20.0
2022-08-01,24.0
2022-08-02,18.0
2022-08-03,21.0
2022-08-04,25.0
2022-08-05,26.0
2022-08-08,4.0
2022-08-09,27.0
2022-08-10,13.0
2022-08-11,9.0
2022-08-12,7.0
2022-08-15,7.0
2022-08-16,6.0
2022-08-17,17.0
2022-08-18,18.0
2022-08-19,29.0
2022-08-22,49.0
2022-08-23,32.0
2022-08-24,45.0
2022-08-25,17.0
2022-08-26,71.0
2022-08-29,94.0
2022-08-30,103.0
2022-08-31,110.0
2022-09-01,184.0
2022-09-02,66.0
2022-09-06,146.0
2022-09-07,90.0
2022-09-08,46.0
2022-09-09,5.0
2022-09-12,3.0
2022-09-13,51.0
2022-09-14,104.0
2022-09-15,87.0
2022-09-16,202.0
2022-09-19,95.0
2022-09-20,179.0
2022-09-21,205.0
2022-09-22,368.0
2022-09-23,544.0
2022-09-26,492.0
2022-09-27,434.0
2022-09-28,146.0
2022-09-29,409.0
2022-09-30,229.0
2022-10-03,147.0
2022-10-04,3.0
2022-10-05,41.0
2022-10-06,89.0
2022-10-07,219.0
2022-10-10,198.0
2022-10-11,287.0
2022-10-12,173.0
2022-10-13,366.0
2022-10-14,38.0
2022-10-17,10.0
2022-10-18,7.0
2022-10-19,66.0
2022-10-20,86.0
2022-10-21,110.0
2022-10-24,54.0
2022-10-25,15.0
2022-10-26,12.0
2022-10-27,8.0
2022-10-28,17.0
2022-10-31,12.0
2022-11-01,14.0
2022-11-02,48.0
2022-11-03,113.0
2022-11-04,87.0
2022-11-07,51.0
2022-11-08,47.0
2022-11-09,75.0
2022-11-10,10.0
2022-11-11,6.0
2022-11-14,8.0
2022-11-15,6.0
2022-11-16,18.0
2022-11-17,30.0
2022-11-18,13.0
2022-11-21,22.0
2022-11-22,27.0
2022-11-23,8.0
2022-11-25,8.0
2022-11-28,22.0
2022-11-29,25.0
2022-11-30,22.0
2022-12-01,5.0
2022-12-02,13.0
2022-12-05,23.0
2022-12-06,57.0
2022-12-07,50.0
2022-12-08,33.0
2022-12-09,28.0
2022-12-12,33.0
2022-12-13,16.0
2022-12-14,38.0
2022-12-15,66.0
2022-12-16,104.0
2022-12-19,96.0
2022-12-20,81.0
2022-12-21,30.0
2022-12-22,107.0
2022-12-23,28.0
2022-12-27,51.0
2022-12-28,79.0
2022-12-29,21.0
2022-12-30,12.0
2023-01-03,24.0
2023-01-04,7.0
2023-01-05,31.0
2023-01-06,16.0
2023-01-09,4.0
2023-01-10,3.0
2023-01-11,1.0
2023-01-12,3.0
2023-01-13,3.0
2023-01-17,4.0
2023-01-18,4.0
2023-01-19,11.0
2023-01-20,11.0
2023-01-23,3.0
2023-01-24,13.0
2023-01-25,8.0
2023-01-26,5.0
2023-01-27,2.0
2023-01-30,4.0
2023-01-31,1.0
2023-02-01,1.0
2023-02-02,2.0
2023-02-03,1.0
2023-02-06,4.0
2023-02-07,6.0
2023-02-08,3.0
2023-02-09,2.0
2023-02-10,7.0
2023-02-13,5.0
2023-02-14,4.0
2023-02-15,3.0
2023-02-16,6.0
2023-02-17,4.0
2023-02-21,17.0
2023-02-22,21.0
2023-02-23,16.0
2023-02-24,30.0
2023-02-27,17.0
2023-02-28,24.0
2023-03-01,35.0
2023-03-02,36.0
2023-03-03,10.0
2023-03-06,12.0
2023-03-07,35.0
2023-03-08,37.0
2023-03-09,66.0
2023-03-10,129.0
2023-03-13,183.0
2023-03-14,62.0
2023-03-15,160.0
2023-03-16,105.0
2023-03-17,115.0
2023-03-20,44.0
2023-03-21,13.0
2023-03-22,59.0
2023-03-23,145.0
2023-03-24,169.0
2023-03-27,10.0
2023-03-28,11.0
2023-03-29,9.0
2023-03-30,9.0
2023-03-31,3.0
2023-04-03,5.0
2023-04-04,23.0
2023-04-05,34.0
2023-04-06,27.0
2023-04-10,20.0
2023-04-11,3.0
2023-04-12,10.0
2023-04-13,10.0
2023-04-14,28.0
2023-04-17,22.0
2023-04-18,19.0
2023-04-19,22.0
2023-04-20,18.0
2023-04-21,31.0
2023-04-24,23.0
2023-04-25,74.0
2023-04-26,74.0
2023-04-27,38.0
2023-04-28,13.0
2023-05-01,21.0
2023-05-02,107.0
2023-05-03,69.0
2023-05-04,155.0
2023-05-05,28.0
2023-05-08,26.0
2023-05-09,48.0
2023-05-10,42.0
2023-05-11,53.0
2023-05-12,67.0
2023-05-15,26.0
2023-05-16,63.0
2023-05-17,38.0
2023-05-18,26.0
2023-05-19,21.0
2023-05-22,18.0
2023-05-23,11.0
2023-05-24,43.0
2023-05-25,86.0
2023-05-26,49.0
2023-05-30,55.0
2023-05-31,85.0
2023-06-01,62.0
2023-06-02,5.0
2023-06-05,12.0
2023-06-06,11.0
2023-06-07,2.0
2023-06-08,5.0
2023-06-09,8.0
2023-06-12,5.0
2023-06-13,2.0
2023-06-14,9.0
2023-06-15,10.0
2023-06-16,5.0
2023-06-20,12.0
2023-06-21,17.0
2023-06-22,26.0
2023-06-23,37.0
2023-06-26,18.0
2023-06-27,18.0
2023-06-28,18.0
2023-06-29,10.0
2023-06-30,6.0
2023-07-03,3.0
2023-07-05,5.0
2023-07-06,18.0
2023-07-07,12.0
2023-07-10,15.0
2023-07-11,6.0
2023-07-12,6.0
2023-07-13,4.0
2023-07-14,15.0
2023-07-17,15.0
2023-07-18,9.0
2023-07-19,3.0
2023-07-20,6.0
2023-07-21,4.0
2023-07-24,5.0
2023-07-25,6.0
2023-07-26,5.0
2023-07-27,11.0
2023-07-28,8.0
2023-07-31,4.0
2023-08-01,10.0
2023-08-02,24.0
2023-08-03,29.0
2023-08-04,29.0
2023-08-07,23.0
2023-08-08,44.0
2023-08-09,23.0
2023-08-10,19.0
2023-08-11,22.0
2023-08-14,39.0
2023-08-15,59.0
2023-08-16,60.0
2023-08-17,57.0
2023-08-18,69.0
2023-08-21,58.0
2023-08-22,55.0
2023-08-23,39.0
2023-08-24,45.0
2023-08-25,39.0
2023-08-28,8.0
2023-08-29,11.0
2023-08-30,6.0
2023-08-31,9.0
2023-09-01,22.0
2023-09-05,67.0
2023-09-06,64.0
2023-09-07,77.0
2023-09-08,65.0
2023-09-11,44.0
2023-09-12,54.0
2023-09-13,46.0
2023-09-14,25.0
2023-09-15,42.0
2023-09-18,55.0
2023-09-19,54.0
2023-09-20,39.0
2023-09-21,117.0
2023-09-22,103.0
2023-09-25,131.0
2023-09-26,138.0
2023-09-27,151.0
2023-09-28,98.0
2023-09-29,43.0
2023-10-02,162.0
2023-10-03,228.0
2023-10-04,168.0
2023-10-05,121.0
2023-10-06,140.0
2023-10-09,63.0
2023-10-10,9.0
2023-10-11,32.0
2023-10-12,115.0
2023-10-13,98.0
2023-10-16,36.0
2023-10-17,21.0
2023-10-18,58.0
2023-10-19,99.0
2023-10-20,116.0
2023-10-23,185.0
2023-10-24,106.0
2023-10-25,193.0
2023-10-26,111.0
2023-10-27,187.0
2023-10-30,134.0
2023-10-31,67.0
2023-11-01,96.0
2023-11-02,35.0
2023-11-03,12.0
2023-11-06,13.0
2023-11-07,32.0
2023-11-08,39.0
2023-11-09,54.0
2023-11-10,67.0
2023-11-13,53.0
2023-11-14,5.0
2023-11-15,3.0
2023-11-16,9.0
2023-11-17,6.0
2023-11-20,3.0
2023-11-21,10.0
2023-11-22,12.0
2023-11-24,1.0
2023-11-27,11.0
2023-11-28,14.0
2023-11-29,11.0
2023-11-30,13.0
2023-12-01,5.0
2023-12-04,6.0
2023-12-05,11.0
2023-12-06,18.0
2023-12-07,19.0
2023-12-08,7.0
2023-12-11,15.0
2023-12-12,28.0
2023-12-13,16.0
2023-12-14,2.0
2023-12-15,6.0
2023-12-18,7.0
2023-12-19,4.0
2023-12-20,9.0
2023-12-21,11.0
2023-12-22,2.0
2023-12-26,3.0
2023-12-27,2.0
2023-12-28,4.0
2023-12-29,3.0
2024-01-02,3.0
2024-01-03,5.0
2024-01-04,5.0
2024-01-05,10.0
2024-01-08,8.0
2024-01-09,14.0
2024-01-10,20.0
2024-01-11,23.0
2024-01-12,16.0
2024-01-16,41.0
2024-01-17,59.0
2024-01-18,33.0
2024-01-19,28.0
2024-01-22,24.0
2024-01-23,5.0
2024-01-24,9.0
2024-01-25,10.0
2024-01-26,9.0
2024-01-29,12.0
2024-01-30,11.0
2024-01-31,18.0
2024-02-01,27.0
2024-02-02,38.0
2024-02-05,62.0
2024-02-06,34.0
2024-02-07,24.0
2024-02-08,22.0
2024-02-09,18.0
2024-02-12,7.0
2024-02-13,38.0
2024-02-14,26.0
2024-02-15,8.0
2024-02-16,9.0
2024-02-20,16.0
2024-02-21,22.0
2024-02-22,26.0
2024-02-23,30.0
2024-02-26,27.0
2024-02-27,15.0
2024-02-28,25.0
2024-02-29,15.0
2024-03-01,15.0
2024-03-04,31.0
2024-03-05,34.0
2024-03-06,25.0
2024-03-07,17.0
2024-03-08,10.0
2024-03-11,12.0
2024-03-12,15.0
2024-03-13,16.0
2024-03-14,31.0
2024-03-15,30.0
2024-03-18,20.0
2024-03-19,20.0
2024-03-20,21.0
2024-03-21,8.0
2024-03-22,17.0
2024-03-25,16.0
2024-03-26,19.0
2024-03-27,9.0
2024-03-28,3.0
2024-04-01,10.0
2024-04-02,28.0
2024-04-03,24.0
2024-04-04,10.0
2024-04-05,25.0
2024-04-08,12.0
2024-04-09,6.0
2024-04-10,33.0
2024-04-11,22.0
2024-04-12,45.0
2024-04-15,59.0
2024-04-16,80.0
2024-04-17,40.0
2024-04-18,41.0
2024-04-19,19.0
2024-04-22,23.0
2024-04-23,11.0
2024-04-24,21.0
2024-04-25,34.0
2024-04-26,15.0
2024-04-29,7.0
2024-04-30,28.0
2024-05-01,36.0
2024-05-02,23.0
2024-05-03,13.0
2024-05-06,14.0
2024-05-07,11.0
2024-05-08,21.0
2024-05-09,15.0
2024-05-10,16.0
2024-05-13,13.0
2024-05-14,5.0
2024-05-15,7.0
2024-05-16,9.0
2024-05-17,15.0
2024-05-20,19.0
2024-05-21,24.0
2024-05-22,31.0
2024-05-23,51.0
2024-05-24,34.0
2024-05-28,38.0
2024-05-29,67.0
2024-05-30,32.0
2024-05-31,26.0
2024-06-03,33.0
2024-06-04,41.0
2024-06-05,39.0
2024-06-06,22.0
2024-06-07,36.0
2024-06-10,48.0
2024-06-11,44.0
2024-06-12,20.0
2024-06-13,48.0
2024-06-14,68.0
2024-06-17,63.0
2024-06-18,51.0
2024-06-20,56.0
2024-06-21,35.0
2024-06-24,15.0
2024-06-25,41.0
2024-06-26,49.0
2024-06-27,30.0
2024-06-28,32.0
2024-07-01,41.0
2024-07-02,44.0
2024-07-03,14.0
2024-07-05,49.0
2024-07-08,28.0
2024-07-09,64.0
2024-07-10,42.0
2024-07-11,6.0
2024-07-12,3.0
2024-07-15,3.0
2024-07-16,2.0
2024-07-17,3.0
2024-07-18,8.0
2024-07-19,12.0
2024-07-22,10.0
2024-07-23,9.0
2024-07-24,22.0
2024-07-25,14.0
2024-07-26,9.0
2024-07-29,6.0
2024-07-30,12.0
2024-07-31,10.0
2024-08-01,41.0
2024-08-02,82.0
2024-08-05,157.0
2024-08-06,41.0
2024-08-07,39.0
2024-08-08,36.0
2024-08-09,34.0
2024-08-12,51.0
2024-08-13,28.0
2024-08-14,23.0
2024-08-15,6.0
2024-08-16,8.0
2024-08-19,5.0
2024-08-20,13.0
2024-08-21,8.0
2024-08-22,13.0
2024-08-23,6.0
2024-08-26,5.0
2024-08-27,12.0
2024-08-28,21.0
2024-08-29,8.0
2024-08-30,17.0
2024-09-03,39.0
2024-09-04,45.0
2024-09-05,52.0
2024-09-06,76.0
2024-09-09,68.0
2024-09-10,99.0
2024-09-11,85.0
2024-09-12,23.0
2024-09-13,6.0
2024-09-16,5.0
2024-09-17,3.0
2024-09-18,3.0
2024-09-19,4.0
2024-09-20,8.0
2024-09-23,10.0
2024-09-24,6.0
2024-09-25,13.0
2024-09-26,20.0
2024-09-27,2.0
2024-09-30,8.0
2024-10-01,17.0
2024-10-02,20.0
2024-10-03,24.0
2024-10-04,9.0
2024-10-07,25.0
2024-10-08,24.0
2024-10-09,20.0
2024-10-10,27.0
2024-10-11,7.0
2024-10-14,7.0
2024-10-15,14.0
2024-10-16,12.0
2024-10-17,16.0
2024-10-18,14.0
2024-10-21,24.0
2024-10-22,27.0
2024-10-23,33.0
2024-10-24,25.0
2024-10-25,14.0
2024-10-28,18.0
2024-10-29,35.0
2024-10-30,34.0
2024-10-31,58.0
2024-11-01,52.0
2024-11-04,24.0
2024-11-05,41.0
2024-11-06,38.0
2024-11-07,10.0
2024-11-08,35.0
2024-11-11,24.0
2024-11-12,51.0
2024-11-13,48.0
2024-11-14,36.0
2024-11-15,56.0
2024-11-18,44.0
2024-11-19,50.0
2024-11-20,43.0
2024-11-21,36.0
2024-11-22,14.0
2024-11-25,15.0
2024-11-26,27.0
2024-11-27,26.0
2024-11-29,30.0
2024-12-02,22.0
2024-12-03,11.0
2024-12-04,19.0
2024-12-05,21.0
2024-12-06,51.0
2024-12-09,10.0
2024-12-10,22.0
2024-12-11,36.0
2024-12-12,46.0
2024-12-13,77.0
2024-12-16,89.0
2024-12-17,108.0
2024-12-18,135.0
2024-12-19,143.0
2024-12-20,129.0
2024-12-23,82.0
2024-12-24,31.0
2024-12-26,19.0
2024-12-27,45.0
2024-12-30,97.0
2024-12-31,16.0
2025-01-02,36.0
2025-01-03,50.0
2025-01-06,24.0
2025-01-07,55.0
2025-01-08,103.0
2025-01-10,141.0
2025-01-13,112.0
2025-01-14,28.0
2025-01-15,11.0
2025-01-16,19.0
2025-01-17,9.0
2025-01-21,13.0
2025-01-22,23.0
2025-01-23,19.0
2025-01-24,7.0
2025-01-27,10.0
2025-01-28,19.0
2025-01-29,28.0
2025-01-30,17.0
2025-01-31,23.0
2025-02-03,84.0
2025-02-04,35.0
2025-02-05,20.0
2025-02-06,29.0
2025-02-07,70.0
2025-02-10,51.0
2025-02-11,50.0
2025-02-12,71.0
2025-02-13,39.0
2025-02-14,31.0
2025-02-18,44.0
2025-02-19,54.0
2025-02-20,44.0
2025-02-21,67.0
2025-02-24,64.0
2025-02-25,68.0
2025-02-26,59.0
2025-02-27,103.0
2025-02-28,108.0
2025-03-03,166.0
2025-03-04,234.0
2025-03-05,76.0
2025-03-06,58.0
2025-03-07,41.0
2025-03-10,86.0
2025-03-11,99.0
2025-03-12,86.0
2025-03-13,142.0
2025-03-14,37.0
2025-03-17,13.0
2025-03-18,17.0
2025-03-19,22.0
2025-03-20,23.0
2025-03-21,66.0
2025-03-24,8.0
2025-03-25,25.0
2025-03-26,25.0
2025-03-27,29.0
2025-03-28,87.0
2025-03-31,167.0
2025-04-01,74.0
2025-04-02,50.0
2025-04-03,356.0
2025-04-04,610.0
2025-04-07,609.0
2025-04-08,418.0
2025-04-09,451.0
2025-04-10,40.0
2025-04-11,51.0
2025-04-14,10.0
2025-04-15,9.0
2025-04-16,37.0
2025-04-17,25.0
2025-04-21,59.0
2025-04-22,5.0
2025-04-23,1.0
2025-04-24,6.0
2025-04-25,6.0
2025-04-28,6.0
2025-04-29,11.0
2025-04-30,21.0
2025-05-01,13.0
2025-05-02,11.0
2025-05-05,14.0
2025-05-06,31.0
2025-05-07,30.0
2025-05-08,21.0
2025-05-09,15.0
2025-05-12,4.0
2025-05-13,9.0
2025-05-14,13.0
2025-05-15,11.0
2025-05-16,5.0
2025-05-19,6.0
2025-05-20,8.0
2025-05-21,21.0
2025-05-22,30.0
2025-05-23,22.0
2025-05-27,6.0
2025-05-28,6.0
2025-05-29,12.0
2025-05-30,9.0
2025-06-02,22.0
2025-06-03,18.0
2025-06-04,2.0
2025-06-05,9.0
2025-06-06,1.0
2025-06-09,7.0
2025-06-10,4.0
2025-06-11,9.0
2025-06-12,11.0
2025-06-13,25.0
2025-06-16,18.0
2025-06-17,29.0
2025-06-18,24.0
2025-06-20,26.0
2025-06-23,25.0
2025-06-24,4.0
2025-06-25,14.0
2025-06-26,7.0
2025-06-27,7.0
2025-06-30,9.0
2025-07-01,4.0
2025-07-02,6.0
2025-07-03,3.0
2025-07-07,8.0
2025-07-08,5.0
2025-07-09,8.0
2025-07-10,6.0
2025-07-11,11.0
2025-07-14,15.0
2025-07-15,27.0
2025-07-16,26.0
2025-07-17,9.0
2025-07-18,20.0
2025-07-21,21.0
2025-07-22,8.0
2025-07-23,2.0
2025-07-24,7.0
2025-07-25,10.0
2025-07-28,10.0
2025-07-29,17.0
2025-07-30,31.0
2025-07-31,58.0
2025-08-01,81.0
2025-08-04,23.0
2025-08-05,33.0
2025-08-06,38.0
2025-08-07,32.0
2025-08-08,43.0
2025-08-11,50.0
2025-08-12,21.0
2025-08-13,6.0
2025-08-14,11.0
2025-08-15,11.0
2025-08-18,13.0
2025-08-19,11.0
2025-08-20,13.0
2025-08-21,13.0
2025-08-22,1.0
2025-08-25,5.0
2025-08-26,6.0
2025-08-27,2.0
2025-08-28,5.0
2025-08-29,2.0
2025-09-02,16.0
2025-09-03,16.0
2025-09-04,17.0
2025-09-05,13.0
2025-09-08,23.0
2025-09-09,20.0
2025-09-10,34.0
2025-09-11,16.0
2025-09-12,18.0
2025-09-15,33.0
2025-09-16,27.0
2025-09-17,22.0
2025-09-18,23.0
2025-09-19,40.0
2025-09-22,40.0
2025-09-23,37.0
2025-09-24,35.0
2025-09-25,62.0
2025-09-26,15.0
2025-09-29,29.0
2025-09-30,34.0
2025-10-01,29.0
2025-10-02,28.0
2025-10-03,10.0
2025-10-06,31.0
2025-10-07,43.0
2025-10-08,35.0
2025-10-09,48.0
2025-10-10,101.0
2025-10-13,53.0
2025-10-14,51.0
2025-10-15,19.0
2025-10-16,48.0
2025-10-17,42.0
2025-10-20,18.0
2025-10-21,14.0
2025-10-22,13.0
2025-10-23,19.0
2025-10-24,10.0
2025-10-27,14.0
2025-10-28,41.0
2025-10-29,94.0
2025-10-30,110.0
2025-10-31,86.0
2025-11-03,77.0
2025-11-04,76.0
2025-11-05,66.0
2025-11-06,102.0
2025-11-07,94.0
2025-11-10,56.0
2025-11-11,40.0
2025-11-12,33.0
2025-11-13,61.0
2025-11-14,87.0
2025-11-17,106.0
2025-11-18,123.0
2025-11-19,98.0
2025-11-20,108.0
2025-11-21,54.0
2025-11-24,27.0
2025-11-25,11.0
2025-11-26,2.0
2025-11-28,0.01
2025-12-01,5.0
2025-12-02,10.0
2025-12-03,10.0
2025-12-04,16.0
2025-12-05,25.0
2025-12-08,24.0
2025-12-09,19.0
2025-12-10,11.0
2025-12-11,7.0
2025-12-12,9.0
2025-12-15,13.0
2025-12-16,16.0
2025-12-17,10.0
2025-12-18,15.0
2025-12-19,24.0
2025-12-22,18.0
2025-12-23,21.0
2025-12-24,13.0
2025-12-26,7.0
2025-12-29,10.0
2025-12-30,7.0
2025-12-31,16.0
2026-01-02,22.0
2026-01-05,17.0
2026-01-06,22.0
2026-01-07,31.0
2026-01-08,24.0
2026-01-09,16.0
2026-01-12,9.0
2026-01-13,18.0
2026-01-14,21.0
2026-01-15,17.0
2026-01-16,27.0
2026-01-20,46.0
2026-01-21,28.0
2026-01-22,9.0
2026-01-23,14.0
2026-01-26,12.0
2026-01-27,39.0
2026-01-28,41.0
2026-01-29,60.0
2026-01-30,41.0
2026-02-02,49.0
2026-02-03,89.0
2026-02-04,69.0
2026-02-05,61.0
2026-02-06,36.0
2026-02-09,43.0
2026-02-10,20.0
2026-02-11,50.0
2026-02-12,91.0
2026-02-13,33.0
2026-02-17,37.0
2026-02-18,20.0
2026-02-19,25.0
2026-02-20,32.0
2026-02-23,76.0
2026-02-24,58.0
2026-02-25,42.0
2026-02-26,21.0
2026-02-27,41.0
2026-03-02,49.0
2026-03-03,52.0
2026-03-04,11.0
2026-03-05,19.0
2026-03-06,40.0
2026-03-09,79.0
2026-03-10,26.0
2026-03-11,53.0
2026-03-12,87.0
2026-03-13,61.0
2026-03-16,45.0
2026-03-17,22.0
2026-03-18,76.0
2026-03-19,110.0
2026-03-20,112.0
2026-03-23,27.0
2026-03-24,66.0
2026-03-25,59.0
2026-03-26,46.0
2026-03-27,113.0
2026-03-30,77.0
2026-03-31,37.0
2026-04-01,37.0
2026-04-02,55.0
2026-04-06,6.0
2026-04-07,21.0
2026-04-08,8.0
2026-04-09,30.0
2026-04-10,40.0
2026-04-13,21.0
2026-04-14,1.0
2026-04-15,2.0
2026-04-16,2.0
2026-04-17,2.0
2026-04-20,2.0
2026-04-21,5.0
2026-04-22,7.0
2026-04-23,16.0
2026-04-24,12.0
2026-04-27,9.0
2026-04-28,12.0
2026-04-29,23.0
2026-04-30,18.0
2026-05-01,15.0
2026-05-04,28.0
2026-05-05,33.0
2026-05-06,28.0
2026-05-07,25.0
2026-05-08,45.0
2026-05-11,62.0
2026-05-12,51.0
2026-05-13,81.0
2026-05-14,26.0
2026-05-15,63.0
2026-05-18,31.0
2026-05-19,63.0
2026-05-20,42.0
2026-05-21,19.0
2026-05-22,15.0
2026-05-26,13.0
2026-05-27,24.0
2026-05-28,24.0
2026-05-29,29.0
2026-06-01,40.0
2026-06-02,34.0
2026-06-03,48.0
2026-06-04,30.0
2026-06-05,22.0
2026-06-08,31.0
2026-06-09,23.0
2026-06-10,30.0
2026-06-11,44.0
2026-06-12,14.0
2026-06-15,19.0
2026-06-16,23.0
2026-06-17,48.0
2026-06-18,58.0
2026-06-22,66.0
2026-06-23,31.0
2026-06-24,29.0
2026-06-25,54.0
2026-06-26,28.0
2026-06-29,26.0
2026-06-30,33.0
2026-07-01,16.0
2026-07-02,9.0
2026-07-06,13.0
2026-07-07,9.0
2026-07-08,21.0
2026-07-09,15.0
2026-07-10,9.0
2026-07-13,16.0
2026-07-14,12.0
2026-07-15,15.0
2026-07-16,12.0
2026-07-17,15.0
2026-07-20,22.0
2026-07-21,21.0
2026-07-22,15.0
2026-07-23,43.0
2026-07-24,19.0
2026-07-27,6.0
2026-07-28,12.0
2026-07-29,28.0
2026-07-30,21.0
2026-07-31,24.0
2026-08-03,9.0
2026-08-04,15.0
2026-08-05,16.0
2026-08-06,22.0
2026-08-07,11.0
2026-08-10,16.0
2026-08-11,15.0
2026-08-12,16.0
2026-08-13,13.0
2026-08-14,11.0
2026-08-17,28.0
2026-08-18,24.0
2026-08-19,11.0
2026-08-20,22.0
2026-08-21,7.0
2026-08-24,23.0
2026-08-25,17.0
