date,high,low,close
2023-10-12,939.0,-921.0,-53.0
2023-10-13,1104.0,-1341.0,289.0
2023-10-16,1376.0,-510.0,-182.0
2023-10-17,897.0,-1707.0,80.0
2023-10-18,1034.0,-1359.0,-147.0
2023-10-19,1088.0,-1199.0,186.0
2023-10-20,1379.0,-1343.0,-200.0
2023-10-23,1073.0,-1461.0,124.0
2023-10-24,1532.0,-1308.0,-408.0
2023-10-25,982.0,-1280.0,-10.0
2023-10-26,870.0,-1131.0,-188.0
2023-10-27,1226.0,-1158.0,-383.0
2023-10-30,1441.0,-818.0,273.0
2023-10-31,1053.0,-892.0,-101.0
2023-11-01,1015.0,-1002.0,-82.0
2023-11-02,1742.0,-1125.0,-8.0
2023-11-03,1766.0,-632.0,-227.0
2023-11-06,414.0,-908.0,-156.0
2023-11-07,840.0,-1350.0,29.0
2023-11-08,614.0,-1193.0,-266.0
2023-11-09,1101.0,-1007.0,26.0
2023-11-10,1095.0,-1478.0,-481.0
2023-11-13,435.0,-1008.0,84.0
2023-11-14,1957.0,-997.0,627.0
2023-11-15,873.0,-833.0,39.0
2023-11-16,783.0,-1201.0,319.0
2023-11-17,1524.0,-890.0,472.0
2023-11-20,792.0,-428.0,-4.0
2023-11-21,1220.0,-884.0,-79.0
2023-11-22,1053.0,-897.0,419.0
2023-11-24,767.0,-281.0,386.0
2023-11-27,468.0,-811.0,203.0
2023-11-28,665.0,-926.0,-61.0
2023-11-29,1447.0,-1261.0,409.0
2023-11-30,964.0,-1006.0,-83.0
2023-12-01,918.0,-893.0,64.0
2023-12-04,701.0,-1381.0,-106.0
2023-12-05,883.0,-943.0,336.0
2023-12-06,1261.0,-964.0,-228.0
2023-12-07,918.0,-1109.0,528.0
2023-12-08,847.0,-838.0,-291.0
2023-12-11,697.0,-567.0,-250.0
2023-12-12,570.0,-713.0,11.0
2023-12-13,1027.0,-769.0,-6.0
2023-12-14,1693.0,-934.0,192.0
2023-12-15,955.0,-1271.0,63.0
2023-12-18,866.0,-540.0,-15.0
2023-12-19,1150.0,-825.0,12.0
2023-12-20,931.0,-684.0,452.0
2023-12-21,1679.0,-1764.0,-357.0
2023-12-22,1394.0,-1071.0,703.0
2023-12-26,810.0,-138.0,0.0
2023-12-27,925.0,-816.0,273.0
2023-12-28,1322.0,-1107.0,70.0
2023-12-29,843.0,-1219.0,-248.0
2024-01-02,791.0,-1138.0,316.0
2024-01-03,1036.0,-1236.0,-209.0
2024-01-04,1341.0,-1069.0,28.0
2024-01-05,1117.0,-1105.0,-64.0
2024-01-08,890.0,-438.0,355.0
2024-01-09,930.0,-1366.0,68.0
2024-01-10,1047.0,-1033.0,549.0
2024-01-11,1079.0,-1176.0,251.0
2024-01-12,1630.0,-959.0,-80.0
2024-01-16,659.0,-1213.0,212.0
2024-01-17,951.0,-1729.0,-369.0
2024-01-18,1165.0,-1037.0,-51.0
2024-01-19,1166.0,-1155.0,-1.0
2024-01-22,1307.0,-111.0,347.0
2024-01-23,1043.0,-1118.0,-114.0
2024-01-24,1816.0,-891.0,366.0
2024-01-25,1630.0,-1044.0,42.0
2024-01-26,1167.0,-810.0,184.0
2024-01-29,654.0,-389.0,-77.0
2024-01-30,1439.0,-842.0,-204.0
2024-01-31,749.0,-937.0,195.0
2024-02-01,1269.0,-1351.0,612.0
2024-02-02,1294.0,-1474.0,119.0
2024-02-05,118.0,-1487.0,-98.0
2024-02-06,925.0,-1101.0,108.0
2024-02-07,1161.0,-986.0,689.0
2024-02-08,1126.0,-811.0,158.0
2024-02-09,979.0,-975.0,366.0
2024-02-12,872.0,-295.0,196.0
2024-02-13,832.0,-1874.0,293.0
2024-02-14,1532.0,-1398.0,-292.0
2024-02-15,1428.0,-1005.0,-323.0
2024-02-16,1031.0,-1047.0,57.0
2024-02-20,618.0,-1035.0,-208.0
2024-02-21,780.0,-1118.0,38.0
2024-02-22,974.0,-1168.0,152.0
2024-02-23,827.0,-943.0,-223.0
2024-02-26,589.0,-905.0,1.0
2024-02-27,1147.0,-1287.0,528.0
2024-02-28,580.0,-905.0,186.0
2024-02-29,1489.0,-940.0,414.0
2024-03-01,933.0,-1182.0,388.0
2024-03-04,309.0,-455.0,182.0
2024-03-05,720.0,-1056.0,148.0
2024-03-06,1548.0,-1048.0,5.0
2024-03-07,1566.0,-1165.0,332.0
2024-03-08,1234.0,-770.0,-17.0
2024-03-11,572.0,-801.0,-304.0
2024-03-12,895.0,-803.0,72.0
2024-03-13,875.0,-938.0,-20.0
2024-03-14,662.0,-1389.0,-375.0
2024-03-15,905.0,-1200.0,175.0
2024-03-18,643.0,-446.0,289.0
2024-03-19,549.0,-964.0,86.0
2024-03-20,951.0,-760.0,282.0
2024-03-21,1318.0,-1129.0,-99.0
2024-03-22,700.0,-746.0,457.0
2024-03-25,686.0,-560.0,-8.0
2024-03-26,1361.0,-791.0,5.0
2024-03-27,1413.0,-847.0,53.0
2024-03-28,1141.0,-585.0,287.0
2024-04-01,669.0,-712.0,88.0
2024-04-02,832.0,-1425.0,-192.0
2024-04-03,789.0,-1064.0,68.0
2024-04-04,1732.0,-1204.0,126.0
2024-04-05,807.0,-1481.0,715.0
2024-04-08,1160.0,-496.0,40.0
2024-04-09,1181.0,-1019.0,-292.0
2024-04-10,976.0,-1992.0,123.0
2024-04-11,1239.0,-1538.0,-300.0
2024-04-12,1174.0,-972.0,241.0
2024-04-15,1098.0,-1205.0,252.0
2024-04-16,913.0,-1572.0,415.0
2024-04-17,1696.0,-1324.0,-760.0
2024-04-18,1345.0,-1170.0,-465.0
2024-04-19,844.0,-1371.0,313.0
2024-04-22,1045.0,-442.0,150.0
2024-04-23,1302.0,-1001.0,169.0
2024-04-24,801.0,-892.0,-32.0
2024-04-25,823.0,-1697.0,115.0
2024-04-26,901.0,-1073.0,135.0
2024-04-29,1259.0,-272.0,-33.0
2024-04-30,816.0,-1355.0,-46.0
2024-05-01,688.0,-1192.0,225.0
2024-05-02,1576.0,-1262.0,-50.0
2024-05-03,1819.0,-792.0,113.0
2024-05-06,1714.0,-294.0,141.0
2024-05-07,1055.0,-466.0,-59.0
2024-05-08,479.0,-1013.0,42.0
2024-05-09,765.0,-855.0,-6.0
2024-05-10,1016.0,-838.0,-20.0
2024-05-13,1576.0,-632.0,-576.0
2024-05-14,1329.0,-996.0,-9.0
2024-05-15,1763.0,-641.0,391.0
2024-05-16,777.0,-484.0,19.0
2024-05-17,871.0,-829.0,-248.0
2024-05-20,583.0,-320.0,259.0
2024-05-21,550.0,-1139.0,-124.0
2024-05-22,710.0,-967.0,-210.0
2024-05-23,893.0,-1297.0,-148.0
2024-05-24,1565.0,-1217.0,-1.0
2024-05-28,932.0,-589.0,-225.0
2024-05-29,560.0,-1796.0,-444.0
2024-05-30,1027.0,-1065.0,409.0
2024-05-31,1383.0,-1175.0,-318.0
2024-06-03,1115.0,-547.0,374.0
2024-06-04,789.0,-1033.0,-277.0
2024-06-05,1260.0,-1040.0,397.0
2024-06-06,725.0,-685.0,217.0
2024-06-07,739.0,-1618.0,-251.0
2024-06-10,469.0,-1142.0,58.0
2024-06-11,834.0,-1316.0,-3.0
2024-06-12,1918.0,-765.0,176.0
2024-06-13,885.0,-1316.0,121.0
2024-06-14,596.0,-1363.0,44.0
2024-06-17,504.0,-925.0,236.0
2024-06-18,999.0,-561.0,-132.0
2024-06-20,370.0,-818.0,-259.0
2024-06-21,713.0,-1118.0,102.0
2024-06-24,844.0,-356.0,149.0
2024-06-25,722.0,-840.0,-338.0
2024-06-26,533.0,-1410.0,24.0
2024-06-27,800.0,-611.0,-243.0
2024-06-28,1278.0,-902.0,-117.0
2024-07-01,722.0,-1127.0,-512.0
2024-07-02,719.0,-978.0,265.0
2024-07-03,952.0,-552.0,-42.0
2024-07-05,607.0,-676.0,-88.0
2024-07-08,995.0,-589.0,-581.0
2024-07-09,593.0,-1056.0,-264.0
2024-07-10,1197.0,-940.0,137.0
2024-07-11,1764.0,-732.0,331.0
2024-07-12,1466.0,-680.0,370.0
2024-07-15,818.0,-442.0,-113.0
2024-07-16,1274.0,-990.0,58.0
2024-07-17,813.0,-1027.0,-36.0
2024-07-18,718.0,-932.0,-368.0
2024-07-19,722.0,-1420.0,-864.0
2024-07-22,1101.0,-689.0,-317.0
2024-07-23,970.0,-860.0,84.0
2024-07-24,708.0,-1088.0,155.0
2024-07-25,919.0,-1326.0,3.0
2024-07-26,1567.0,-1224.0,48.0
2024-07-29,978.0,-1002.0,-187.0
2024-07-30,947.0,-931.0,-627.0
2024-07-31,1210.0,-779.0,-305.0
2024-08-01,1237.0,-1257.0,-424.0
2024-08-02,978.0,-1260.0,3.0
2024-08-05,835.0,-1606.0,13.0
2024-08-06,1204.0,-1041.0,-697.0
2024-08-07,1755.0,-1031.0,287.0
2024-08-08,1173.0,-1316.0,-142.0
2024-08-09,912.0,-940.0,-684.0
2024-08-12,585.0,-1028.0,-164.0
2024-08-13,1356.0,-1182.0,-113.0
2024-08-14,1024.0,-791.0,397.0
2024-08-15,1530.0,-1045.0,-253.0
2024-08-16,871.0,-863.0,262.0
2024-08-19,734.0,-336.0,-63.0
2024-08-20,790.0,-629.0,-267.0
2024-08-21,1507.0,-781.0,339.0
2024-08-22,911.0,-905.0,172.0
2024-08-23,1713.0,-1275.0,451.0
2024-08-26,1517.0,-901.0,-262.0
2024-08-27,656.0,-1084.0,-254.0
2024-08-28,811.0,-793.0,-79.0
2024-08-29,1392.0,-965.0,302.0
2024-08-30,1120.0,-1177.0,-656.0
2024-09-03,541.0,-972.0,-29.0
2024-09-04,811.0,-996.0,-619.0
2024-09-05,989.0,-912.0,-556.0
2024-09-06,1036.0,-1070.0,-577.0
2024-09-09,757.0,-819.0,386.0
2024-09-10,893.0,-1061.0,27.0
2024-09-11,924.0,-1113.0,290.0
2024-09-12,1319.0,-1019.0,47.0
2024-09-13,1565.0,-1226.0,-10.0
2024-09-16,1344.0,-723.0,-519.0
2024-09-17,1299.0,-649.0,144.0
2024-09-18,825.0,-1484.0,72.0
2024-09-19,1775.0,-1286.0,323.0
2024-09-20,845.0,-963.0,-310.0
2024-09-23,1065.0,-715.0,9.0
2024-09-24,654.0,-849.0,-33.0
2024-09-25,744.0,-734.0,-399.0
2024-09-26,1284.0,-1193.0,-193.0
2024-09-27,1448.0,-969.0,31.0
2024-09-30,452.0,-820.0,-583.0
2024-10-01,905.0,-1302.0,669.0
2024-10-02,1063.0,-987.0,364.0
2024-10-03,722.0,-1136.0,142.0
2024-10-04,968.0,-1220.0,-339.0
2024-10-07,296.0,-882.0,-220.0
2024-10-08,964.0,-1408.0,-88.0
2024-10-09,905.0,-857.0,205.0
2024-10-10,682.0,-1034.0,-132.0
2024-10-11,791.0,-1100.0,111.0
2024-10-14,629.0,-579.0,23.0
2024-10-15,695.0,-617.0,74.0
2024-10-16,1194.0,-1061.0,222.0
2024-10-17,614.0,-768.0,235.0
2024-10-18,1067.0,-818.0,194.0
2024-10-21,254.0,-1170.0,-571.0
2024-10-22,602.0,-911.0,-96.0
2024-10-23,480.0,-1340.0,-474.0
2024-10-24,943.0,-1367.0,-240.0
2024-10-25,1386.0,-972.0,-400.0
2024-10-28,1266.0,-450.0,-370.0
2024-10-29,575.0,-1229.0,-320.0
2024-10-30,852.0,-777.0,107.0
2024-10-31,775.0,-891.0,-124.0
2024-11-01,1419.0,-958.0,249.0
2024-11-04,672.0,-86.0,168.0
2024-11-05,922.0,-1080.0,-240.0
2024-11-06,799.0,-658.0,33.0
2024-11-07,658.0,-735.0,497.0
2024-11-08,1034.0,-959.0,-15.0
2024-11-11,1014.0,-416.0,96.0
2024-11-12,537.0,-1058.0,-433.0
2024-11-13,1027.0,-1072.0,-157.0
2024-11-14,667.0,-1199.0,119.0
2024-11-15,955.0,-1320.0,-251.0
2024-11-18,630.0,-368.0,91.0
2024-11-19,608.0,-1280.0,403.0
2024-11-20,776.0,-1130.0,124.0
2024-11-21,918.0,-1011.0,-364.0
2024-11-22,955.0,-762.0,-82.0
2024-11-25,1706.0,-121.0,861.0
2024-11-26,857.0,-857.0,-190.0
2024-11-27,1189.0,-807.0,75.0
2024-11-29,1250.0,-119.0,-58.0
2024-12-02,574.0,-649.0,237.0
2024-12-03,655.0,-765.0,-81.0
2024-12-04,565.0,-715.0,115.0
2024-12-05,569.0,-1007.0,-669.0
2024-12-06,1145.0,-731.0,-118.0
2024-12-09,830.0,-423.0,-301.0
2024-12-10,561.0,-795.0,-101.0
2024-12-11,1194.0,-919.0,-200.0
2024-12-12,760.0,-807.0,-132.0
2024-12-13,414.0,-995.0,22.0
2024-12-16,526.0,-529.0,14.0
2024-12-17,548.0,-1434.0,-321.0
2024-12-18,623.0,-755.0,-94.0
2024-12-19,980.0,-1771.0,-788.0
2024-12-20,967.0,-1238.0,459.0
2024-12-23,520.0,-811.0,426.0
2024-12-24,925.0,-818.0,261.0
2024-12-26,448.0,-1202.0,-174.0
2024-12-27,788.0,-1457.0,-816.0
2024-12-30,513.0,-1418.0,-212.0
2024-12-31,1221.0,-1048.0,40.0
2025-01-02,1659.0,-474.0,47.0
2025-01-03,1210.0,-1230.0,632.0
2025-01-06,730.0,-671.0,351.0
2025-01-07,813.0,-1111.0,-81.0
2025-01-08,826.0,-1279.0,-450.0
2025-01-09,995.0,-1256.0,-105.0
2025-01-10,526.0,-1462.0,-12.0
2025-01-13,531.0,-1037.0,-621.0
2025-01-14,1232.0,-1066.0,280.0
2025-01-15,1954.0,-1097.0,296.0
2025-01-16,973.0,-779.0,239.0
2025-01-17,1375.0,-777.0,423.0
2025-01-21,1588.0,-202.0,401.0
2025-01-22,754.0,-539.0,-247.0
2025-01-23,550.0,-738.0,-234.0
2025-01-24,713.0,-637.0,245.0
2025-01-27,444.0,-471.0,-18.0
2025-01-28,829.0,-798.0,44.0
2025-01-29,689.0,-985.0,-108.0
2025-01-30,1622.0,-1175.0,-434.0
2025-01-31,887.0,-1344.0,246.0
2025-02-03,1312.0,-1551.0,827.0
2025-02-04,1057.0,-1127.0,45.0
2025-02-05,1185.0,-721.0,164.0
2025-02-06,1210.0,-407.0,-128.0
2025-02-07,890.0,-1167.0,-163.0
2025-02-10,1276.0,-206.0,360.0
2025-02-11,660.0,-1092.0,191.0
2025-02-12,864.0,-1877.0,-370.0
2025-02-13,1240.0,-848.0,126.0
2025-02-14,1363.0,-754.0,-440.0
2025-02-18,509.0,-327.0,301.0
2025-02-19,650.0,-930.0,-219.0
2025-02-20,1043.0,-710.0,-121.0
2025-02-21,1067.0,-608.0,-502.0
2025-02-24,793.0,-581.0,-553.0
2025-02-25,900.0,-955.0,-422.0
2025-02-26,1177.0,-950.0,-26.0
2025-02-27,966.0,-1049.0,-5.0
2025-02-28,870.0,-1229.0,214.0
2025-03-03,937.0,-1031.0,310.0
2025-03-04,1003.0,-1438.0,-76.0
2025-03-05,1285.0,-1342.0,-234.0
2025-03-06,1136.0,-1384.0,269.0
2025-03-07,1148.0,-1323.0,-156.0
2025-03-10,606.0,-1050.0,-33.0
2025-03-11,1095.0,-1299.0,-580.0
2025-03-12,1162.0,-1131.0,190.0
2025-03-13,1065.0,-1057.0,-317.0
2025-03-14,1383.0,-1102.0,228.0
2025-03-17,707.0,-573.0,-242.0
2025-03-18,970.0,-1079.0,-714.0
2025-03-19,1046.0,-1012.0,-151.0
2025-03-20,1290.0,-1173.0,6.0
2025-03-21,818.0,-1385.0,-407.0
2025-03-24,1683.0,-370.0,10.0
2025-03-25,892.0,-955.0,16.0
2025-03-26,659.0,-1204.0,-784.0
2025-03-27,643.0,-1155.0,-740.0
2025-03-28,866.0,-1170.0,-64.0
2025-03-31,665.0,-1242.0,-382.0
2025-04-01,1217.0,-1095.0,-195.0
2025-04-02,1066.0,-1401.0,279.0
2025-04-03,1033.0,-1497.0,-84.0
2025-04-04,991.0,-1779.0,-981.0
2025-04-07,1372.0,-1904.0,-765.0
2025-04-08,1876.0,-1422.0,-780.0
2025-04-09,1105.0,-1641.0,-594.0
2025-04-10,1684.0,-1764.0,-1071.0
2025-04-11,1236.0,-1772.0,-10.0
2025-04-14,1970.0,-1005.0,-590.0
2025-04-15,1174.0,-1287.0,-484.0
2025-04-16,1235.0,-1149.0,580.0
2025-04-17,1220.0,-1310.0,-191.0
2025-04-21,475.0,-1443.0,-507.0
2025-04-22,1908.0,-1291.0,-87.0
2025-04-23,1905.0,-1272.0,-257.0
2025-04-24,1097.0,-1196.0,-187.0
2025-04-25,1038.0,-970.0,-400.0
2025-04-28,731.0,-1072.0,-806.0
2025-04-29,968.0,-1076.0,470.0
2025-04-30,1019.0,-1375.0,124.0
2025-05-01,1182.0,-995.0,-165.0
2025-05-02,1671.0,-1283.0,-419.0
2025-05-05,780.0,-1176.0,-18.0
2025-05-06,681.0,-1198.0,262.0
2025-05-07,1116.0,-1017.0,358.0
2025-05-08,1496.0,-1264.0,-66.0
2025-05-09,1180.0,-1101.0,185.0
2025-05-12,1603.0,-735.0,-3.0
2025-05-13,969.0,-782.0,82.0
2025-05-14,876.0,-1173.0,356.0
2025-05-15,887.0,-1021.0,44.0
2025-05-16,807.0,-728.0,52.0
2025-05-19,527.0,-1682.0,-262.0
2025-05-20,858.0,-674.0,100.0
2025-05-21,722.0,-1475.0,-359.0
2025-05-22,802.0,-1698.0,-620.0
2025-05-23,1011.0,-1472.0,127.0
2025-05-27,1876.0,-261.0,549.0
2025-05-28,1167.0,-745.0,-617.0
2025-05-29,1310.0,-1393.0,334.0
2025-05-30,1036.0,-1246.0,202.0
2025-06-02,835.0,-981.0,-445.0
2025-06-03,1052.0,-844.0,77.0
2025-06-04,783.0,-965.0,-164.0
2025-06-05,955.0,-924.0,490.0
2025-06-06,1398.0,-1410.0,196.0
2025-06-09,955.0,-571.0,-76.0
2025-06-10,1186.0,-832.0,233.0
2025-06-11,1248.0,-1077.0,20.0
2025-06-12,845.0,-1329.0,234.0
2025-06-13,997.0,-1330.0,114.0
2025-06-16,1458.0,-639.0,-305.0
2025-06-17,634.0,-1118.0,-534.0
2025-06-18,742.0,-1138.0,115.0
2025-06-20,1265.0,-906.0,-466.0
2025-06-23,694.0,-531.0,-437.0
2025-06-24,1303.0,-1316.0,192.0
2025-06-25,838.0,-647.0,183.0
2025-06-26,1304.0,-1057.0,-152.0
2025-06-27,890.0,-541.0,-129.0
2025-06-30,767.0,-565.0,132.0
2025-07-01,942.0,-1255.0,407.0
2025-07-02,1142.0,-921.0,126.0
2025-07-03,899.0,-629.0,219.0
2025-07-07,297.0,-1123.0,-361.0
2025-07-08,763.0,-1519.0,-391.0
2025-07-09,1140.0,-857.0,340.0
2025-07-10,827.0,-618.0,53.0
2025-07-11,759.0,-1257.0,-177.0
2025-07-14,641.0,-950.0,495.0
2025-07-15,760.0,-993.0,-237.0
2025-07-16,1060.0,-1329.0,7.0
2025-07-17,1090.0,-1356.0,351.0
2025-07-18,1342.0,-1001.0,194.0
2025-07-21,1269.0,-311.0,246.0
2025-07-22,731.0,-1259.0,-100.0
2025-07-23,1049.0,-705.0,-156.0
2025-07-24,1020.0,-1048.0,12.0
2025-07-25,750.0,-860.0,0.0
2025-07-28,554.0,-829.0,-149.0
2025-07-29,921.0,-992.0,-416.0
2025-07-30,892.0,-854.0,-174.0
2025-07-31,1033.0,-1344.0,-70.0
2025-08-01,857.0,-1211.0,-128.0
2025-08-04,1220.0,-470.0,-108.0
2025-08-05,1015.0,-779.0,36.0
2025-08-06,1032.0,-1016.0,383.0
2025-08-07,1308.0,-803.0,-342.0
2025-08-08,974.0,-1150.0,-34.0
2025-08-11,658.0,-645.0,123.0
2025-08-12,1130.0,-1048.0,131.0
2025-08-13,1262.0,-481.0,326.0
2025-08-14,846.0,-1343.0,-359.0
2025-08-15,1057.0,-931.0,-270.0
2025-08-18,546.0,-652.0,-254.0
2025-08-19,786.0,-798.0,-37.0
2025-08-20,736.0,-984.0,64.0
2025-08-21,803.0,-1164.0,154.0
2025-08-22,1501.0,-1062.0,243.0
2025-08-25,319.0,-570.0,146.0
2025-08-26,671.0,-853.0,-275.0
2025-08-27,689.0,-780.0,284.0
2025-08-28,1037.0,-712.0,31.0
2025-08-29,1012.0,-840.0,-205.0
2025-09-02,774.0,-1648.0,-213.0
2025-09-03,1039.0,-927.0,-219.0
2025-09-04,1034.0,-852.0,241.0
2025-09-05,1311.0,-872.0,600.0
2025-09-08,991.0,-386.0,402.0
2025-09-09,932.0,-834.0,206.0
2025-09-10,797.0,-730.0,-13.0
2025-09-11,1040.0,-820.0,100.0
2025-09-12,948.0,-873.0,-303.0
2025-09-15,1139.0,-521.0,-429.0
2025-09-16,785.0,-1053.0,-256.0
2025-09-17,949.0,-711.0,-436.0
2025-09-18,1270.0,-1488.0,96.0
2025-09-19,868.0,-831.0,-581.0
2025-09-22,821.0,-704.0,-73.0
2025-09-23,789.0,-638.0,-305.0
2025-09-24,918.0,-1028.0,-349.0
2025-09-25,745.0,-1032.0,-445.0
2025-09-26,862.0,-1248.0,564.0
2025-09-29,1126.0,-485.0,-91.0
2025-09-30,673.0,-1025.0,-11.0
2025-10-01,868.0,-897.0,190.0
2025-10-02,921.0,-862.0,-349.0
2025-10-03,875.0,-733.0,-130.0
2025-10-06,694.0,-657.0,21.0
2025-10-07,543.0,-697.0,-178.0
2025-10-08,1031.0,-893.0,162.0
2025-10-09,630.0,-963.0,-577.0
2025-10-10,853.0,-1384.0,-619.0
2025-10-13,1374.0,-650.0,60.0
2025-10-14,665.0,-1362.0,-347.0
2025-10-15,1281.0,-1470.0,-204.0
2025-10-16,898.0,-1159.0,-383.0
2025-10-17,931.0,-1331.0,115.0
2025-10-20,1629.0,-520.0,-112.0
2025-10-21,795.0,-650.0,-12.0
2025-10-22,609.0,-871.0,-145.0
2025-10-23,903.0,-1554.0,351.0
2025-10-24,1612.0,-803.0,28.0
2025-10-27,1174.0,-516.0,240.0
2025-10-28,643.0,-741.0,-208.0
2025-10-29,1035.0,-690.0,-145.0
2025-10-30,754.0,-1354.0,-404.0
2025-10-31,501.0,-1098.0,-213.0
2025-11-03,383.0,-895.0,-789.0
2025-11-04,658.0,-1336.0,10.0
2025-11-05,743.0,-1105.0,98.0
2025-11-06,896.0,-571.0,-194.0
2025-11-07,741.0,-971.0,-15.0
2025-11-10,1057.0,-261.0,-21.0
2025-11-11,747.0,-565.0,320.0
2025-11-12,727.0,-591.0,-341.0
2025-11-13,597.0,-789.0,-351.0
2025-11-14,702.0,-1169.0,-13.0
2025-11-17,410.0,-665.0,118.0
2025-11-18,765.0,-1379.0,-513.0
2025-11-19,1040.0,-1080.0,-266.0
2025-11-20,1575.0,-1271.0,124.0
2025-11-21,1064.0,-1575.0,-214.0
2025-11-24,820.0,-487.0,376.0
2025-11-25,1031.0,-794.0,509.0
2025-11-26,831.0,-613.0,20.0
2025-11-28,665.0,-177.0,282.0
2025-12-01,368.0,-1257.0,-398.0
2025-12-02,824.0,-1151.0,-489.0
2025-12-03,876.0,-979.0,-6.0
2025-12-04,745.0,-654.0,301.0
2025-12-05,686.0,-1162.0,365.0
2025-12-08,325.0,-570.0,-252.0
2025-12-09,632.0,-910.0,73.0
2025-12-10,612.0,-781.0,-167.0
2025-12-11,1246.0,-1061.0,250.0
2025-12-12,782.0,-826.0,-474.0
2025-12-15,1302.0,-797.0,-306.0
2025-12-16,820.0,-1073.0,4.0
2025-12-17,915.0,-995.0,-269.0
2025-12-18,1213.0,-1098.0,491.0
2025-12-19,1048.0,-986.0,61.0
2025-12-22,571.0,-262.0,119.0
2025-12-23,605.0,-772.0,-97.0
2025-12-24,626.0,-642.0,402.0
2025-12-26,379.0,-296.0,124.0
2025-12-29,242.0,-482.0,-222.0
2025-12-30,491.0,-727.0,-116.0
2025-12-31,655.0,-829.0,-85.0
2026-01-02,799.0,-553.0,151.0
2026-01-05,839.0,-221.0,599.0
2026-01-06,665.0,-655.0,32.0
2026-01-07,712.0,-514.0,-197.0
2026-01-08,750.0,-838.0,-83.0
2026-01-09,860.0,-631.0,374.0
2026-01-12,527.0,-705.0,217.0
2026-01-13,734.0,-558.0,252.0
2026-01-14,923.0,-700.0,-356.0
2026-01-15,821.0,-846.0,320.0
2026-01-16,669.0,-838.0,-176.0
2026-01-20,566.0,-1726.0,142.0
2026-01-21,1375.0,-1107.0,410.0
2026-01-22,1381.0,-1035.0,383.0
2026-01-23,733.0,-813.0,46.0
2026-01-26,779.0,-446.0,-446.0
2026-01-27,632.0,-616.0,-292.0
2026-01-28,560.0,-780.0,-71.0
2026-01-29,1016.0,-1250.0,-543.0
2026-01-30,887.0,-1030.0,-654.0
2026-02-02,583.0,-600.0,25.0
2026-02-03,786.0,-813.0,205.0
2026-02-04,884.0,-1209.0,-116.0
2026-02-05,789.0,-1358.0,-441.0
2026-02-06,1266.0,-810.0,148.0
2026-02-09,490.0,-540.0,310.0
2026-02-10,726.0,-929.0,259.0
2026-02-11,788.0,-713.0,-131.0
2026-02-12,963.0,-654.0,84.0
2026-02-13,885.0,-1185.0,525.0
2026-02-17,544.0,-926.0,-116.0
2026-02-18,951.0,-968.0,386.0
2026-02-19,573.0,-1143.0,-340.0
2026-02-20,1090.0,-1080.0,-36.0
2026-02-23,55.0,-842.0,18.0
2026-02-24,654.0,-865.0,406.0
2026-02-25,909.0,-709.0,1.0
2026-02-26,847.0,-721.0,40.0
2026-02-27,868.0,-833.0,95.0
2026-03-02,537.0,-1159.0,9.0
2026-03-03,997.0,-1663.0,-307.0
2026-03-04,977.0,-817.0,191.0
2026-03-05,721.0,-1207.0,-27.0
2026-03-06,857.0,-1505.0,133.0
2026-03-09,540.0,-1409.0,174.0
2026-03-10,1406.0,-730.0,513.0
2026-03-11,1076.0,-1274.0,-759.0
2026-03-12,911.0,-1352.0,-355.0
2026-03-13,1143.0,-1144.0,-515.0
2026-03-16,1521.0,-635.0,183.0
2026-03-17,1443.0,-1079.0,-154.0
2026-03-18,723.0,-1026.0,-265.0
2026-03-19,923.0,-1518.0,18.0
2026-03-20,1398.0,-1146.0,-456.0
2026-03-23,1340.0,-445.0,-339.0
2026-03-24,1243.0,-1428.0,277.0
2026-03-25,1523.0,-1339.0,852.0
2026-03-26,1033.0,-1386.0,-470.0
2026-03-27,831.0,-1269.0,237.0
2026-03-30,1517.0,-521.0,-103.0
2026-03-31,1646.0,-1140.0,-89.0
2026-04-01,1522.0,-770.0,132.0
2026-04-02,1316.0,-1391.0,442.0
2026-04-06,903.0,-713.0,53.0
2026-04-07,977.0,-1155.0,293.0
2026-04-08,1380.0,-1108.0,-24.0
2026-04-09,933.0,-1054.0,207.0
2026-04-10,1271.0,-982.0,-164.0
2026-04-13,511.0,-902.0,-10.0
2026-04-14,956.0,-401.0,405.0
2026-04-15,920.0,-788.0,318.0
2026-04-16,743.0,-713.0,-417.0
2026-04-17,1264.0,-933.0,222.0
2026-04-20,572.0,-865.0,188.0
2026-04-21,612.0,-1044.0,-369.0
2026-04-22,1170.0,-1332.0,322.0
2026-04-23,619.0,-728.0,141.0
2026-04-24,858.0,-1261.0,10.0
2026-04-27,642.0,-519.0,-264.0
2026-04-28,488.0,-676.0,-151.0
2026-04-29,439.0,-626.0,6.0
2026-04-30,685.0,-1066.0,314.0
2026-05-01,746.0,-413.0,167.0
2026-05-04,428.0,-1037.0,-457.0
2026-05-05,832.0,-1438.0,232.0
2026-05-06,946.0,-699.0,-93.0
2026-05-07,690.0,-532.0,-49.0
2026-05-08,763.0,-894.0,181.0
2026-05-11,404.0,-533.0,-168.0
2026-05-12,641.0,-851.0,70.0
2026-05-13,581.0,-741.0,-164.0
2026-05-14,817.0,-488.0,-86.0
2026-05-15,664.0,-1007.0,-392.0
2026-05-18,665.0,-999.0,-308.0
2026-05-19,937.0,-1160.0,-77.0
2026-05-20,1068.0,-863.0,-273.0
2026-05-21,740.0,-920.0,-134.0
2026-05-22,1005.0,-1135.0,418.0
2026-05-26,849.0,-575.0,-117.0
2026-05-27,539.0,-614.0,-57.0
2026-05-28,891.0,-730.0,159.0
2026-05-29,565.0,-536.0,-9.0
2026-06-01,444.0,-656.0,-76.0
2026-06-02,819.0,-558.0,-186.0
2026-06-03,440.0,-921.0,-190.0
2026-06-04,532.0,-739.0,79.0
2026-06-05,583.0,-702.0,-400.0
2026-06-08,644.0,-572.0,-564.0
2026-06-09,676.0,-1183.0,-971.0
2026-06-10,900.0,-1020.0,43.0
2026-06-11,729.0,-1104.0,-181.0
2026-06-12,1069.0,-879.0,250.0
2026-06-15,780.0,-560.0,251.0
2026-06-16,655.0,-545.0,-13.0
2026-06-17,514.0,-782.0,411.0
2026-06-18,921.0,-1385.0,-304.0
2026-06-22,434.0,-545.0,-182.0
2026-06-23,523.0,-754.0,-316.0
2026-06-24,712.0,-725.0,228.0
2026-06-25,814.0,-1113.0,-32.0
2026-06-26,781.0,-973.0,544.0
2026-06-29,620.0,-442.0,262.0
2026-06-30,667.0,-575.0,-61.0
2026-07-01,618.0,-634.0,270.0
2026-07-02,865.0,-972.0,-257.0
2026-07-06,680.0,-314.0,110.0
2026-07-07,639.0,-643.0,113.0
2026-07-08,650.0,-784.0,-336.0
2026-07-09,905.0,-656.0,25.0
2026-07-10,726.0,-924.0,-185.0
2026-07-13,552.0,-879.0,51.0
2026-07-14,841.0,-943.0,183.0
2026-07-15,709.0,-620.0,8.0
2026-07-16,692.0,-790.0,-7.0
2026-07-17,618.0,-803.0,42.0
2026-07-20,477.0,-835.0,83.0
2026-07-21,652.0,-1000.0,164.0
2026-07-22,419.0,-694.0,-78.0
2026-07-23,404.0,-1101.0,-728.0
2026-07-24,809.0,-1002.0,345.0
2026-07-27,967.0,-477.0,52.0
2026-07-28,833.0,-777.0,405.0
2026-07-29,529.0,-780.0,-46.0
2026-07-30,1062.0,-1188.0,10.0
2026-07-31,749.0,-764.0,-163.0
2026-08-03,688.0,-312.0,42.0
2026-08-04,658.0,-456.0,0.0
2026-08-05,634.0,-868.0,-184.0
2026-08-06,431.0,-581.0,-192.0
2026-08-07,517.0,-702.0,-38.0
2026-08-10,552.0,-492.0,75.0
2026-08-11,551.0,-702.0,-166.0
2026-08-12,484.0,-829.0,480.0
2026-08-13,886.0,-544.0,-438.0
2026-08-14,579.0,-452.0,-32.0
2026-08-17,338.0,-584.0,-85.0
2026-08-18,329.0,-789.0,-197.0
2026-08-19,1264.0,-616.0,154.0
2026-08-20,687.0,-996.0,25.0
2026-08-21,943.0,-648.0,121.0
